user_id,manga_id,rating
171747,44236,85
171747,51525,85
171747,72451,85
171747,77977,85
171747,82043,85
171747,85309,85
171747,85829,85
171747,85956,85
171747,87151,85
171747,87216,85
171747,95862,85
171747,97212,85
171747,99128,85
171747,99145,85
171747,99617,85
171747,99650,85
171747,101233,85
171747,101640,85
171747,105332,85
171747,107468,85
171747,107980,85
171747,108556,85
171747,109252,85
171747,109271,85
171747,109436,85
171747,109900,85
171747,123538,85
7421660,87423,80
7421660,103854,100
7421660,105398,80
7421660,107521,100
7421660,107918,100
7421660,108556,100
7421660,109219,80
7421660,111047,40
7421660,111103,80
7421660,115000,100
7421660,116170,100
7421660,116382,80
7421660,116600,60
7421660,118408,100
7421660,120222,60
7421660,120440,80
7421660,122177,100
7421660,125485,60
7421660,128435,60
7421660,132165,100
7421660,134671,80
7421660,136874,80
7421660,141199,80
7421660,141579,80
7421660,142372,80
7421660,143137,60
7421660,145551,80
7421660,146364,60
7421660,146498,80
7421660,147586,80
7421660,152427,40
7421660,156560,60
7421660,164599,100
7421660,167343,80
7421660,168355,60
7421660,186610,100
130793,42161,49
130793,57317,83
130793,72231,77
130793,72363,83
130793,72451,90
130793,74155,82
130793,80767,80
130793,81245,83
130793,85155,83
130793,85230,82
130793,85265,82
130793,85310,83
130793,85370,85
130793,85377,85
130793,85442,78
130793,85446,68
130793,85451,85
130793,85453,72
130793,85467,82
130793,85564,82
130793,85704,40
130793,85843,90
130793,85869,85
130793,85890,60
130793,86241,71
130793,86276,69
130793,86300,90
130793,86338,70
130793,86399,90
130793,86432,81
130793,86511,83
130793,86558,82
130793,86626,82
130793,86665,81
130793,86707,78
130793,86765,82
130793,86969,75
130793,87028,75
130793,87160,85
130793,87213,90
130793,87220,85
130793,87225,85
130793,87234,82
130793,87293,90
130793,87315,73
130793,87375,82
130793,87409,83
130793,87415,82
130793,87466,78
130793,87471,78
130793,95054,83
130793,95098,72
130793,95392,50
130793,95862,50
130793,95917,82
130793,95960,76
130793,96344,80
130793,96834,82
130793,97038,82
130793,97150,77
130793,97153,90
130793,97277,90
130793,97396,81
130793,97770,72
130793,97827,82
130793,97852,87
130793,97884,85
130793,97925,80
130793,98014,90
130793,98043,85
130793,98074,82
130793,98087,78
130793,98112,85
130793,98118,79
130793,98140,84
130793,98171,80
130793,98175,85
130793,98201,82
130793,98347,83
130793,98382,78
130793,98543,80
130793,98564,85
130793,98608,83
130793,98786,78
130793,98800,83
130793,98801,83
130793,98822,82
130793,98900,75
130793,98982,77
130793,98996,82
130793,99024,75
130793,99323,82
130793,99340,83
130793,99351,82
130793,99354,82
130793,99410,40
130793,99461,40
130793,99462,85
130793,99465,82
130793,99482,83
130793,99544,80
130793,99549,90
130793,99571,83
130793,99602,83
130793,99759,83
130793,99763,83
130793,99775,82
130793,99776,83
130793,99851,82
130793,99860,84
130793,99895,78
130793,99933,59
130793,99943,70
130793,100105,40
130793,100114,82
130793,100143,82
130793,100192,83
130793,100193,82
130793,100207,82
130793,100209,90
130793,100214,78
130793,100230,85
130793,100309,81
130793,100319,85
130793,100343,59
130793,100456,68
130793,100476,58
130793,100540,82
130793,100560,50
130793,100634,90
130793,100636,50
130793,100732,51
130793,100826,80
130793,100827,79
130793,100835,58
130793,100843,90
130793,100962,85
130793,101114,70
130793,101129,75
130793,101152,40
130793,101159,82
130793,101177,85
130793,101233,82
130793,101238,85
130793,101242,78
130793,101259,82
130793,101294,70
130793,101315,80
130793,101407,69
130793,101408,78
130793,101418,50
130793,101428,79
130793,101434,80
130793,101473,82
130793,101503,80
130793,101513,76
130793,101516,85
130793,101566,73
130793,101568,83
130793,101583,82
130793,101584,82
130793,101591,82
130793,101604,83
130793,101626,83
130793,101668,75
130793,101679,83
130793,101721,80
130793,101722,80
130793,101724,85
130793,101730,85
130793,101734,82
130793,101735,82
130793,101739,83
130793,101754,82
130793,101758,78
130793,101793,82
130793,101808,73
130793,101828,85
130793,101848,84
130793,101850,30
130793,101870,80
130793,101891,80
130793,101898,83
130793,101940,60
130793,101951,82
130793,102150,82
130793,102154,80
130793,102189,83
130793,102205,75
130793,102216,77
130793,102476,83
130793,102541,82
130793,102732,83
130793,102799,62
130793,102837,82
130793,102861,90
130793,102961,76
130793,103034,70
130793,103084,82
130793,103156,84
130793,103203,73
130793,103204,82
130793,103214,85
130793,103215,78
130793,103227,82
130793,103238,90
130793,103294,83
130793,103308,82
130793,103554,82
130793,103570,78
130793,103582,76
130793,103609,85
130793,103621,83
130793,103636,81
130793,103655,70
130793,103736,82
130793,103737,82
130793,103738,82
130793,103798,83
130793,103814,72
130793,103840,83
130793,103850,75
130793,103859,77
130793,103875,83
130793,103894,90
130793,103908,49
130793,104221,85
130793,104263,78
130793,104271,73
130793,104282,80
130793,104316,90
130793,104494,78
130793,104503,73
130793,104667,80
130793,104676,82
130793,104686,84
130793,104701,85
130793,104730,74
130793,104757,80
130793,104822,82
130793,104864,82
130793,104977,82
130793,104999,83
130793,105004,83
130793,105040,83
130793,105089,90
130793,105125,78
130793,105279,82
130793,105393,76
130793,105395,82
130793,105398,80
130793,105429,62
130793,105431,82
130793,105462,39
130793,105531,75
130793,105648,83
130793,105651,74
130793,105656,83
130793,105674,69
130793,105716,82
130793,105717,80
130793,105724,82
130793,105877,67
130793,106029,86
130793,106039,82
130793,106064,82
130793,106070,82
130793,106132,82
130793,106144,85
130793,106233,70
130793,106235,54
130793,106301,72
130793,106434,86
130793,106454,85
130793,106460,78
130793,106473,85
130793,106601,85
130793,106670,72
130793,106677,67
130793,106688,83
130793,106757,82
130793,106758,82
130793,106760,82
130793,106770,85
130793,106777,75
130793,106805,60
130793,106820,82
130793,106831,83
130793,106929,90
130793,106963,78
130793,107096,83
130793,107120,85
130793,107282,85
130793,107305,77
130793,107349,82
130793,107521,83
130793,107540,82
130793,107559,83
130793,107603,83
130793,107745,78
130793,107763,85
130793,107780,48
130793,107787,77
130793,107856,70
130793,107966,80
130793,107976,83
130793,107978,80
130793,107980,82
130793,108050,90
130793,108089,82
130793,108152,50
130793,108164,82
130793,108251,83
130793,108257,78
130793,108258,85
130793,108292,82
130793,108310,77
130793,108324,78
130793,108347,76
130793,108349,83
130793,108371,82
130793,108420,65
130793,108422,85
130793,108432,76
130793,108441,71
130793,108498,62
130793,108556,83
130793,108601,47
130793,108689,82
130793,108701,82
130793,108799,68
130793,108801,82
130793,108834,83
130793,108866,82
130793,108924,80
130793,108957,76
130793,108984,63
130793,109072,82
130793,109083,83
130793,109111,83
130793,109122,75
130793,109140,78
130793,109170,82
130793,109231,85
130793,109235,83
130793,109241,78
130793,109399,85
130793,109436,84
130793,109497,77
130793,109501,83
130793,109672,81
130793,109728,90
130793,109779,83
130793,109790,82
130793,109849,82
130793,109898,83
130793,109900,82
130793,109985,56
130793,110042,90
130793,110075,82
130793,110078,81
130793,110128,50
130793,110204,84
130793,110374,60
130793,110375,87
130793,110418,90
130793,110462,84
130793,110483,83
130793,110577,78
130793,110710,85
130793,110731,82
130793,110744,60
130793,110754,77
130793,110759,73
130793,110760,78
130793,110785,82
130793,110804,85
130793,110806,85
130793,110817,83
130793,110872,82
130793,110884,40
130793,110905,68
130793,110918,82
130793,110941,83
130793,111003,66
130793,111036,83
130793,111083,83
130793,111089,82
130793,111101,85
130793,111103,82
130793,111154,82
130793,111198,85
130793,111239,83
130793,111298,82
130793,111361,85
130793,111366,83
130793,111403,85
130793,111404,80
130793,111411,80
130793,111477,83
130793,111540,66
130793,111701,82
130793,111735,82
130793,111764,85
130793,111846,64
130793,112147,83
130793,112168,60
130793,112241,80
130793,112304,76
130793,112319,78
130793,112328,68
130793,112481,85
130793,112520,83
130793,112536,80
130793,112594,56
130793,112786,62
130793,112832,79
130793,113005,80
130793,113061,78
130793,113073,48
130793,113076,82
130793,113155,82
130793,113164,78
130793,113171,82
130793,113224,76
130793,113396,82
130793,113485,73
130793,113488,60
130793,113501,85
130793,113632,50
130793,113633,78
130793,113636,85
130793,113666,40
130793,113984,85
130793,113987,83
130793,114164,85
130793,114383,84
130793,114416,71
130793,114438,76
130793,114526,85
130793,114563,83
130793,114595,75
130793,114605,75
130793,114627,78
130793,114903,82
130793,114960,70
130793,115037,80
130793,115042,61
130793,115150,80
130793,115240,63
130793,115455,83
130793,116027,78
130793,116062,70
130793,116071,80
130793,116175,77
130793,116180,82
130793,116201,80
130793,116239,80
130793,116353,74
130793,116361,73
130793,116363,82
130793,116365,78
130793,116382,85
130793,116383,62
130793,116386,83
130793,116451,82
130793,116621,82
130793,116675,50
130793,116693,70
130793,116722,82
130793,116809,82
130793,116833,74
130793,117062,74
130793,117068,78
130793,117271,80
130793,117273,78
130793,117322,74
130793,117460,78
130793,117733,76
130793,117919,82
130793,118210,82
130793,118267,90
130793,118368,78
130793,118437,85
130793,118519,100
130793,118534,83
130793,118666,61
130793,118695,50
130793,118754,77
130793,118850,82
130793,118940,72
130793,119009,76
130793,119143,60
130793,119174,87
130793,119194,84
130793,119257,87
130793,119276,83
130793,119440,72
130793,119511,78
130793,119733,83
130793,120336,83
130793,120357,70
130793,120420,78
130793,120640,77
130793,120760,70
130793,120854,82
130793,120907,48
130793,120980,66
130793,121518,82
130793,121627,76
130793,121991,50
130793,122110,80
130793,122192,73
130793,122337,78
130793,122706,85
130793,122969,73
130793,123010,72
130793,123164,82
130793,123372,76
130793,123573,75
130793,123898,74
130793,124025,80
130793,124155,85
130793,124618,50
130793,125036,74
130793,125116,82
130793,125377,50
130793,125379,82
130793,125512,82
130793,125636,70
130793,125816,76
130793,125828,83
130793,126297,82
130793,126372,84
130793,126840,85
130793,127102,83
130793,127336,80
130793,127554,65
130793,127734,82
130793,127778,84
130793,128067,81
130793,128851,82
130793,129579,40
130793,129705,81
130793,129725,50
130793,129941,65
130793,130566,65
130793,130627,73
130793,131041,70
130793,131761,50
130793,132128,70
130793,132457,75
130793,132510,74
130793,132611,82
130793,134369,82
130793,135317,50
130793,135875,53
130793,136331,70
130793,137375,57
130793,137595,60
130793,137714,78
130793,138366,89
130793,139499,90
130793,139572,83
130793,140407,70
130793,140837,70
130793,141316,88
130793,141705,70
130793,141813,34
130793,141956,85
130793,144957,83
130793,145415,82
130793,147943,70
130793,149332,70
130793,150384,40
130793,150600,80
130793,151025,84
130793,153284,84
130793,159445,40
130793,159572,70
130793,162360,30
130793,163448,70
130793,163536,70
130793,163824,80
130793,172166,70
130793,172619,70
130793,175262,80
130793,175502,70
130793,183855,70
130793,184974,70
130793,205193,10
558976,30877,90
558976,34632,80
558976,44127,80
558976,65243,90
558976,87208,100
558976,87216,100
558976,87292,90
558976,87423,96
558976,97764,70
558976,97897,80
558976,98009,94
558976,98334,90
558976,98620,100
558976,100805,100
558976,100885,90
558976,100918,90
558976,100954,80
558976,103232,96
558976,103855,70
558976,105778,90
558976,106867,90
558976,111133,87
558976,112579,80
558976,114027,100
558976,124273,70
5606728,30002,100
5606728,30113,70
5606728,30436,80
5606728,30642,90
5606728,34632,90
5606728,47353,70
5606728,47465,90
5606728,54294,100
5606728,62975,70
5606728,66903,100
5606728,74485,70
5606728,80217,90
5606728,85611,100
5606728,86310,70
5606728,86607,70
5606728,86635,90
5606728,87216,70
5606728,97830,70
5606728,98397,80
5606728,98842,70
5606728,100568,100
5606728,100664,70
5606728,101517,70
5606728,101942,70
5606728,105469,70
5606728,105778,80
5606728,107098,90
5606728,111593,50
5606728,112429,50
5606728,112579,70
5606728,116671,70
5606728,126135,90
5606728,127554,50
5606728,129725,70
15042,30011,90
15042,30012,80
15042,30013,90
15042,30025,80
15042,30047,70
15042,30055,80
15042,30149,80
15042,30401,90
15042,30465,70
15042,30583,80
15042,30671,70
15042,30838,100
15042,30908,90
15042,31224,90
15042,31373,90
15042,31400,70
15042,31409,80
15042,31514,30
15042,31745,60
15042,32921,70
15042,33299,90
15042,33378,90
15042,33415,70
15042,33614,90
15042,33731,90
15042,33986,80
15042,34632,90
15042,35427,70
15042,35664,80
15042,35674,70
15042,36164,90
15042,37378,80
15042,37519,80
15042,38204,100
15042,38848,90
15042,39711,80
15042,40010,80
15042,40552,70
15042,40690,60
15042,41606,60
15042,42601,40
15042,42985,50
15042,43001,70
15042,43492,90
15042,43723,90
15042,43748,60
15042,44440,90
15042,44664,70
15042,44790,80
15042,45313,50
15042,45317,50
15042,45355,70
15042,45553,60
15042,46608,40
15042,46709,80
15042,47169,60
15042,47192,50
15042,47353,90
15042,47368,60
15042,48019,60
15042,49087,90
15042,49555,40
15042,51339,70
15042,51614,70
15042,52044,70
15042,52519,60
15042,53390,90
15042,53661,70
15042,53868,60
15042,54858,70
15042,54990,60
15042,55538,70
15042,55547,50
15042,56644,60
15042,59513,40
15042,59879,60
15042,61215,50
15042,61499,80
15042,62471,50
15042,62779,70
15042,63327,90
15042,64345,60
15042,64961,30
15042,65159,50
15042,65243,90
15042,66277,80
15042,67013,60
15042,67163,70
15042,67707,95
15042,68111,70
15042,68157,60
15042,69237,40
15042,69627,50
15042,69839,50
15042,71769,70
15042,72451,80
15042,73545,60
15042,74267,70
15042,74489,90
15042,75721,60
15042,75773,70
15042,75996,50
15042,76818,60
15042,76936,50
15042,77457,50
15042,77487,50
15042,77567,50
15042,78285,40
15042,78347,80
15042,80187,50
15042,80217,80
15042,84325,60
15042,85135,70
15042,85143,90
15042,85161,80
15042,85194,60
15042,85213,60
15042,85417,80
15042,85435,90
15042,85486,80
15042,85506,50
15042,85522,60
15042,85564,80
15042,85611,90
15042,86011,40
15042,86158,95
15042,86171,60
15042,86217,70
15042,86310,80
15042,86399,95
15042,86434,40
15042,86511,70
15042,86621,60
15042,87066,50
15042,87220,60
15042,87261,40
15042,88559,70
15042,88577,50
15042,91144,70
15042,92454,70
15042,96394,60
15042,97599,70
15042,97684,50
15042,98087,65
15042,98156,55
15042,98587,90
15042,99219,65
15042,99631,40
15042,100323,60
15042,101855,40
15042,102120,60
15042,105398,85
15042,106757,55
15042,113535,65
15042,118706,50
15042,125975,60
15042,141756,90
206491,30671,80
206491,31121,80
206491,31282,90
206491,31745,90
206491,32572,90
206491,33048,60
206491,33884,70
206491,35994,80
206491,36320,70
206491,36758,50
206491,39134,60
206491,44923,60
206491,45553,60
206491,47169,70
206491,48939,80
206491,49896,80
206491,51111,100
206491,51151,70
206491,51732,70
206491,52046,90
206491,52519,80
206491,54275,80
206491,55338,60
206491,55679,50
206491,56612,90
206491,57989,70
206491,60859,70
206491,62081,70
206491,62097,40
206491,66873,70
206491,67631,70
206491,68157,70
206491,71301,70
206491,72451,100
206491,74155,80
206491,74569,60
206491,74883,60
206491,76836,50
206491,78881,90
206491,79967,70
206491,81309,100
206491,81567,70
206491,81755,80
206491,85183,80
206491,85258,60
206491,85262,80
206491,85310,70
206491,85467,80
206491,85529,100
206491,85634,70
206491,85703,70
206491,85736,80
206491,85777,70
206491,85814,90
206491,85849,90
206491,85886,70
206491,85887,90
206491,85890,70
206491,85915,80
206491,85939,80
206491,85940,70
206491,85951,80
206491,85995,60
206491,86218,90
206491,86240,50
206491,86300,100
206491,86432,60
206491,86577,80
206491,86607,80
206491,86669,20
206491,86797,90
206491,86969,60
206491,87029,80
206491,87213,100
206491,87220,100
206491,87315,70
206491,87471,90
206491,89202,80
206491,92205,60
206491,97038,70
206491,97150,70
206491,97207,70
206491,97240,40
206491,97277,40
206491,97305,70
206491,97741,70
206491,97751,70
206491,97836,70
206491,97852,80
206491,97925,30
206491,98112,80
206491,98177,70
206491,98235,100
206491,98382,60
206491,98532,80
206491,98694,80
206491,98801,60
206491,98836,80
206491,98911,100
206491,99238,50
206491,99309,90
206491,99571,40
206491,99573,60
206491,99625,90
206491,99774,70
206491,99931,40
206491,100207,70
206491,100230,80
206491,100234,50
206491,100293,80
206491,100311,60
206491,100456,80
206491,100664,80
206491,100827,70
206491,100843,60
206491,100962,70
206491,101029,60
206491,101185,80
206491,101434,80
206491,101552,60
206491,101578,70
206491,101583,90
206491,101617,50
206491,101618,80
206491,101626,80
206491,101668,90
206491,101754,70
206491,101756,80
206491,101870,80
206491,102023,60
206491,102056,100
206491,102181,70
206491,102271,70
206491,103204,100
206491,103294,80
206491,103570,70
206491,103621,40
206491,103736,90
206491,104140,100
206491,104221,60
206491,104255,70
206491,104287,50
206491,104438,70
206491,104608,50
206491,104689,70
206491,104699,70
206491,104864,90
206491,105004,80
206491,105304,90
206491,105464,80
206491,105577,80
206491,105791,70
206491,105896,80
206491,105997,80
206491,106434,90
206491,106454,70
206491,106757,60
206491,106831,70
206491,106836,60
206491,106890,60
206491,107282,90
206491,107468,60
206491,107649,100
206491,107689,70
206491,107690,70
206491,107700,80
206491,108258,80
206491,108441,50
206491,108841,100
206491,108866,60
206491,108927,60
206491,109140,60
206491,109310,80
206491,109448,60
206491,109582,70
206491,109672,70
206491,109790,90
206491,110048,80
206491,110062,70
206491,110126,70
206491,110205,90
206491,110439,60
206491,110616,70
206491,110724,70
206491,110731,60
206491,110872,60
206491,110918,50
206491,110958,60
206491,111198,60
206491,111233,90
206491,111253,70
206491,111403,90
206491,111404,80
206491,112981,80
206491,113005,80
206491,113375,70
206491,113801,70
206491,115149,80
206491,115356,50
206491,115357,80
206491,115939,70
206491,116266,90
206491,116333,70
206491,116405,40
206491,117207,80
206491,117342,80
206491,117767,40
206491,118647,60
206491,118724,50
206491,119267,50
206491,119493,80
206491,119507,60
206491,119715,60
206491,120034,80
206491,120051,60
206491,120636,70
206491,121703,60
206491,122069,80
206491,122094,60
206491,122180,70
206491,122320,50
206491,123093,70
206491,123236,70
206491,123372,60
206491,123877,50
206491,124729,50
206491,124832,70
206491,125489,60
206491,125512,60
206491,125563,50
206491,125571,90
206491,126361,80
206491,126372,40
206491,126629,80
206491,126933,60
206491,127778,80
206491,128851,40
206491,130048,40
206491,130753,50
206491,130971,50
206491,131822,100
206491,131885,70
206491,131920,40
206491,133664,60
206491,135172,60
206491,135930,100
206491,137429,60
206491,139419,60
206491,139465,70
206491,139999,60
206491,142989,70
206491,145827,60
206491,147997,80
206491,153904,40
206491,154856,50
206491,164163,70
206491,166909,60
206491,175145,40
206491,175752,80
206491,181226,40
6535598,30001,100
6535598,30002,90
6535598,30003,100
6535598,30025,90
6535598,30051,100
6535598,30149,90
6535598,30336,100
6535598,30418,80
6535598,30436,80
6535598,30442,100
6535598,30463,80
6535598,30481,90
6535598,30642,100
6535598,30656,100
6535598,30664,100
6535598,30743,100
6535598,30745,90
6535598,30904,100
6535598,30908,80
6535598,30936,100
6535598,31133,90
6535598,31373,80
6535598,31501,80
6535598,33285,90
6535598,33731,80
6535598,34632,100
6535598,35744,90
6535598,37375,100
6535598,37482,80
6535598,38848,80
6535598,41054,100
6535598,43290,80
6535598,44440,90
6535598,44531,90
6535598,54705,90
6535598,63031,90
6535598,63327,70
6535598,64295,90
6535598,66099,80
6535598,79865,80
6535598,80217,80
6535598,85189,100
6535598,85316,90
6535598,85412,60
6535598,85457,90
6535598,85564,80
6535598,86310,80
6535598,86890,90
6535598,87170,90
6535598,87423,90
6535598,94490,100
6535598,97553,80
6535598,100568,90
6535598,105778,80
6535598,107790,80
6729834,30002,100
6729834,30042,100
6729834,30642,100
6729834,30698,70
6729834,31149,100
6729834,31706,100
6729834,33009,100
6729834,37375,100
6729834,50593,100
6729834,53390,100
6729834,54098,80
6729834,58361,80
6729834,66099,90
6729834,74347,100
6729834,75757,100
6729834,85215,80
6729834,86508,100
6729834,87170,80
6729834,87395,100
6729834,98030,60
6729834,104660,80
6729834,105398,100
6729834,105778,100
6729834,108556,90
6729834,114960,100
6729834,120760,100
6729834,127778,60
6729834,129694,100
6729834,145684,80
6729834,150441,80
168657,30962,30
168657,31016,50
168657,35820,70
168657,41942,70
168657,44975,50
168657,48537,50
168657,55046,90
168657,55297,70
168657,56021,70
168657,56736,90
168657,57425,50
168657,58361,50
168657,60079,30
168657,69505,50
168657,72279,50
168657,72451,50
168657,73789,50
168657,74347,90
168657,75613,10
168657,84343,30
168657,85213,90
168657,85390,90
168657,85911,90
168657,85995,70
168657,87164,10
168657,87348,90
168657,94756,30
168657,95697,90
168657,97553,90
168657,97823,30
168657,98648,50
168657,99536,70
168657,100230,50
168657,100477,30
168657,101561,50
168657,101583,50
168657,101721,10
168657,102018,30
168657,102232,70
168657,102740,50
168657,103046,30
168657,103204,50
168657,104503,30
168657,104780,50
168657,105207,50
168657,105358,50
168657,105768,70
168657,106688,30
168657,106730,30
168657,106973,50
168657,107488,70
168657,108152,30
168657,109026,50
168657,110060,50
168657,110512,50
168657,110515,30
168657,111405,30
168657,111444,70
168657,112269,50
168657,113144,50
168657,116928,50
168657,119733,30
168657,120760,30
168657,122329,70
168657,122706,10
168657,127169,70
168657,127564,90
168657,139065,70
168657,143782,50
168657,146181,70
168657,167103,30
168657,181021,70
280222,30009,50
280222,30010,90
280222,30027,70
280222,30080,70
280222,30084,50
280222,30109,70
280222,30119,70
280222,30133,90
280222,30500,70
280222,30552,70
280222,30745,90
280222,30756,90
280222,31407,70
280222,38157,50
280222,41776,30
280222,46188,70
280222,49463,50
280222,52888,50
280222,62023,50
280222,65673,70
280222,65719,50
280222,69291,70
280222,72203,50
280222,86797,50
280222,87079,70
280222,102989,90
280222,104206,70
280222,104614,90
280222,104915,70
280222,105850,90
280222,108201,70
280222,109697,70
280222,111072,70
280222,111776,90
280222,112288,70
280222,117210,70
5887876,30011,90
5887876,30013,100
5887876,30021,85
5887876,30872,90
5887876,31517,80
5887876,31630,75
5887876,33006,95
5887876,33008,95
5887876,33986,75
5887876,39711,100
5887876,41652,85
5887876,44790,100
5887876,54836,60
5887876,63327,100
5887876,65243,100
5887876,69883,70
5887876,75757,100
5887876,78025,90
5887876,78369,85
5887876,79865,65
5887876,85135,75
5887876,85486,85
5887876,85604,80
5887876,85611,100
5887876,86964,85
5887876,87216,90
5887876,98416,100
5887876,100994,100
5887876,101418,95
5887876,101517,75
5887876,102988,95
5887876,105398,100
5887876,110338,100
5887876,112673,100
5887876,119174,90
5887876,145966,65
7543027,30085,100
7543027,30149,100
7543027,30427,60
7543027,30463,80
7543027,30646,90
7543027,30872,70
7543027,31133,100
7543027,31517,60
7543027,31630,70
7543027,31706,100
7543027,33006,90
7543027,33008,80
7543027,33009,80
7543027,33588,70
7543027,34632,80
7543027,43723,100
7543027,53502,70
7543027,55515,70
7543027,66369,80
7543027,73415,100
7543027,85281,100
7543027,85412,80
7543027,85540,80
7543027,86082,100
7543027,87170,90
7543027,104540,90
7543027,105778,90
7543027,106232,70
7543027,107237,100
7543027,109661,70
7543027,110396,90
7543027,111474,80
7543027,114003,80
7543027,114972,60
7543027,120537,80
7543027,122278,60
7543027,130551,70
7543027,133088,50
7543027,135802,70
7543027,139855,70
7543027,141157,80
7543027,142568,70
7543027,149544,30
7543027,170399,90
7543027,184016,60
7543027,187604,60
272249,30002,100
272249,30011,100
272249,30012,80
272249,30013,100
272249,30021,100
272249,30024,80
272249,30026,80
272249,30047,80
272249,30051,90
272249,30074,80
272249,30136,80
272249,30564,80
272249,30583,100
272249,30598,80
272249,30676,90
272249,30908,80
272249,30988,70
272249,31061,90
272249,31649,85
272249,31706,100
272249,33031,100
272249,33378,80
272249,33438,70
272249,33866,90
272249,33986,80
272249,34632,95
272249,35293,70
272249,35911,70
272249,37375,75
272249,37482,90
272249,37519,70
272249,38848,80
272249,39711,90
272249,43290,90
272249,44790,100
272249,46688,60
272249,46765,100
272249,51525,90
272249,53390,100
272249,54098,80
272249,54294,80
272249,55132,80
272249,55297,80
272249,60315,80
272249,61499,75
272249,63327,100
272249,65719,60
272249,69139,70
272249,72451,85
272249,74485,75
272249,75757,80
272249,75996,80
272249,78025,90
272249,78151,80
272249,85135,80
272249,85226,80
272249,85307,100
272249,85327,60
272249,85486,90
272249,85566,80
272249,85611,100
272249,85747,90
272249,85966,70
272249,86123,90
272249,86136,70
272249,86171,80
272249,86964,90
272249,87170,80
272249,87178,90
272249,87216,80
272249,87423,90
272249,87471,90
272249,96737,70
272249,97713,70
272249,98346,70
272249,98416,85
272249,98674,60
272249,100230,80
272249,100671,60
272249,100991,75
272249,101517,90
272249,105469,90
272249,105778,80
272249,106654,80
272249,106867,90
272249,107279,90
272249,113055,70
272249,118599,65
272249,122823,70
272249,124015,60
272249,126944,65
272249,128894,65
272249,132182,80
272249,167022,65
272249,167794,70
272249,171004,70
272249,171081,70
272249,174358,65
272249,174546,55
272249,198372,60
272249,201249,60
272249,201753,65
272249,210838,50
5631950,51523,70
5631950,85978,70
5631950,86399,100
5631950,86952,90
5631950,87225,90
5631950,96834,90
5631950,97240,90
5631950,98014,90
5631950,98118,90
5631950,99409,90
5631950,99462,90
5631950,99544,90
5631950,99776,70
5631950,99860,70
5631950,100136,90
5631950,100732,90
5631950,101468,90
5631950,101625,90
5631950,101679,90
5631950,101722,90
5631950,101746,90
5631950,101870,90
5631950,102150,90
5631950,102732,90
5631950,103034,70
5631950,103203,90
5631950,103238,70
5631950,103582,70
5631950,103875,90
5631950,104689,90
5631950,104713,70
5631950,105078,90
5631950,105398,90
5631950,106029,90
5631950,106144,90
5631950,106233,90
5631950,106757,90
5631950,107120,90
5631950,107305,90
5631950,107540,90
5631950,108011,90
5631950,108152,90
5631950,108422,90
5631950,108675,70
5631950,109103,30
5631950,110075,90
5631950,110271,90
5631950,110989,90
5631950,111003,90
5631950,111159,90
5631950,112147,90
5631950,112481,90
5631950,113061,90
5631950,113171,90
5631950,113546,90
5631950,113624,90
5631950,114903,90
5631950,116062,90
5631950,116201,70
5631950,116380,90
5631950,116495,90
5631950,116957,90
5631950,117540,90
5631950,117964,90
5631950,118368,90
5631950,118519,90
5631950,118721,70
5631950,118725,90
5631950,118911,30
5631950,119097,90
5631950,119267,90
5631950,119269,90
5631950,119309,90
5631950,119353,90
5631950,119518,90
5631950,120216,70
5631950,120288,90
5631950,121708,90
5631950,121753,90
5631950,122344,70
5631950,122362,90
5631950,123089,90
5631950,123264,90
5631950,123512,90
5631950,123544,90
5631950,123747,50
5631950,124079,90
5631950,124427,90
5631950,124832,90
5631950,124873,90
5631950,125188,70
5631950,125291,70
5631950,125439,90
5631950,125845,70
5631950,125975,90
5631950,126636,90
5631950,127165,90
5631950,127289,90
5631950,127307,90
5631950,127445,90
5631950,128165,70
5631950,128233,70
5631950,128254,90
5631950,128945,90
5631950,129010,90
5631950,129345,90
5631950,129506,90
5631950,129882,90
5631950,132657,90
5631950,133042,90
5631950,133595,90
5631950,134141,70
5631950,135174,90
5631950,136015,90
5631950,136053,70
5631950,136499,90
5631950,136864,90
5631950,137280,90
5631950,137304,90
5631950,137513,90
5631950,137518,70
5631950,137942,90
5631950,138104,70
5631950,138666,70
5631950,139671,90
5631950,139699,70
5631950,139741,90
5631950,139760,70
5631950,139976,90
5631950,140929,90
5631950,141092,90
5631950,141343,90
5631950,141760,90
5631950,141813,90
5631950,141958,70
5631950,142127,90
5631950,142287,90
5631950,142704,70
5631950,143117,90
5631950,144599,70
5631950,145134,90
5631950,145642,90
5631950,145675,90
5631950,146597,90
5631950,147102,90
5631950,147636,90
5631950,148134,90
5631950,148331,90
5631950,150384,90
5631950,150600,70
5631950,150898,90
5631950,151540,90
5631950,152284,90
5631950,152437,90
5631950,153432,90
5631950,154213,70
5631950,154726,90
5631950,154852,50
5631950,154908,90
5631950,156477,90
5631950,157578,90
5631950,158488,90
5631950,159691,70
5631950,161216,90
5631950,162199,70
5631950,162941,50
5631950,163006,50
5631950,163277,70
5631950,163520,70
5631950,165143,70
5631950,166121,70
5631950,166159,90
5631950,166909,50
5631950,168137,70
5631950,168731,70
5631950,169612,50
5631950,170737,70
5631950,170923,70
5631950,170929,70
5631950,171810,70
5631950,172023,90
5631950,172690,70
5631950,173881,70
5631950,174177,70
5631950,175470,70
5631950,175677,70
5631950,175776,70
5631950,176083,90
5631950,177119,70
5631950,177176,70
5631950,180114,70
5631950,180265,70
5631950,180278,70
5631950,180764,70
5631950,181499,70
5631950,182655,90
5631950,183696,70
5631950,184588,70
5631950,185843,50
5631950,188073,70
5631950,188249,50
5631950,189808,90
5631950,190174,70
5631950,191863,70
5631950,192158,50
5631950,192741,70
5631950,195344,70
5631950,195386,70
5631950,202114,70
5631950,202246,50
6838617,30021,85
6838617,30026,90
6838617,30564,80
6838617,30583,78
6838617,30642,95
6838617,30656,100
6838617,31649,75
6838617,37375,98
6838617,39982,85
6838617,41327,75
6838617,53390,80
6838617,63327,85
6838617,85165,80
6838617,85611,90
6838617,86551,90
6838617,98328,80
6838617,98416,85
6838617,105398,65
6838617,105778,90
6838617,106130,75
6838617,107327,70
6838617,108050,60
6838617,117667,70
6838617,119257,80
6838617,125828,75
6838617,141044,80
6838617,146203,76
5549663,30002,100
5549663,30025,85
5549663,30026,98
5549663,30481,70
5549663,30583,87
5549663,30642,100
5549663,30936,80
5549663,31133,100
5549663,31706,100
5549663,33008,90
5549663,33009,95
5549663,34632,90
5549663,37375,70
5549663,47353,50
5549663,55515,90
5549663,63327,65
5549663,74347,90
5549663,85165,88
5549663,85316,90
5549663,86056,80
5549663,86082,95
5549663,86265,90
5549663,86559,100
5549663,87170,80
5549663,98227,40
5549663,98328,68
5549663,98416,88
5549663,98587,90
5549663,101517,85
5549663,102988,75
5549663,105778,90
5549663,106727,80
5549663,107267,90
5549663,114791,90
5549663,129574,90
5549663,144946,90
589522,30001,100
589522,30002,78
589522,30007,84
589522,30009,90
589522,30010,90
589522,30011,70
589522,30012,60
589522,30013,50
589522,30014,70
589522,30016,50
589522,30020,100
589522,30021,90
589522,30022,100
589522,30023,100
589522,30024,100
589522,30025,100
589522,30026,90
589522,30028,100
589522,30029,80
589522,30030,80
589522,30031,80
589522,30032,90
589522,30039,70
589522,30040,70
589522,30041,77
589522,30042,50
589522,30044,100
589522,30045,50
589522,30047,70
589522,30049,75
589522,30050,70
589522,30051,90
589522,30053,80
589522,30054,60
589522,30073,60
589522,30074,80
589522,30092,80
589522,30099,70
589522,30107,43
589522,30108,80
589522,30113,60
589522,30119,65
589522,30149,60
589522,30157,70
589522,30162,60
589522,30199,100
589522,30257,90
589522,30267,90
589522,30304,90
589522,30332,90
589522,30333,60
589522,30338,100
589522,30375,60
589522,30436,77
589522,30438,90
589522,30463,75
589522,30486,39
589522,30583,90
589522,30584,80
589522,30598,70
589522,30610,100
589522,30614,60
589522,30618,44
589522,30635,90
589522,30640,60
589522,30641,70
589522,30643,50
589522,30646,30
589522,30660,90
589522,30669,50
589522,30671,22
589522,30676,100
589522,30683,70
589522,30688,100
589522,30697,65
589522,30710,70
589522,30728,70
589522,30735,90
589522,30747,80
589522,30751,75
589522,30762,100
589522,30765,100
589522,30769,83
589522,30771,80
589522,30775,80
589522,30782,70
589522,30793,48
589522,30844,90
589522,30854,80
589522,30872,54
589522,30877,66
589522,30885,80
589522,30887,70
589522,30894,80
589522,30908,80
589522,30912,60
589522,30933,70
589522,30987,60
589522,30990,60
589522,31012,50
589522,31016,70
589522,31030,60
589522,31045,70
589522,31047,70
589522,31061,90
589522,31080,50
589522,31092,80
589522,31102,90
589522,31154,30
589522,31193,70
589522,31198,70
589522,31199,90
589522,31213,40
589522,31216,80
589522,31230,16
589522,31250,50
589522,31257,90
589522,31261,90
589522,31267,80
589522,31291,30
589522,31303,100
589522,31339,80
589522,31389,50
589522,31407,70
589522,31414,90
589522,31439,50
589522,31444,84
589522,31463,50
589522,31467,70
589522,31496,83
589522,31507,37
589522,31517,60
589522,31543,60
589522,31630,58
589522,31673,40
589522,31682,60
589522,31706,50
589522,31709,70
589522,31734,58
589522,31789,40
589522,31790,40
589522,31802,90
589522,31859,100
589522,31871,60
589522,31897,80
589522,31963,70
589522,31972,58
589522,31985,60
589522,31994,60
589522,31997,60
589522,31999,60
589522,32222,50
589522,32226,100
589522,32335,67
589522,32580,80
589522,32581,60
589522,32637,60
589522,32685,50
589522,32921,90
589522,33000,50
589522,33006,54
589522,33008,52
589522,33009,50
589522,33031,100
589522,33067,50
589522,33099,70
589522,33150,40
589522,33282,90
589522,33304,50
589522,33367,83
589522,33378,80
589522,33386,50
589522,33403,80
589522,33468,50
589522,33486,90
589522,33493,80
589522,33520,80
589522,33600,40
589522,33633,90
589522,33635,80
589522,33866,92
589522,33924,80
589522,33986,70
589522,33988,70
589522,34102,40
589522,34207,100
589522,34358,70
589522,34571,41
589522,35105,60
589522,35239,80
589522,35244,34
589522,35247,80
589522,35255,100
589522,35394,47
589522,35396,56
589522,35405,90
589522,35638,60
589522,35664,100
589522,35801,60
589522,36087,70
589522,36097,70
589522,36404,80
589522,36612,90
589522,37633,40
589522,37887,40
589522,38161,80
589522,38341,70
589522,38908,40
589522,39291,80
589522,39628,33
589522,39711,100
589522,40010,70
589522,40270,80
589522,40309,80
589522,40454,70
589522,40552,60
589522,40573,100
589522,40665,80
589522,41133,40
589522,41272,80
589522,41287,70
589522,41371,80
589522,41652,90
589522,41716,66
589522,41909,70
589522,42064,53
589522,42123,70
589522,42828,90
589522,42888,100
589522,42917,80
589522,42985,60
589522,43245,80
589522,43277,50
589522,43278,40
589522,43327,60
589522,43492,94
589522,43558,100
589522,43562,50
589522,43702,70
589522,43748,80
589522,44582,58
589522,44720,80
589522,44739,70
589522,44790,90
589522,44841,80
589522,45921,50
589522,46118,80
589522,46572,70
589522,46579,50
589522,47207,90
589522,48768,70
589522,49252,60
589522,49925,64
589522,50375,30
589522,50593,60
589522,51410,60
589522,51419,70
589522,51476,70
589522,51525,71
589522,52511,70
589522,52519,18
589522,52523,70
589522,53208,60
589522,53390,50
589522,53419,47
589522,53627,50
589522,53661,60
589522,53688,38
589522,54610,50
589522,54692,93
589522,55081,70
589522,55096,100
589522,55178,69
589522,55322,80
589522,55515,40
589522,56182,58
589522,56219,70
589522,57019,60
589522,58825,60
589522,61499,60
589522,62037,90
589522,63327,60
589522,63389,60
589522,63429,68
589522,64335,80
589522,65089,70
589522,65243,72
589522,65795,90
589522,67303,80
589522,69325,80
589522,69419,80
589522,69867,50
589522,69883,70
589522,73423,80
589522,73661,70
589522,73789,70
589522,74347,50
589522,74415,69
589522,74485,60
589522,74737,75
589522,75335,70
589522,75499,70
589522,75757,60
589522,75773,70
589522,75996,90
589522,76896,70
589522,78151,65
589522,78347,90
589522,79421,70
589522,80205,70
589522,81233,80
589522,82047,60
589522,84389,30
589522,85135,80
589522,85215,80
589522,85257,60
589522,85278,80
589522,85303,90
589522,85319,70
589522,85434,50
589522,85435,60
589522,85486,70
589522,85503,80
589522,85587,60
589522,85604,80
589522,85611,60
589522,85612,80
589522,85821,70
589522,85849,70
589522,85981,90
589522,86030,70
589522,86123,63
589522,86171,70
589522,86284,90
589522,86310,85
589522,86437,50
589522,86508,50
589522,86513,100
589522,86526,83
589522,86568,100
589522,86717,90
589522,86857,80
589522,86995,80
589522,87178,25
589522,87213,20
589522,87216,70
589522,87412,60
589522,87423,60
589522,87439,50
589522,87442,90
589522,87974,60
589522,90314,70
589522,90785,70
589522,91144,60
589522,91225,40
589522,91259,70
589522,91811,90
589522,91928,90
589522,92275,90
589522,93916,70
589522,94270,68
589522,94645,70
589522,94659,70
589522,94819,80
589522,97172,60
589522,97901,80
589522,97902,80
589522,98156,50
589522,98187,80
589522,98235,27
589522,98326,30
589522,98346,70
589522,98416,60
589522,98587,68
589522,99137,40
589522,99219,50
589522,99364,40
589522,100383,90
589522,100403,50
589522,100671,40
589522,100832,75
589522,100948,70
589522,100963,60
589522,100991,54
589522,100994,80
589522,101113,60
589522,101293,40
589522,101311,82
589522,101517,40
589522,101860,80
589522,101873,90
589522,101938,80
589522,101979,60
589522,101980,45
589522,102988,60
589522,103083,40
589522,103252,60
589522,103255,70
589522,103800,30
589522,104209,30
589522,104229,40
589522,104604,70
589522,105469,60
589522,105778,24
589522,105780,50
589522,105781,50
589522,106102,96
589522,106148,60
589522,106531,85
589522,106654,60
589522,107214,80
589522,107265,70
589522,107446,80
589522,107469,42
589522,107476,40
589522,108075,50
589522,108179,70
589522,108199,30
589522,108556,70
589522,108817,60
589522,108846,60
589522,108926,60
589522,109172,60
589522,109173,40
589522,109174,50
589522,109313,80
589522,110329,30
589522,110338,60
589522,111149,80
589522,111158,70
589522,111325,22
589522,111403,20
589522,112531,80
589522,112673,60
589522,113512,40
589522,113531,53
589522,113629,37
589522,114207,70
589522,114791,60
589522,114960,34
589522,115106,30
589522,116827,60
589522,117195,75
589522,117521,40
589522,117958,40
589522,118548,77
589522,118549,20
589522,118644,78
589522,118991,70
589522,119301,80
589522,119493,25
589522,119495,27
589522,119497,70
589522,119499,22
589522,120260,80
589522,120368,40
589522,120597,50
589522,120734,70
589522,120760,75
589522,121820,80
589522,122823,50
589522,123211,50
589522,123657,80
589522,123790,19
589522,124015,48
589522,124895,85
589522,125151,55
589522,125624,70
589522,125628,70
589522,125828,65
589522,125829,30
589522,126445,65
589522,126693,60
589522,127476,80
589522,127778,35
589522,128666,60
589522,128894,50
589522,128896,70
589522,128899,40
589522,129117,65
589522,132029,50
589522,132182,50
589522,132284,60
589522,135236,80
589522,135954,55
589522,135981,45
589522,136290,60
589522,136899,100
589522,138072,45
589522,139358,60
589522,141261,55
589522,141262,50
589522,141263,30
589522,142568,75
589522,142845,65
589522,142846,60
589522,144861,55
589522,144866,80
589522,145551,70
589522,147997,50
589522,148138,50
589522,150105,60
589522,150440,60
589522,150441,50
589522,151662,50
589522,154047,50
589522,154249,40
589522,154272,50
589522,154375,50
589522,154551,45
589522,155139,50
589522,156656,60
589522,156667,70
589522,156668,25
589522,156669,40
589522,158114,45
589522,160595,50
589522,160880,60
589522,160923,50
589522,163148,30
589522,163156,50
589522,163159,25
589522,163340,60
589522,163495,80
589522,163496,50
589522,163497,30
589522,164512,30
589522,164696,30
589522,164708,60
589522,166138,40
589522,166140,75
589522,166150,40
589522,168468,50
589522,169100,40
589522,169354,55
589522,169355,50
589522,170755,60
589522,171004,60
589522,171081,50
5199249,30002,90
5199249,30003,90
5199249,30011,90
5199249,30656,100
5199249,30936,90
5199249,34632,90
5199249,53390,70
5199249,72451,70
5199249,79865,90
5199249,85486,90
5199249,87216,90
5199249,87423,90
5199249,100230,90
5199249,101517,90
5199249,102988,90
5199249,104063,90
5199249,105398,90
5199249,105469,90
5199249,105778,90
5199249,105791,50
471546,33578,60
471546,33992,60
471546,53390,80
471546,55515,70
471546,78151,60
471546,85486,50
471546,85887,70
471546,87170,50
471546,87459,80
471546,97553,60
471546,98416,40
471546,98587,60
471546,99140,70
471546,100230,70
471546,100584,50
471546,100991,50
471546,105778,80
471546,108556,70
471546,112279,60
471546,112917,50
463311,30028,100
463311,96698,61
463311,99022,100
463311,102047,87
463311,103082,45
463311,107521,70
463311,107559,60
463311,107763,60
463311,110059,80
463311,110095,90
463311,110210,50
463311,111075,100
463311,111105,85
463311,111970,90
463311,112157,80
463311,113322,90
463311,113524,85
463311,114728,40
463311,116981,90
463311,117320,30
463311,117540,50
463311,118408,100
463311,119523,100
463311,119701,100
463311,120088,60
463311,120440,85
463311,121276,31
463311,121439,80
463311,121647,80
463311,123366,70
463311,123680,58
463311,123739,65
463311,124436,30
463311,125073,53
463311,126794,76
463311,127084,80
463311,127868,60
463311,128273,70
463311,128403,65
463311,128589,60
463311,128963,100
463311,129758,80
463311,129796,60
463311,130047,80
463311,130300,45
463311,130429,100
463311,130795,70
463311,130869,20
463311,130897,60
463311,131616,15
463311,131772,50
463311,133021,80
463311,133140,60
463311,133338,50
463311,133523,60
463311,133575,40
463311,133797,100
463311,134150,70
463311,134556,65
463311,134671,49
463311,136056,80
463311,136229,30
463311,136350,50
463311,137836,50
463311,138655,75
463311,139550,80
463311,140042,20
463311,141013,100
463311,141121,50
463311,141613,80
463311,142254,30
463311,143003,100
463311,143063,60
463311,143862,90
463311,144090,40
463311,144153,80
463311,144318,40
463311,144611,80
463311,144734,50
463311,144764,60
463311,145525,90
463311,145537,80
463311,145664,70
463311,146139,100
463311,146517,60
463311,146882,60
463311,147277,70
463311,147278,80
463311,147586,90
463311,147592,80
463311,148305,80
463311,148347,100
463311,148919,60
463311,149357,10
463311,149758,40
463311,150104,60
463311,150750,80
463311,152130,60
463311,153514,90
463311,153944,80
463311,153994,50
463311,154159,80
463311,154275,40
463311,154706,100
463311,154775,70
463311,155251,60
463311,156478,80
463311,156496,40
463311,157073,90
463311,157566,60
463311,158105,30
463311,158576,30
463311,158706,70
463311,159186,70
463311,159399,80
463311,160150,80
463311,161369,30
463311,161750,80
463311,162009,100
463311,163805,70
463311,163938,60
463311,164219,70
463311,164263,100
463311,167112,80
463311,167171,50
463311,168327,90
463311,168352,40
463311,168802,90
463311,168901,80
463311,168960,60
463311,169409,50
463311,169545,90
463311,169862,80
463311,170002,70
463311,170151,100
463311,170261,90
463311,170402,70
463311,170686,70
463311,170839,80
463311,170895,50
463311,171297,90
463311,171790,60
463311,171884,70
463311,172112,80
463311,172238,70
463311,172287,80
463311,173296,50
463311,173380,10
463311,173451,50
463311,173521,80
463311,173937,70
463311,174310,70
463311,174744,30
463311,175181,20
463311,175183,20
463311,175954,50
463311,176025,100
463311,176402,30
463311,176785,60
463311,176808,100
463311,177096,60
463311,177206,20
463311,178143,80
463311,180060,40
463311,180114,70
463311,180121,80
463311,180225,30
463311,180276,80
463311,180578,100
463311,180620,100
463311,181046,50
463311,181317,30
463311,181448,50
463311,181532,40
463311,181535,80
463311,181648,40
463311,181919,80
463311,181991,60
463311,182001,60
463311,182454,80
463311,182596,40
463311,182804,80
463311,183249,60
463311,183725,50
463311,183788,30
463311,184333,40
463311,184835,50
463311,185896,60
463311,185899,70
463311,185913,60
463311,186610,90
463311,186669,50
463311,186672,40
463311,187324,70
463311,187451,50
463311,187461,100
463311,187718,30
463311,187757,80
463311,187953,80
463311,188008,70
463311,188009,40
463311,188190,60
463311,188258,80
463311,188260,80
463311,188372,80
463311,188382,70
463311,188478,80
463311,189052,20
463311,189056,40
463311,189080,80
463311,189194,70
463311,189223,80
463311,189355,80
463311,189664,80
463311,189680,50
463311,189718,70
463311,189930,70
463311,190246,70
463311,190515,100
463311,190691,80
463311,190968,40
463311,191760,30
463311,192491,10
463311,193570,50
463311,193953,70
463311,194180,90
463311,194319,80
463311,194726,30
463311,195346,70
463311,195451,50
463311,195505,40
463311,195514,80
463311,195529,70
463311,195582,80
463311,195706,60
463311,196606,80
463311,197988,70
463311,198428,90
463311,198760,70
463311,199040,50
463311,199529,90
463311,203781,90
463311,208654,90
463311,210185,100
5623708,48752,80
5623708,51339,70
5623708,86235,95
5623708,86549,100
5623708,86635,90
5623708,97418,90
5623708,101233,100
5623708,101517,100
5623708,106775,100
5623708,107275,100
5623708,108556,100
5623708,109728,100
5623708,109978,75
5623708,112378,100
5623708,126614,95
5623708,136053,79
5623708,144675,95
5623708,151461,72
5623708,156935,100
5623708,162954,70
5182239,30002,100
5182239,30012,100
5182239,30656,100
5182239,30872,100
5182239,31706,100
5182239,33009,100
5182239,53390,90
5182239,55515,100
5182239,63327,100
5182239,65243,100
5182239,85141,100
5182239,85189,100
5182239,85486,80
5182239,86310,100
5182239,86635,100
5182239,87178,80
5182239,87216,100
5182239,98416,100
5182239,100954,100
5182239,100994,100
5182239,101134,100
5182239,103995,80
5182239,105398,100
5182239,105778,100
5182239,106260,50
5182239,107281,100
5182239,109735,60
5182239,111748,60
5182239,114960,80
5182239,116827,100
5182239,122138,100
5182239,130229,100
5182239,138393,100
5182239,138566,80
5182239,141261,70
5182239,141665,60
5182239,142171,100
5182239,142568,90
5182239,144861,80
5182239,144866,100
5182239,150748,50
5730578,30002,90
5730578,30011,85
5730578,30021,85
5730578,30026,85
5730578,30042,85
5730578,30436,85
5730578,30642,90
5730578,30664,85
5730578,30793,85
5730578,30909,85
5730578,30936,85
5730578,31515,60
5730578,31517,60
5730578,31706,85
5730578,32436,60
5730578,33009,85
5730578,33578,60
5730578,33579,60
5730578,33992,85
5730578,45313,85
5730578,47192,85
5730578,54705,85
5730578,55515,85
5730578,65243,30
5730578,74307,90
5730578,74347,85
5730578,81747,60
5730578,85135,85
5730578,85199,60
5730578,85215,85
5730578,85318,85
5730578,85486,60
5730578,86123,35
5730578,86508,60
5730578,86549,85
5730578,86770,85
5730578,86964,60
5730578,87178,35
5730578,87216,35
5730578,87459,85
5730578,95409,60
5730578,97842,85
5730578,98030,85
5730578,98232,60
5730578,98397,85
5730578,98416,60
5730578,98569,85
5730578,98587,85
5730578,98674,60
5730578,100568,60
5730578,100954,60
5730578,101517,35
5730578,105151,85
5730578,105398,60
5730578,105469,60
5730578,105778,35
5730578,106130,35
5730578,107234,85
5730578,107237,60
5730578,111158,60
5730578,112673,60
5730578,117802,60
5730578,118644,85
5730578,120031,85
5730578,123164,85
5730578,125828,60
5730578,129574,85
5730578,132029,80
5730578,135981,60
5730578,137267,60
5730578,139350,60
5730578,141261,35
5730578,142568,60
5730578,150131,35
5730578,150378,60
5730578,150440,60
5730578,154047,60
5730578,154551,60
5730578,167022,60
5730578,169100,60
5730578,169355,50
6109173,30002,70
6109173,30025,70
6109173,30401,70
6109173,31440,50
6109173,38967,90
6109173,44922,10
6109173,58226,50
6109173,74489,70
6109173,87170,90
6109173,87459,70
6109173,97553,70
6109173,99140,70
6109173,100080,70
6109173,100560,30
6109173,101069,50
6109173,101722,50
6109173,101774,30
6109173,104140,90
6109173,105352,70
6109173,105398,30
6109173,105778,90
6109173,109017,70
6109173,111233,70
6109173,113005,70
6109173,113802,70
6109173,116401,50
6109173,118586,50
6109173,118695,70
6109173,120527,50
6109173,123777,50
6109173,143240,50
6128295,30001,80
6128295,30002,95
6128295,30021,80
6128295,30025,80
6128295,30026,90
6128295,30564,60
6128295,30642,85
6128295,30932,65
6128295,30970,80
6128295,31133,85
6128295,31215,80
6128295,31470,80
6128295,31706,80
6128295,31929,70
6128295,33009,60
6128295,33614,90
6128295,35709,70
6128295,35806,70
6128295,42549,70
6128295,44440,65
6128295,48570,75
6128295,48753,70
6128295,53390,70
6128295,55515,75
6128295,63031,70
6128295,70175,30
6128295,77363,55
6128295,85189,80
6128295,85388,30
6128295,85911,40
6128295,87170,75
6128295,98397,80
6128295,103807,80
6128295,105778,80
6128295,114553,45
6128295,138070,55
6128295,138347,55
6128295,142568,70
6128295,190964,45
895647,30656,80
895647,33048,60
895647,46166,100
895647,55297,100
895647,74347,90
895647,74485,90
895647,75275,80
895647,75757,100
895647,85141,80
895647,85143,90
895647,85653,80
895647,86265,100
895647,86486,60
895647,86737,50
895647,86848,80
895647,97750,70
895647,97827,70
895647,98235,80
895647,100826,50
895647,104271,80
895647,104494,90
895647,105398,90
895647,105717,90
895647,105778,80
895647,108050,70
895647,111735,90
895647,113488,90
895647,116201,100
895647,116353,90
895647,119175,60
895647,126297,90
895647,126733,70
895647,127421,70
895647,165202,60
5396591,30002,100
5396591,30010,70
5396591,30021,100
5396591,30025,80
5396591,30028,80
5396591,30029,80
5396591,30092,80
5396591,30267,90
5396591,30436,100
5396591,30618,60
5396591,30646,90
5396591,30698,80
5396591,30872,80
5396591,30912,80
5396591,31517,90
5396591,31630,70
5396591,31706,90
5396591,33006,80
5396591,33008,80
5396591,33009,90
5396591,33082,70
5396591,34632,100
5396591,39699,70
5396591,41327,70
5396591,46688,60
5396591,54098,60
5396591,55515,90
5396591,63327,90
5396591,65243,80
5396591,78649,70
5396591,85199,70
5396591,85226,60
5396591,85611,80
5396591,87216,60
5396591,101517,70
5396591,103029,70
5396591,105469,70
5396591,105778,70
6144180,30003,70
6144180,30012,90
6144180,30013,62
6144180,30908,60
6144180,30936,67
6144180,37375,77
6144180,49840,65
6144180,55297,61
6144180,63327,100
6144180,74347,92
6144180,85388,63
6144180,85486,62
6144180,85611,100
6144180,85793,80
6144180,85911,93
6144180,86123,71
6144180,86310,90
6144180,86848,76
6144180,87178,77
6144180,87423,69
6144180,98328,61
6144180,99462,49
6144180,100456,67
6144180,101134,64
6144180,101517,92
6144180,101942,75
6144180,102988,78
6144180,105398,74
6144180,105469,86
6144180,105778,82
6144180,106064,79
6144180,106130,94
6144180,106929,76
6144180,107098,76
6144180,107327,74
6144180,108050,76
6144180,109017,64
6144180,109957,52
6144180,112531,49
6144180,114960,78
6144180,116671,58
6144180,116827,67
6144180,119257,68
6144180,119363,60
6144180,119521,80
6144180,120385,82
6144180,120760,66
6144180,120980,70
6144180,126297,73
6144180,126693,84
6144180,126770,67
6144180,127336,40
6144180,127564,82
6144180,128067,50
6144180,128882,62
6144180,132029,92
6144180,132144,73
6144180,137280,46
6144180,138222,60
6144180,138726,62
6144180,140407,87
6144180,140837,63
6144180,141705,60
6144180,142845,76
6144180,142846,60
6144180,144946,84
6144180,144957,58
6144180,145369,67
6144180,146203,86
6144180,149332,65
6144180,150378,60
6144180,150440,78
6144180,151443,53
6144180,151512,64
6144180,152284,66
6144180,153007,78
6144180,153513,66
6144180,155485,67
6144180,159441,84
6144180,159930,72
6144180,163824,61
6144180,163923,82
6144180,165829,56
6144180,166658,72
6144180,168348,54
6144180,168468,63
6144180,169355,84
6144180,170399,71
6144180,170400,60
6144180,172619,80
6144180,174515,60
6144180,175946,40
6144180,176740,83
6144180,176799,48
6144180,176832,41
6144180,177982,60
6144180,179445,77
6144180,179484,81
6144180,180752,43
6144180,181545,53
6144180,182066,70
6144180,184773,50
6144180,185129,56
6144180,186019,63
6144180,186517,46
6144180,188249,70
6144180,192764,59
6144180,192813,57
6144180,198372,72
6144180,202210,67
6144180,207089,62
6144180,208208,60
6144180,212562,90
6144180,213037,50
6144180,215524,59
554718,30001,60
554718,30004,100
554718,30085,85
554718,30869,85
554718,31158,85
554718,48753,85
554718,55250,100
554718,65673,100
554718,70285,100
554718,76258,60
554718,85209,85
554718,85412,85
554718,86310,35
554718,87079,70
554718,87459,100
554718,98341,100
554718,103647,85
554718,105577,85
554718,142568,85
554718,156656,85
6872387,30436,80
6872387,30463,89
6872387,30564,88
6872387,30661,87
6872387,31288,70
6872387,31501,92
6872387,38848,90
6872387,38967,89
6872387,52597,86
6872387,58533,79
6872387,74347,90
6872387,74489,90
6872387,85412,89
6872387,85538,99
6872387,85666,78
6872387,85915,70
6872387,86739,86
6872387,87170,90
6872387,98263,85
6872387,100930,70
6872387,100994,82
6872387,101120,87
6872387,101517,83
6872387,104778,80
6872387,105011,60
6872387,105398,70
6872387,105641,86
6872387,105778,86
6872387,106130,87
6872387,106726,98
6872387,107559,81
6872387,108105,85
6872387,108556,75
6872387,110886,79
6872387,111233,80
6872387,111390,85
6872387,117195,81
6872387,120760,80
6872387,123777,80
6872387,125828,80
6872387,132029,85
6872387,138603,82
6872387,140475,79
6872387,142568,88
6872387,144946,81
6872387,154376,70
6872387,169355,82
6872387,174315,70
6872387,176740,85
6872387,177543,80
6872387,179323,60
6872387,186356,80
6872387,187328,84
5557519,30436,100
5557519,33378,60
5557519,33992,80
5557519,35994,100
5557519,49087,90
5557519,56441,80
5557519,58533,100
5557519,58825,60
5557519,66213,70
5557519,74485,60
5557519,74929,100
5557519,76716,80
5557519,85140,80
5557519,85634,100
5557519,85702,100
5557519,85934,90
5557519,86218,100
5557519,86300,80
5557519,86338,90
5557519,86607,90
5557519,86635,100
5557519,87186,90
5557519,87315,90
5557519,87321,100
5557519,89370,70
5557519,96447,90
5557519,97080,90
5557519,98232,60
5557519,98587,90
5557519,98786,60
5557519,99943,100
5557519,100664,100
5557519,100693,90
5557519,101175,90
5557519,101315,90
5557519,101434,60
5557519,101583,100
5557519,101724,100
5557519,101756,90
5557519,102047,80
5557519,104503,80
5557519,105097,100
5557519,105990,90
5557519,106820,70
5557519,107602,70
5557519,109122,90
5557519,109302,100
5557519,110012,60
5557519,110175,10
5557519,110918,70
5557519,113449,100
5557519,113501,80
5557519,114917,80
5557519,115356,80
5557519,118586,100
5557519,118695,90
5557519,119767,60
5557519,123164,90
5557519,124535,70
5557519,128413,20
5557519,130548,90
5557519,132182,90
5557519,147149,100
5557519,147997,100
5568115,30002,90
5568115,30004,85
5568115,30007,90
5568115,30011,70
5568115,30013,100
5568115,30028,90
5568115,30051,90
5568115,30354,85
5568115,30407,60
5568115,30436,70
5568115,30443,85
5568115,30642,85
5568115,30646,70
5568115,30656,90
5568115,30698,85
5568115,30872,60
5568115,31224,90
5568115,31332,85
5568115,31469,85
5568115,31517,70
5568115,31630,70
5568115,31634,85
5568115,31706,80
5568115,33006,70
5568115,33009,70
5568115,33061,85
5568115,33586,85
5568115,33598,60
5568115,33731,85
5568115,34173,85
5568115,34632,100
5568115,38652,85
5568115,39057,70
5568115,39147,85
5568115,39152,85
5568115,39251,85
5568115,39700,60
5568115,40330,85
5568115,40557,85
5568115,41734,35
5568115,41866,85
5568115,43141,35
5568115,43245,90
5568115,47353,35
5568115,47462,85
5568115,47465,80
5568115,52305,85
5568115,52441,85
5568115,53390,85
5568115,53571,85
5568115,53627,70
5568115,54692,90
5568115,54705,35
5568115,54801,85
5568115,57083,85
5568115,63327,80
5568115,65243,70
5568115,69959,60
5568115,71769,85
5568115,71973,85
5568115,74307,85
5568115,74347,80
5568115,74489,90
5568115,74675,85
5568115,75757,70
5568115,76814,85
5568115,80145,60
5568115,85316,85
5568115,85611,70
5568115,85671,60
5568115,85804,85
5568115,86123,50
5568115,86136,35
5568115,86217,35
5568115,86218,85
5568115,86265,80
5568115,86770,70
5568115,87260,30
5568115,87459,80
5568115,91203,85
5568115,97724,85
5568115,98263,90
5568115,98264,60
5568115,98587,80
5568115,98674,60
5568115,100664,20
5568115,100973,85
5568115,100976,85
5568115,101517,35
5568115,101607,85
5568115,102812,35
5568115,103087,85
5568115,105166,85
5568115,106726,85
5568115,107098,35
5568115,107267,60
5568115,108078,85
5568115,110393,85
5568115,110473,60
5568115,111203,85
5568115,112541,85
5568115,112579,60
5568115,113955,85
5568115,115790,85
5568115,117857,50
5568115,120076,85
5568115,137431,85
5568115,151061,85
5568115,161965,60
5699859,30001,100
5699859,30013,100
5699859,30042,100
5699859,30436,80
5699859,30726,60
5699859,30793,80
5699859,31517,90
5699859,32561,60
5699859,34632,100
5699859,53390,100
5699859,63327,100
5699859,85611,100
5699859,86123,100
5699859,87178,80
5699859,87423,100
5699859,96791,70
5699859,97337,100
5699859,99609,90
5699859,100164,90
5699859,100230,100
5699859,100994,100
5699859,105469,100
5699859,117195,100
5699859,118644,80
5699859,142568,100
356133,43492,90
356133,44790,100
356133,46922,90
356133,54692,100
356133,65243,90
356133,69883,100
356133,78025,100
356133,85235,90
356133,85307,100
356133,85486,90
356133,86082,90
356133,87216,70
356133,87423,100
356133,98416,90
356133,98842,100
356133,100991,70
356133,101517,80
356133,108556,80
356133,109455,90
356133,112673,80
5640716,30013,100
5640716,30642,100
5640716,30656,90
5640716,53390,100
5640716,72451,80
5640716,74347,90
5640716,85486,80
5640716,85564,70
5640716,86123,80
5640716,86508,70
5640716,86717,80
5640716,87178,70
5640716,87216,100
5640716,100230,90
5640716,101517,90
5640716,103111,70
5640716,105469,80
5640716,108556,90
5640716,125624,80
5640716,125828,90
5640716,142845,60
5640716,150378,70
5640716,168468,70
5640716,169355,80
6206532,30912,50
6206532,30965,50
6206532,33500,70
6206532,35293,90
6206532,35709,50
6206532,49094,50
6206532,49844,50
6206532,54033,70
6206532,54561,50
6206532,54836,50
6206532,55352,50
6206532,58184,70
6206532,60129,50
6206532,61209,50
6206532,66267,70
6206532,67601,70
6206532,80583,50
6206532,85367,50
6206532,85598,90
6206532,86549,70
6206532,86606,70
6206532,86964,70
6206532,87092,70
6206532,87095,50
6206532,87106,70
6206532,87207,50
6206532,87216,50
6206532,87292,30
6206532,87459,50
6206532,87907,50
6206532,88807,70
6206532,90911,50
6206532,95730,70
6206532,96638,50
6206532,97465,70
6206532,97836,70
6206532,97871,50
6206532,98168,30
6206532,98334,90
6206532,98620,70
6206532,98789,50
6206532,98795,90
6206532,98799,50
6206532,99870,90
6206532,100096,90
6206532,100197,70
6206532,100885,30
6206532,100991,90
6206532,101235,50
6206532,101952,70
6206532,102185,50
6206532,102354,70
6206532,102810,30
6206532,103232,70
6206532,103268,70
6206532,103680,70
6206532,104277,70
6206532,105054,70
6206532,105169,70
6206532,105305,30
6206532,106033,50
6206532,107234,50
6206532,107235,30
6206532,107750,50
6206532,108126,50
6206532,108127,70
6206532,108975,90
6206532,109226,50
6206532,109387,70
6206532,109761,50
6206532,109826,50
6206532,111406,50
6206532,111590,50
6206532,112485,50
6206532,112496,70
6206532,113517,50
6206532,114161,50
6206532,115430,90
6206532,116534,90
6206532,116671,90
6206532,117307,70
6206532,117482,50
6206532,118582,50
6206532,120535,90
6206532,120879,50
6206532,120927,90
6206532,121001,70
6206532,121219,50
6206532,122297,50
6206532,122484,70
6206532,122866,50
6206532,123648,50
6206532,126113,50
6206532,126637,50
6206532,127207,70
6206532,128592,30
6206532,130308,50
6206532,130570,70
6206532,131100,50
6206532,134391,30
6206532,134470,70
6206532,134860,50
6206532,136897,90
6206532,137601,50
6206532,138191,50
6206532,141663,30
6206532,142055,70
6206532,142753,70
6206532,143079,70
6206532,143185,50
6206532,143484,30
6206532,143831,90
6206532,145962,30
6206532,147611,30
6206532,147927,70
6206532,149763,10
6206532,150572,30
6206532,152464,70
6206532,152796,90
6206532,156656,50
6206532,160518,70
6206532,160777,50
6206532,161897,70
6206532,162036,50
6206532,162185,50
6206532,162447,90
6206532,162781,50
6206532,166106,70
6206532,166672,50
6206532,167216,70
6206532,169971,30
6206532,170063,50
6206532,173625,50
6206532,174553,50
6206532,174604,90
6206532,176048,50
6206532,176852,50
6206532,177605,70
6206532,179480,30
6206532,185811,70
6206532,187157,70
6206532,188565,70
6206532,188736,50
6206532,188850,70
6206532,189889,70
6206532,190233,50
6206532,192560,70
6206532,197185,30
6206532,200450,90
915137,30031,71
915137,30629,72
915137,31291,50
915137,31879,50
915137,34475,64
915137,34514,60
915137,35745,60
915137,36624,75
915137,38157,80
915137,41287,61
915137,41767,80
915137,42888,71
915137,44236,57
915137,44739,92
915137,46908,91
915137,47216,55
915137,47477,55
915137,50663,70
915137,51277,70
915137,51525,97
915137,54767,50
915137,56219,68
915137,64133,63
915137,71187,73
915137,74111,74
915137,76738,72
915137,79183,65
915137,79189,89
915137,85141,61
915137,85143,53
915137,85395,75
915137,85632,67
915137,85646,66
915137,85829,65
915137,86243,73
915137,86399,100
915137,86952,100
915137,87347,90
915137,87463,40
915137,91763,6
915137,96460,49
915137,97518,1
915137,97897,82
915137,98037,67
915137,98620,80
915137,98838,67
915137,100039,75
915137,100473,88
915137,101517,95
915137,101949,26
915137,102338,43
915137,102837,89
915137,103854,90
915137,104444,73
915137,104973,68
915137,105097,77
915137,105398,100
915137,106013,54
915137,106138,30
915137,106680,74
915137,107521,76
915137,107658,67
915137,107763,68
915137,107918,56
915137,108451,58
915137,108926,78
915137,109211,51
915137,109259,86
915137,109270,54
915137,109438,70
915137,109511,94
915137,110750,69
915137,110978,81
915137,111075,99
915137,111095,69
915137,111103,70
915137,111412,70
915137,111475,63
915137,111618,54
915137,111621,61
915137,111711,66
915137,112098,46
915137,112653,76
915137,113055,88
915137,113524,95
915137,113910,50
915137,114319,75
915137,114391,86
915137,115610,70
915137,117320,88
915137,117467,19
915137,117581,94
915137,118073,47
915137,118408,100
915137,118437,56
915137,118772,59
915137,118988,88
915137,120189,94
915137,120222,97
915137,120440,99
915137,120760,68
915137,120806,82
915137,121238,65
915137,121276,96
915137,121747,69
915137,122050,53
915137,123306,40
915137,123368,56
915137,123739,70
915137,123995,83
915137,124002,54
915137,124595,97
915137,124599,52
915137,124613,71
915137,124638,55
915137,124783,81
915137,125656,70
915137,125697,61
915137,125816,83
915137,126284,66
915137,126295,36
915137,126768,100
915137,126902,54
915137,127084,100
915137,127868,67
915137,128174,72
915137,128221,63
915137,128589,58
915137,128642,80
915137,129210,75
915137,129758,100
915137,129796,67
915137,129917,73
915137,130116,79
915137,130429,92
915137,130795,59
915137,131111,78
915137,132120,65
915137,132365,41
915137,133140,43
915137,133470,76
915137,133801,89
915137,133972,85
915137,134262,84
915137,134556,93
915137,135404,58
915137,136229,76
915137,136799,43
915137,137601,38
915137,137836,74
915137,138363,99
915137,138655,94
915137,139339,95
915137,140159,66
915137,140766,63
915137,141013,100
915137,141619,38
915137,141958,72
915137,143550,84
915137,143990,81
915137,144027,77
915137,144318,1
915137,145199,44
915137,145663,51
915137,150153,30
6105567,30004,100
6105567,30029,70
6105567,30040,50
6105567,30042,80
6105567,30107,90
6105567,30585,100
6105567,30670,90
6105567,30724,80
6105567,30755,80
6105567,30773,90
6105567,30796,80
6105567,30818,70
6105567,30889,90
6105567,31153,100
6105567,31459,90
6105567,31591,100
6105567,31650,80
6105567,32556,90
6105567,32897,70
6105567,33004,70
6105567,33082,80
6105567,33522,60
6105567,34632,100
6105567,35443,100
6105567,35726,90
6105567,38827,70
6105567,39004,80
6105567,40298,90
6105567,40557,70
6105567,40766,80
6105567,42344,70
6105567,44127,80
6105567,44558,70
6105567,45247,90
6105567,46038,60
6105567,46668,60
6105567,47240,80
6105567,54705,100
6105567,64771,60
6105567,71973,70
6105567,75721,90
6105567,82343,80
6105567,84627,60
6105567,85412,80
6105567,85413,50
6105567,85779,80
6105567,98351,70
6105567,99018,70
6105567,99251,40
6105567,99404,70
6105567,103807,90
6105567,104540,80
6105567,105353,60
6105567,106683,70
6105567,106726,80
6105567,108440,70
6105567,108556,50
6105567,110726,80
6105567,111020,70
6105567,111233,70
6105567,112596,60
6105567,115792,80
6105567,126238,70
6105567,128132,60
6105567,130768,60
6105567,132596,60
6105567,134342,70
6105567,134352,70
6105567,134356,60
6105567,134357,60
6105567,142568,100
611675,30102,75
611675,38157,85
611675,51525,80
611675,53390,96
611675,54692,93
611675,57231,95
611675,72451,86
611675,75143,78
611675,85319,88
611675,86199,96
611675,86243,100
611675,86635,91
611675,86639,96
611675,86645,76
611675,86734,92
611675,87211,86
611675,98842,96
611675,99022,100
611675,99737,89
611675,99943,93
611675,101265,74
611675,101583,90
611675,103255,90
611675,104233,80
611675,104842,73
611675,105955,72
611675,106315,77
611675,106454,72
611675,106500,77
611675,107521,81
611675,109103,83
611675,111283,95
611675,113055,68
611675,114787,91
611675,115897,74
611675,116405,70
611675,117986,79
611675,120642,90
611675,128945,84
611675,129758,83
611675,131263,78
611675,132926,95
611675,133797,81
611675,134671,68
5475871,30002,80
5475871,30011,70
5475871,30012,70
5475871,30401,80
5475871,30598,70
5475871,30669,70
5475871,33986,70
5475871,37519,90
5475871,40010,80
5475871,41327,100
5475871,53390,70
5475871,54705,70
5475871,55297,40
5475871,63327,70
5475871,66213,70
5475871,69883,90
5475871,70175,80
5475871,74347,90
5475871,75757,90
5475871,85189,80
5475871,85319,80
5475871,85486,100
5475871,85533,90
5475871,85611,70
5475871,85666,80
5475871,86508,70
5475871,86551,90
5475871,86560,60
5475871,86635,100
5475871,87142,50
5475871,87178,70
5475871,87423,90
5475871,97842,90
5475871,98416,100
5475871,99536,100
5475871,99549,80
5475871,101745,60
5475871,101932,80
5475871,102423,90
5475871,102490,80
8017188,30013,70
8017188,30656,100
8017188,53390,40
8017188,54294,90
8017188,61499,20
8017188,65243,90
8017188,72451,70
8017188,74347,90
8017188,85802,30
8017188,86218,70
8017188,86635,80
8017188,87216,50
8017188,87459,70
8017188,97852,70
8017188,98235,70
8017188,99022,90
8017188,100230,40
8017188,100664,30
8017188,100874,50
8017188,101517,80
8017188,101557,80
8017188,101583,70
8017188,102988,30
8017188,105398,90
8017188,105641,30
8017188,105778,80
8017188,106064,80
8017188,106130,90
8017188,107098,60
8017188,107282,50
8017188,108556,80
8017188,109501,80
8017188,110473,70
8017188,111233,80
8017188,112981,70
8017188,114416,60
8017188,116186,80
8017188,117195,60
8017188,119121,70
8017188,120760,60
8017188,123164,50
8017188,132029,70
8017188,132182,100
8017188,140475,100
8017188,147149,80
8017188,147329,80
8017188,148082,80
8017188,152404,70
8017188,152913,80
8017188,156867,80
8017188,169272,70
8017188,172407,70
8017188,177096,80
8017188,187944,100
8017188,197272,80
512351,30028,95
512351,30055,70
512351,30102,100
512351,31144,60
512351,31978,77
512351,32921,95
512351,32930,60
512351,33378,90
512351,33867,60
512351,33872,70
512351,34239,35
512351,34251,60
512351,34514,70
512351,35255,75
512351,35256,60
512351,35395,50
512351,35686,60
512351,37632,60
512351,37676,60
512351,38042,70
512351,38115,55
512351,38522,65
512351,39296,60
512351,39870,50
512351,40058,60
512351,40391,63
512351,41087,60
512351,41591,60
512351,41803,55
512351,42064,80
512351,42142,70
512351,43700,70
512351,43837,70
512351,45206,69
512351,46614,50
512351,46794,75
512351,47213,60
512351,47731,60
512351,49620,50
512351,49947,72
512351,50764,65
512351,53390,90
512351,56943,79
512351,57231,90
512351,60315,90
512351,61471,60
512351,63325,80
512351,65243,100
512351,65597,65
512351,67067,40
512351,67489,80
512351,69429,60
512351,71063,70
512351,72173,60
512351,72451,80
512351,73755,50
512351,73789,60
512351,79189,65
512351,79253,40
512351,79537,70
512351,80203,60
512351,81231,60
512351,81589,78
512351,81867,60
512351,84575,60
512351,84663,60
512351,84817,65
512351,85351,85
512351,85357,77
512351,85480,70
512351,85487,40
512351,85549,60
512351,85554,80
512351,85559,75
512351,85624,78
512351,85628,55
512351,85632,70
512351,85803,65
512351,85861,80
512351,85922,60
512351,85953,69
512351,85956,75
512351,85957,50
512351,85960,78
512351,86219,73
512351,86288,50
512351,86296,70
512351,86524,75
512351,86691,75
512351,86716,70
512351,86729,80
512351,86750,68
512351,86752,75
512351,86804,70
512351,86845,67
512351,88260,70
512351,89258,70
512351,92355,80
512351,95122,60
512351,95957,75
512351,96153,70
512351,96453,55
512351,97008,80
512351,97010,60
512351,97354,60
512351,97701,80
512351,98388,75
512351,98483,85
512351,98571,70
512351,98787,70
512351,99564,70
512351,99577,75
512351,99640,80
512351,99744,80
512351,99752,70
512351,99770,70
512351,99771,70
512351,99890,90
512351,100023,70
512351,100033,80
512351,100045,60
512351,100052,70
512351,100154,67
512351,100195,80
512351,100851,84
512351,101202,65
512351,101255,80
512351,101265,90
512351,101649,70
512351,102253,75
512351,102745,77
512351,103036,80
512351,103121,50
512351,103190,75
512351,103270,80
512351,103552,79
512351,103907,70
512351,103917,60
512351,104062,75
512351,104203,90
512351,104258,70
512351,104519,60
512351,105428,65
512351,105706,80
512351,105707,70
512351,105708,65
512351,106313,68
512351,106356,70
512351,106500,70
512351,106730,70
512351,106793,70
512351,106865,70
512351,106983,80
512351,107041,70
512351,107375,85
512351,107496,75
512351,107685,70
512351,107895,65
512351,108163,78
512351,109128,70
512351,109441,70
512351,109728,90
512351,109762,90
512351,110095,90
512351,110518,60
512351,111190,75
512351,111546,50
512351,111669,80
512351,111758,80
512351,111797,80
512351,112332,70
512351,112812,75
512351,113326,90
512351,113553,70
512351,114328,65
512351,114391,70
512351,114403,70
512351,114427,100
512351,114787,65
512351,117265,70
512351,118998,75
512351,119301,80
512351,119397,77
512351,120335,54
512351,120440,80
512351,121106,75
512351,121409,65
512351,121468,78
512351,121821,80
512351,122213,80
512351,122270,85
512351,122528,75
512351,122739,80
512351,123362,65
512351,123605,75
512351,125031,70
512351,125147,70
512351,125192,75
512351,126010,80
512351,126768,70
512351,128064,75
512351,128588,68
512351,128965,100
512351,129797,80
512351,130378,70
512351,130740,75
512351,131108,78
512351,131202,75
512351,131220,65
512351,131959,90
512351,132945,90
512351,134394,70
512351,135050,80
512351,135350,80
512351,136024,95
512351,136040,65
512351,136351,85
512351,137073,70
512351,137286,85
512351,137727,75
512351,137820,75
512351,139573,65
512351,139660,80
512351,139781,80
512351,140288,10
512351,142201,95
512351,142505,75
512351,142685,80
512351,143003,100
512351,144006,85
512351,144448,70
512351,144661,70
512351,144732,80
512351,145073,85
512351,146419,55
512351,146956,80
512351,148414,85
512351,149756,100
512351,150664,60
512351,151181,75
512351,151459,60
512351,152029,70
512351,152160,75
512351,153135,75
512351,153671,70
512351,155456,80
512351,156908,90
512351,160651,85
512351,162368,75
512351,164269,70
512351,166398,70
512351,166530,70
512351,166885,100
512351,167170,75
512351,170543,90
512351,171883,70
512351,173121,70
512351,173326,75
512351,174799,80
512351,174865,80
512351,175272,75
512351,178323,90
512351,182388,75
5685266,30001,100
5685266,30021,90
5685266,30028,80
5685266,30373,20
5685266,30436,80
5685266,30756,90
5685266,30936,50
5685266,33992,50
5685266,35427,40
5685266,39699,90
5685266,42569,70
5685266,44127,90
5685266,47465,70
5685266,48200,90
5685266,50594,60
5685266,54308,100
5685266,58361,50
5685266,58393,100
5685266,66903,70
5685266,69565,60
5685266,85235,70
5685266,85734,70
5685266,86770,80
5685266,87020,80
5685266,87208,70
5685266,87459,60
5685266,97553,60
5685266,98397,70
5685266,98544,90
5685266,100052,40
5685266,100187,80
5685266,100568,100
5685266,100758,80
5685266,100895,90
5685266,103192,80
5685266,104203,40
5685266,105592,50
5685266,105778,50
5685266,107790,50
5685266,108360,70
5685266,108556,60
5685266,111897,80
5685266,112275,80
5685266,112579,70
5685266,114027,100
5685266,116170,100
5685266,118859,50
5685266,121088,70
5685266,126135,80
5685266,127819,70
5685266,130711,50
5685266,138603,70
5685266,140324,70
5685266,152198,70
6753103,85208,70
6753103,86640,70
6753103,104494,75
6753103,105393,70
6753103,105398,100
6753103,107518,80
6753103,108050,80
6753103,110605,90
6753103,113666,100
6753103,114605,85
6753103,116353,100
6753103,117536,75
6753103,119174,100
6753103,119257,90
6753103,119276,70
6753103,119521,100
6753103,120385,100
6753103,120980,100
6753103,123573,80
6753103,127993,100
6753103,129632,90
6753103,130222,70
6753103,132144,100
6753103,134635,80
6753103,135083,70
6753103,135317,65
6753103,135325,90
6753103,135369,80
6753103,136220,85
6753103,137304,100
6753103,137595,80
6753103,138222,90
6753103,138366,80
6753103,140407,100
6753103,140837,85
6753103,140896,80
6753103,141076,80
6753103,142287,80
6753103,143956,85
6753103,144629,70
6753103,146017,70
6753103,147102,75
6753103,151025,80
6753103,151460,80
6753103,151512,90
6753103,152128,60
6753103,153284,90
6753103,153682,60
6753103,154258,100
6753103,155485,100
6753103,159930,80
6753103,160980,85
6753103,163824,90
6753103,164857,75
6753103,165182,80
6753103,170894,80
6753103,172623,60
6753103,175262,90
6753103,175946,100
6753103,176790,80
6753103,176845,85
6753103,177706,90
6753103,178379,75
6753103,180890,80
6753103,180891,90
6753103,182066,90
6753103,182511,80
6753103,183376,80
6753103,185991,80
6753103,187427,80
6753103,191101,80
6753103,192184,80
39848,30011,90
39848,30055,100
39848,30387,80
39848,30392,70
39848,30966,70
39848,31121,90
39848,31412,80
39848,31432,80
39848,31926,80
39848,32572,80
39848,32937,80
39848,33048,70
39848,33378,80
39848,33403,90
39848,33633,90
39848,33924,90
39848,34293,80
39848,34349,70
39848,34365,90
39848,34472,90
39848,34546,90
39848,35394,80
39848,35395,70
39848,35766,80
39848,35948,90
39848,36164,100
39848,36320,90
39848,36816,70
39848,37274,70
39848,37627,90
39848,37654,80
39848,37676,90
39848,38042,80
39848,38885,60
39848,39625,60
39848,40255,100
39848,40704,70
39848,41180,90
39848,41589,50
39848,41767,80
39848,41801,100
39848,42064,90
39848,42421,100
39848,42451,80
39848,42824,90
39848,42888,90
39848,43194,90
39848,44664,70
39848,44821,80
39848,45531,90
39848,46192,70
39848,46256,80
39848,47051,70
39848,47328,90
39848,47775,70
39848,48939,80
39848,49947,70
39848,49961,80
39848,51548,60
39848,51653,60
39848,52518,90
39848,52521,90
39848,53588,80
39848,53650,90
39848,53928,80
39848,54522,90
39848,56021,90
39848,56736,80
39848,57231,70
39848,58226,90
39848,60315,80
39848,60595,60
39848,62171,80
39848,62931,90
39848,65373,90
39848,65719,90
39848,66213,70
39848,66379,90
39848,67069,80
39848,69429,80
39848,69627,90
39848,69731,70
39848,72451,80
39848,73655,90
39848,74849,90
39848,75089,90
39848,76368,70
39848,79183,90
39848,79341,70
39848,79537,90
39848,79809,80
39848,80217,100
39848,80429,90
39848,80767,70
39848,81643,80
39848,81705,80
39848,82175,80
39848,85214,100
39848,85326,80
39848,85345,70
39848,85369,70
39848,85377,60
39848,85407,90
39848,85419,80
39848,85533,70
39848,85955,90
39848,86122,70
39848,86171,80
39848,86294,70
39848,86397,60
5270891,30047,80
5270891,38848,79
5270891,74347,90
5270891,97999,61
5270891,99920,60
5270891,100994,77
5270891,106454,75
5270891,107611,68
5270891,107780,70
5270891,107978,68
5270891,109170,78
5270891,110516,60
5270891,113591,66
5270891,114960,80
5270891,115042,68
5270891,116809,78
5270891,117964,60
5270891,121703,70
5270891,124853,82
5270891,126717,58
5270891,141262,80
5270891,144946,82
6113052,30838,80
6113052,35157,70
6113052,41434,80
6113052,41593,78
6113052,53390,100
6113052,54692,90
6113052,61499,80
6113052,63327,100
6113052,72451,70
6113052,74347,80
6113052,85220,80
6113052,85442,70
6113052,85611,80
6113052,85802,70
6113052,86300,70
6113052,86338,60
6113052,86635,90
6113052,86717,80
6113052,87321,80
6113052,87395,90
6113052,96798,70
6113052,96834,70
6113052,97553,80
6113052,97852,70
6113052,98235,80
6113052,98842,90
6113052,99324,80
6113052,100230,80
6113052,100476,70
6113052,101185,60
6113052,101724,70
6113052,101756,70
6113052,103082,60
6113052,104263,60
6113052,104503,70
6113052,104660,80
6113052,104977,70
6113052,105398,100
6113052,105778,80
6113052,106474,70
6113052,109310,50
6113052,116091,60
6113052,116266,70
6113052,117195,90
6113052,134369,50
6687553,30011,80
6687553,30012,90
6687553,30013,90
6687553,30642,80
6687553,53390,90
6687553,65243,90
6687553,85141,80
6687553,85143,90
6687553,85486,90
6687553,87216,90
6687553,101517,90
6687553,105398,90
6687553,105778,90
6687553,106130,90
6687553,114605,90
6687553,118586,77
6687553,119257,90
6687553,126770,90
6687553,138366,50
6687553,144957,82
6972942,30012,100
6972942,30021,80
6972942,30043,76
6972942,30142,55
6972942,30401,80
6972942,30564,77
6972942,30583,72
6972942,30584,75
6972942,30698,100
6972942,30908,91
6972942,30936,87
6972942,31133,81
6972942,31505,50
6972942,34632,93
6972942,40010,68
6972942,40226,32
6972942,43702,47
6972942,44790,69
6972942,50593,53
6972942,53390,80
6972942,54705,90
6972942,60871,48
6972942,61499,63
6972942,63327,88
6972942,65003,61
6972942,65243,78
6972942,66267,76
6972942,69139,51
6972942,69325,82
6972942,71847,58
6972942,72451,86
6972942,74485,26
6972942,78483,69
6972942,78881,55
6972942,79865,75
6972942,85143,73
6972942,85388,21
6972942,85598,45
6972942,85611,87
6972942,85911,91
6972942,86136,69
6972942,86218,100
6972942,86310,68
6972942,86635,64
6972942,86820,56
6972942,86848,66
6972942,86964,100
6972942,87207,38
6972942,87534,53
6972942,97553,89
6972942,98328,62
6972942,98397,84
6972942,99609,87
6972942,99943,12
6972942,100197,40
6972942,100230,70
6972942,100568,79
6972942,100664,14
6972942,101583,73
6972942,101724,11
6972942,101860,27
6972942,102988,50
6972942,105011,100
6972942,105398,45
6972942,105778,45
6972942,106130,65
6972942,107237,88
6972942,108556,36
6972942,111233,74
6972942,113076,54
6972942,114416,78
6972942,114791,67
6972942,114960,66
6972942,116186,86
6972942,117195,90
6972942,117620,85
6972942,119247,86
6972942,120760,65
6972942,125828,34
6972942,126722,94
6972942,132029,36
6972942,132182,100
6972942,140475,50
6972942,147997,81
6972942,211551,63
7341720,113676,100
7341720,114608,100
7341720,116774,100
7341720,124441,100
7341720,125817,100
7341720,125964,100
7341720,128723,100
7341720,130483,100
7341720,130600,100
7341720,138039,100
7341720,142398,100
7341720,142884,100
7341720,144076,100
7341720,144198,100
7341720,146260,100
7341720,148393,100
7341720,150317,100
7341720,152199,100
7341720,156220,100
7341720,157262,100
7341720,159502,100
7341720,159532,100
7341720,160570,100
7341720,162193,100
7341720,166580,100
7341720,167432,100
7341720,167464,100
7341720,169211,100
7341720,172094,100
7341720,173720,100
7341720,175184,100
7341720,175377,100
7341720,179249,100
7341720,180972,100
7341720,180987,100
7341720,181553,100
7341720,181859,100
7341720,183928,100
7341720,184385,100
7341720,185345,100
7341720,186954,100
7341720,187194,100
7341720,187531,100
7341720,191728,100
7490761,35000,70
7490761,56726,70
7490761,60123,70
7490761,82267,60
7490761,85399,80
7490761,85858,70
7490761,86218,80
7490761,86342,80
7490761,86399,80
7490761,86952,80
7490761,87213,80
7490761,87260,60
7490761,96834,70
7490761,97708,80
7490761,97852,90
7490761,99022,90
7490761,99775,70
7490761,100230,80
7490761,100560,80
7490761,101718,70
7490761,102841,80
7490761,103850,70
7490761,103875,70
7490761,104686,60
7490761,104717,80
7490761,105398,80
7490761,107539,70
7490761,112378,70
7490761,118408,90
7490761,118695,80
7490761,127169,80
7490761,140407,90
5841487,70175,89
5841487,85268,97
5841487,86099,87
5841487,86549,80
5841487,86797,75
5841487,86964,94
5841487,87216,89
5841487,97897,70
5841487,98689,94
5841487,99392,75
5841487,100200,90
5841487,100885,83
5841487,100918,89
5841487,100954,85
5841487,104660,92
5841487,105115,67
5841487,105778,89
5841487,106130,89
5841487,106929,85
5841487,107006,89
5841487,107234,85
5841487,107254,94
5841487,109227,92
5841487,109398,97
5841487,109471,81
5841487,110047,76
5841487,111583,87
5841487,114542,87
5841487,115000,96
5841487,115044,96
5841487,118267,95
5841487,118935,93
5841487,119143,87
5841487,119174,87
5841487,119257,92
5841487,121565,93
5841487,123409,93
5841487,125095,89
5841487,125430,86
5841487,126297,90
5841487,126769,87
5841487,127594,80
5841487,127618,89
5841487,128067,93
5841487,128393,87
5841487,128521,92
5841487,132144,94
5841487,132403,95
5841487,134829,80
5841487,135096,97
5841487,141958,87
5841487,143056,87
5841487,143336,79
5841487,144382,95
5841487,144927,85
5841487,147515,85
5841487,149544,95
5841487,151025,82
5841487,152435,81
5841487,155482,90
5841487,163534,94
7641290,31363,80
7641290,39256,70
7641290,51525,90
7641290,65573,90
7641290,68105,80
7641290,79835,80
7641290,80145,50
7641290,85226,80
7641290,86008,50
7641290,86218,85
7641290,86235,80
7641290,86568,85
7641290,87459,90
7641290,98416,100
7641290,99536,85
7641290,99853,50
7641290,102070,70
7641290,104540,90
7641290,104878,70
7641290,106232,80
7641290,107987,85
7641290,108919,80
7641290,109302,75
7641290,109406,75
7641290,111168,80
7641290,111969,70
7641290,111970,85
7641290,115790,95
7641290,116475,70
7641290,118234,85
7641290,119650,80
7641290,120067,80
7641290,121017,80
7641290,121023,80
7641290,121165,80
7641290,121166,90
7641290,124382,90
7641290,126722,80
7641290,127894,80
7641290,134367,75
7641290,136109,90
7641290,138603,90
7641290,142320,90
7641290,146507,65
7641290,146508,65
7641290,149544,70
7641290,159925,95
5887203,30988,100
5887203,38586,98
5887203,52651,98
5887203,85155,75
5887203,85208,90
5887203,86707,70
5887203,87129,97
5887203,87416,100
5887203,97999,88
5887203,101242,84
5887203,101437,96
5887203,105393,90
5887203,105398,100
5887203,108835,90
5887203,110605,90
5887203,118655,85
5887203,119257,95
5887203,119857,85
5887203,120475,90
5887203,120805,87
5887203,128067,75
5887203,128882,95
183678,30958,70
183678,30965,50
183678,33048,80
183678,33633,60
183678,33986,70
183678,35293,60
183678,41734,80
183678,43463,70
183678,46688,70
183678,47353,70
183678,48597,80
183678,50593,70
183678,54808,70
183678,55297,90
183678,55322,60
183678,56479,50
183678,58361,60
183678,60079,80
183678,60315,70
183678,63327,80
183678,66199,60
183678,67975,40
183678,73509,60
183678,75757,80
183678,80145,70
183678,85671,50
183678,85793,80
183678,105398,90
128574,30001,90
128574,30003,85
128574,30011,80
128574,30013,100
128574,30025,100
128574,30149,60
128574,30564,80
128574,30583,100
128574,30598,40
128574,30656,100
128574,30731,90
128574,30743,70
128574,30745,80
128574,30768,85
128574,30770,80
128574,30936,40
128574,31230,20
128574,31501,45
128574,31649,85
128574,32921,80
128574,33031,70
128574,33033,60
128574,33378,70
128574,34632,50
128574,38848,80
128574,51419,55
128574,53390,100
128574,54294,80
128574,55338,40
128574,56736,85
128574,60315,60
128574,61499,40
128574,65719,70
128574,67013,70
128574,67507,40
128574,72451,70
128574,73661,70
128574,74347,90
128574,74485,70
128574,75757,80
128574,78479,30
128574,82277,70
128574,85282,40
128574,85377,30
128574,85395,60
128574,85486,80
128574,85849,80
128574,86123,50
128574,86300,50
128574,86607,60
128574,86635,90
128574,87216,80
128574,87315,60
128574,87321,70
128574,98275,70
128574,100117,70
128574,100230,80
128574,100664,70
128574,105896,30
128574,118647,70
382776,33256,60
382776,33586,80
382776,33731,60
382776,34584,60
382776,34632,100
382776,38872,60
382776,38967,30
382776,41734,90
382776,47353,40
382776,65673,50
382776,66413,70
382776,68105,60
382776,85412,70
382776,86549,70
382776,86937,30
382776,87208,60
382776,87459,100
382776,98397,30
382776,98587,10
382776,99140,50
382776,99489,50
382776,100126,30
382776,101982,70
382776,102047,30
382776,104031,70
382776,104056,40
382776,104140,100
382776,106232,50
382776,106726,100
382776,107237,20
382776,108575,40
382776,109224,70
382776,109285,100
382776,109868,80
382776,110396,70
382776,111168,80
382776,113168,50
382776,114003,60
382776,114970,70
382776,114972,60
382776,115508,70
382776,117195,20
382776,120649,50
382776,132029,20
382776,139328,60
382776,142568,80
382776,149760,80
382776,155471,70
382776,160183,50
151824,30002,100
151824,30004,80
151824,30007,90
151824,30010,90
151824,30026,90
151824,30053,70
151824,30081,100
151824,30092,70
151824,30104,100
151824,30107,80
151824,30113,60
151824,30124,90
151824,30221,60
151824,30336,80
151824,30436,90
151824,30444,80
151824,30646,60
151824,30688,80
151824,30698,80
151824,30735,80
151824,30768,80
151824,30818,70
151824,30908,60
151824,30909,90
151824,30912,90
151824,30968,50
151824,31043,70
151824,31061,90
151824,31133,100
151824,31193,70
151824,31224,100
151824,31344,90
151824,31373,80
151824,31517,70
151824,31630,80
151824,31693,70
151824,32598,90
151824,33126,80
151824,33258,90
151824,33299,90
151824,33526,70
151824,33614,80
151824,33731,90
151824,33992,80
151824,34328,70
151824,34628,80
151824,34632,100
151824,37375,100
151824,38204,90
151824,38586,90
151824,39057,60
151824,39256,70
151824,39468,70
151824,40690,60
151824,40867,60
151824,41514,90
151824,41744,50
151824,44531,80
151824,44790,80
151824,44909,80
151824,45355,80
151824,47192,70
151824,47353,70
151824,47465,90
151824,50375,80
151824,50988,80
151824,52651,90
151824,55250,80
151824,58361,80
151824,61853,60
151824,63327,80
151824,65727,80
151824,66903,70
151824,69325,90
151824,72001,90
151824,73287,80
151824,74347,90
151824,74485,70
151824,75996,80
151824,76010,90
151824,80217,80
151824,81747,90
151824,82435,90
151824,85135,70
151824,85197,70
151824,85215,90
151824,85281,70
151824,85316,90
151824,85457,60
151824,85486,80
151824,85522,70
151824,85533,80
151824,86060,70
151824,86399,90
151824,86532,80
151824,86551,100
151824,86635,100
151824,86642,70
151824,86788,50
151824,87015,90
151824,87134,80
151824,87395,90
151824,87415,70
151824,87423,80
151824,87459,80
151824,88577,80
151824,95978,70
151824,96366,80
151824,97626,80
151824,97718,80
151824,97721,90
151824,97722,80
151824,97842,50
151824,97852,70
151824,98263,90
151824,98341,80
151824,98348,80
151824,98397,90
151824,98674,80
151824,99891,60
151824,99943,60
151824,100758,90
151824,100796,80
151824,100868,70
151824,101131,70
151824,101311,90
151824,101982,80
151824,102417,80
151824,102989,80
151824,103250,70
151824,104042,60
151824,104249,60
151824,104782,90
151824,104831,80
151824,105159,80
151824,105263,90
151824,105778,90
151824,107620,60
151824,107790,80
151824,108948,60
151824,109187,60
151824,110644,50
151824,110659,90
151824,111158,60
151824,111899,80
151824,112579,90
151824,113168,80
151824,115750,70
151824,117495,80
151824,118586,80
151824,120031,80
151824,122949,90
151824,124984,80
151824,127285,60
151824,127915,50
151824,135662,70
151824,135664,80
151824,142568,80
151824,142919,60
151824,145235,80
151824,145265,80
151824,145266,80
151824,145268,80
151824,145482,70
151824,145612,90
151824,146398,70
151824,148140,90
151824,152198,70
151824,155116,80
151824,155699,30
151824,159137,80
151824,177542,70
151824,179332,70
346750,30008,50
346750,30013,100
346750,30026,70
346750,30336,70
346750,30564,80
346750,30642,80
346750,33009,70
346750,39711,80
346750,44790,80
346750,47915,60
346750,53390,70
346750,54294,70
346750,55132,70
346750,63031,50
346750,74347,70
346750,74485,70
346750,76716,50
346750,85143,80
346750,85161,60
346750,85216,70
346750,85486,70
346750,85564,60
346750,86310,60
346750,86399,80
346750,86526,60
346750,86551,60
346750,87170,50
346750,87216,70
346750,87423,70
346750,96798,70
346750,96834,60
346750,105398,80
346750,105778,50
346750,107237,50
346750,114960,70
346750,118655,50
346750,120760,70
5928594,30002,90
5928594,30642,90
5928594,30656,80
5928594,63327,90
5928594,85155,37
5928594,85495,92
5928594,85611,90
5928594,86707,52
5928594,86952,86
5928594,98416,90
5928594,101134,96
5928594,101517,65
5928594,103156,67
5928594,104271,58
5928594,104494,46
5928594,105398,82
5928594,105778,62
5928594,106130,63
5928594,106929,87
5928594,107518,75
5928594,108984,64
5928594,109957,42
5928594,110042,98
5928594,110462,56
5928594,110605,100
5928594,113666,84
5928594,114605,80
5928594,116353,64
5928594,116506,54
5928594,117460,70
5928594,117536,54
5928594,118177,43
5928594,118424,84
5928594,119257,90
5928594,119276,64
5928594,119363,52
5928594,119521,84
5928594,120385,95
5928594,120980,93
5928594,121991,80
5928594,123573,54
5928594,124577,56
5928594,125816,84
5928594,128067,88
5928594,128882,64
5928594,130149,65
5928594,130566,64
5928594,130870,75
5928594,132144,100
5928594,132457,63
5928594,133708,42
5928594,134635,77
5928594,135317,82
5928594,135325,64
5928594,135369,63
5928594,136331,54
5928594,137168,60
5928594,137280,83
5928594,137595,87
5928594,138917,69
5928594,139572,79
5928594,140407,90
5928594,140837,68
5928594,141011,84
5928594,142287,63
5928594,142352,76
5928594,143056,86
5928594,143352,75
5928594,145966,54
5928594,146712,76
5928594,147027,83
5928594,147561,75
5928594,148308,31
5928594,149332,84
5928594,150508,73
5928594,151025,70
5928594,151457,62
5928594,151460,50
5928594,151512,90
5928594,152104,52
5928594,153284,81
5928594,153869,100
5928594,153883,50
5928594,154208,75
5928594,154782,60
5928594,155967,90
5928594,156629,73
5928594,159121,55
5928594,159439,79
5928594,159441,100
5928594,159930,83
5928594,160980,76
5928594,161749,86
5928594,163824,90
5928594,164122,64
5928594,164857,100
5928594,164996,80
5928594,165182,70
5928594,165287,70
5928594,165900,70
5928594,166154,65
5928594,167649,45
5928594,167834,80
5928594,170400,70
5928594,170724,70
5928594,170894,60
5928594,170956,54
5928594,172583,51
5928594,172623,70
5928594,173020,80
5928594,175946,95
5928594,177706,95
5928594,179445,70
5928594,181829,70
5928594,183376,80
5928594,185066,73
7194412,54508,100
7194412,56069,50
7194412,57467,100
7194412,90576,100
7194412,99151,100
7194412,99472,100
7194412,117169,100
7194412,120127,100
7194412,124020,100
7194412,133617,100
7194412,137448,100
7194412,141553,100
7194412,144021,100
7194412,150591,100
7194412,150958,100
7194412,150965,100
7194412,153574,100
7194412,156385,100
7194412,157667,100
7194412,158609,100
7194412,159167,100
7194412,165333,100
7194412,166342,100
7194412,168524,100
7194412,172683,100
7194412,182644,100
7194412,187081,100
7194412,194372,100
7194412,194531,100
7194412,198097,100
7194412,200996,100
7194412,206669,100
7901931,30011,100
7901931,30015,70
7901931,30016,90
7901931,30017,100
7901931,30021,90
7901931,30026,90
7901931,30038,100
7901931,30045,70
7901931,30057,90
7901931,30071,80
7901931,30075,100
7901931,30094,100
7901931,30099,100
7901931,30107,90
7901931,30110,80
7901931,30173,90
7901931,30174,90
7901931,30269,100
7901931,30312,70
7901931,30389,80
7901931,30395,100
7901931,30455,80
7901931,30458,80
7901931,30480,70
7901931,30509,70
7901931,30513,80
7901931,30530,80
7901931,30551,70
7901931,30561,90
7901931,30669,80
7901931,30703,90
7901931,30779,90
7901931,30823,90
7901931,30894,90
7901931,30919,100
7901931,31349,70
7901931,31878,100
7901931,33031,100
7901931,33039,60
7901931,39911,80
7901931,41767,100
7901931,54294,100
7901931,90771,80
7901931,107649,100
5784724,30010,85
5784724,30118,100
5784724,30587,70
5784724,30899,70
5784724,31158,90
5784724,31345,80
5784724,33631,60
5784724,33941,90
5784724,35427,60
5784724,36164,90
5784724,36306,60
5784724,40809,60
5784724,41244,80
5784724,41777,90
5784724,43544,80
5784724,48139,50
5784724,52195,50
5784724,85929,90
5784724,86218,90
5784724,86300,70
5784724,87363,70
5784724,97553,90
5784724,98147,70
5784724,105747,90
5784724,105949,60
5784724,108839,50
5784724,108919,70
5784724,109141,60
5784724,117195,90
5784724,118949,80
5784724,119493,70
5784724,123777,80
5784724,130711,70
5910038,42629,30
5910038,46133,50
5910038,57713,95
5910038,59167,70
5910038,73153,80
5910038,83753,50
5910038,84085,80
5910038,84107,80
5910038,85405,90
5910038,85928,90
5910038,87234,50
5910038,87235,80
5910038,88004,80
5910038,90310,30
5910038,91393,95
5910038,91664,60
5910038,93483,30
5910038,93989,80
5910038,95736,70
5910038,96953,100
5910038,98543,40
5910038,99674,80
5910038,100476,50
5910038,100734,90
5910038,101927,90
5910038,103213,100
5910038,103864,60
5910038,106864,65
5910038,107281,40
5910038,107780,5
5910038,108724,80
5910038,110325,60
5910038,110328,70
5910038,110334,100
5910038,112672,65
5910038,112675,60
5910038,113310,60
5910038,113620,70
5910038,114395,80
5910038,114892,70
5910038,115042,10
5910038,116359,50
5910038,116435,50
5910038,117108,70
5910038,117355,80
5910038,117658,80
5910038,118362,70
5910038,118776,50
5910038,119089,80
5910038,119177,60
5910038,119724,60
5910038,120529,90
5910038,122200,70
5910038,122576,70
5910038,122882,75
5910038,124785,90
5910038,125066,80
5910038,126581,80
5910038,127589,80
5910038,127590,85
5910038,128040,80
5910038,128669,95
5910038,128907,60
5910038,130071,70
5910038,131162,90
5910038,131189,70
5910038,131404,60
5910038,131451,80
5910038,131775,80
5910038,132410,30
5910038,132429,10
5910038,132435,80
5910038,132965,80
5910038,132990,70
5910038,132991,90
5910038,133307,80
5910038,133623,70
5910038,133785,60
5910038,133941,85
5910038,134011,80
5910038,135163,60
5910038,135351,70
5910038,135533,60
5910038,137950,90
5910038,137953,75
5910038,137955,50
5910038,141547,70
5910038,141648,80
5910038,141651,60
5910038,141653,70
5910038,141654,75
5910038,142412,80
5910038,143236,80
5910038,144080,30
5910038,144322,70
5910038,144911,80
5910038,146334,70
5910038,147154,70
5910038,149670,60
5910038,150680,90
5910038,150958,40
5910038,150962,85
5910038,150964,75
5910038,150965,90
5910038,151261,60
5910038,151708,50
5910038,152014,80
5910038,152015,85
5910038,152339,80
5910038,152340,80
5910038,152481,70
5910038,152482,60
5910038,153055,100
5910038,153516,50
5910038,153574,80
5910038,153819,70
5910038,153837,85
5910038,153961,80
5910038,153963,100
5910038,154015,75
5910038,154016,85
5910038,154911,20
5910038,155649,70
5910038,155818,30
5910038,155819,60
5910038,157844,80
5910038,158502,70
5910038,158609,95
5910038,159047,20
5910038,159167,60
5910038,159571,70
5910038,160568,100
5910038,161163,80
5910038,161372,60
5910038,162057,40
5910038,163128,70
5910038,163293,80
5910038,163355,60
5910038,163389,95
5910038,163394,60
5910038,163395,60
5910038,163396,70
5910038,163483,80
5910038,163972,90
5910038,164016,70
5910038,164017,80
5910038,164018,80
5910038,164199,100
5910038,164565,90
5910038,165007,100
5910038,165046,70
5910038,165409,90
5910038,166131,70
5910038,166458,80
5910038,166919,70
5910038,166920,80
5910038,167774,80
5910038,167868,70
5910038,168231,50
5910038,168234,70
5910038,168427,70
5910038,168494,20
5910038,169226,80
5910038,170258,70
5910038,170416,60
5910038,170430,70
5910038,170431,80
5910038,170475,90
5910038,170476,75
5910038,170477,40
5910038,170635,90
5910038,170810,60
5910038,171347,50
5910038,171358,80
5910038,171479,80
5910038,171480,75
5910038,171481,40
5910038,171718,75
5910038,171749,80
5910038,172163,80
5910038,172183,30
5910038,172184,60
5910038,173420,80
5910038,173713,40
5910038,173743,70
5910038,173811,50
5910038,173813,80
5910038,173818,70
5910038,173886,80
5910038,174022,80
5910038,174066,40
5910038,174324,50
5910038,174348,60
5910038,174625,80
5910038,174778,75
5910038,174824,70
5910038,175283,60
5910038,175284,100
5910038,175285,70
5910038,175656,80
5910038,176504,60
5910038,178309,40
5910038,178559,90
5910038,178565,90
5910038,179995,70
5910038,181302,85
5910038,182334,60
5910038,183337,80
5910038,183439,50
5910038,184036,85
5910038,184220,70
5910038,184582,50
5910038,187516,80
5910038,203340,80
5910038,204630,60
6058789,30102,80
6058789,31133,90
6058789,34632,80
6058789,44748,60
6058789,51525,60
6058789,59211,70
6058789,65243,90
6058789,72451,90
6058789,74485,50
6058789,85486,70
6058789,85734,80
6058789,85850,80
6058789,86099,80
6058789,86123,80
6058789,86549,70
6058789,86568,70
6058789,86691,70
6058789,86717,80
6058789,87178,60
6058789,87208,70
6058789,87216,70
6058789,87347,60
6058789,87408,70
6058789,87423,60
6058789,97852,70
6058789,97871,80
6058789,98148,70
6058789,98263,70
6058789,98334,80
6058789,98370,70
6058789,98397,80
6058789,98416,70
6058789,98544,80
6058789,98561,60
6058789,98689,70
6058789,98842,70
6058789,99307,70
6058789,99943,50
6058789,99975,60
6058789,100755,70
6058789,100789,60
6058789,100805,80
6058789,100932,80
6058789,100954,80
6058789,100994,90
6058789,101517,90
6058789,101606,50
6058789,102988,70
6058789,103855,70
6058789,103995,50
6058789,104283,60
6058789,104533,70
6058789,104660,50
6058789,105778,90
6058789,106130,90
6058789,106453,60
6058789,107237,80
6058789,108027,70
6058789,108556,90
6058789,109302,60
6058789,109384,70
6058789,109398,80
6058789,110095,80
6058789,111140,60
6058789,111283,70
6058789,111406,70
6058789,113326,80
6058789,113350,70
6058789,114027,60
6058789,114531,70
6058789,114542,70
6058789,114791,60
6058789,115000,80
6058789,115929,60
6058789,116633,60
6058789,117324,70
6058789,119174,60
6058789,119257,80
6058789,120440,80
6058789,120760,70
6058789,121195,50
6058789,123558,60
6058789,123868,80
6058789,124443,60
6058789,125167,80
6058789,125376,60
6058789,126769,70
6058789,126849,60
6058789,128519,70
6058789,128521,70
6058789,132029,70
6058789,132182,70
6058789,132954,70
6058789,134556,70
6058789,141261,70
6058789,141958,70
6058789,144957,70
6058789,145551,70
6058789,149483,80
6058789,149544,70
6350807,30001,97
6350807,30002,95
6350807,30003,100
6350807,30149,60
6350807,30656,95
6350807,31285,60
6350807,33731,100
6350807,33780,70
6350807,34632,100
6350807,47465,95
6350807,53593,80
6350807,54705,60
6350807,66903,95
6350807,74489,100
6350807,96791,80
6350807,102215,80
6350807,105778,80
6350807,106130,60
6350807,126135,80
6350807,146116,70
6350807,169355,70
415168,30013,70
415168,30145,70
415168,51614,70
415168,61499,70
415168,72451,75
415168,85802,60
415168,86635,90
415168,87213,75
415168,87377,80
415168,98112,80
415168,99022,80
415168,100230,80
415168,100357,80
415168,100664,90
415168,101583,70
415168,101724,80
415168,105398,80
415168,111233,80
415168,118586,81
415168,132646,90
415168,145675,72
627228,30001,100
627228,30002,92
627228,30012,58
627228,30013,96
627228,30025,90
627228,30047,60
627228,30445,70
627228,30642,100
627228,31133,60
627228,34632,90
627228,39711,85
627228,51419,80
627228,53390,100
627228,63327,100
627228,65243,100
627228,66723,70
627228,72451,100
627228,74155,70
627228,74347,80
627228,74485,80
627228,74929,80
627228,85135,100
627228,85486,90
627228,85522,90
627228,85611,100
627228,85671,60
627228,85802,70
627228,86123,90
627228,86310,70
627228,86526,50
627228,86635,90
627228,86717,100
627228,87178,80
627228,87423,100
627228,97603,80
627228,97852,68
627228,98263,100
627228,98416,90
627228,98543,80
627228,99943,50
627228,100230,90
627228,100568,90
627228,100664,70
627228,101177,70
627228,101233,90
627228,101517,90
627228,101583,100
627228,102490,80
627228,102988,80
627228,103252,90
627228,105332,85
627228,105398,88
627228,105469,90
627228,105778,90
627228,107237,95
627228,108556,94
627228,110473,86
627228,112579,82
627228,112673,90
627228,113488,80
627228,117802,90
627228,117822,80
627228,118586,100
627228,119816,50
627228,124139,94
627228,125828,66
627228,129117,80
627228,132029,98
627228,132288,96
627228,138603,76
627228,140475,92
627228,142135,65
627228,142845,70
627228,147149,90
627228,147997,94
627228,153725,79
627228,166742,92
627228,168468,60
627228,169355,98
771610,30447,70
771610,30874,50
771610,31282,70
771610,33102,100
771610,43723,80
771610,51665,60
771610,53928,80
771610,58226,90
771610,66413,90
771610,68071,80
771610,69679,80
771610,80145,60
771610,85214,90
771610,85262,70
771610,85827,100
771610,85887,100
771610,86218,90
771610,86382,90
771610,86481,70
771610,86769,90
771610,87154,100
771610,94490,90
771610,97412,70
771610,97553,90
771610,98293,80
771610,99183,80
771610,99649,100
771610,99771,90
771610,100230,90
771610,100664,60
771610,100765,60
771610,101434,70
771610,101583,100
771610,101626,70
771610,103081,90
771610,103214,80
771610,103845,80
771610,104112,90
771610,104401,80
771610,104533,70
771610,104864,60
771610,105577,90
771610,105748,60
771610,105990,70
771610,106068,60
771610,106474,80
771610,106660,60
771610,106688,80
771610,106706,70
771610,108352,70
771610,109809,80
771610,110724,60
771610,111002,50
771610,111370,60
771610,111799,80
771610,113245,90
771610,113801,70
771610,115939,80
771610,116285,90
771610,117629,70
771610,118959,50
771610,119311,60
771610,121194,60
771610,122706,60
771610,123164,80
771610,128997,90
771610,131401,70
771610,136034,100
771610,137623,100
771610,138368,60
771610,138380,100
771610,138705,90
771610,138776,60
771610,139604,30
771610,141563,100
771610,143608,100
771610,147997,90
771610,148311,60
771610,149787,70
771610,150040,60
771610,151532,60
771610,155228,60
771610,156303,100
771610,160465,60
771610,164076,10
771610,170850,60
771610,174361,70
771610,187658,10
809141,30001,100
809141,30025,80
809141,30029,100
809141,30051,100
809141,30102,70
809141,30642,100
809141,30698,30
809141,31706,90
809141,33009,100
809141,34632,10
809141,47465,60
809141,53390,60
809141,54705,30
809141,55515,100
809141,65573,80
809141,85616,30
809141,85617,10
809141,85922,80
809141,86549,50
809141,87208,80
809141,87216,80
809141,87347,10
809141,98263,90
809141,98334,100
809141,98370,70
809141,98397,70
809141,98416,100
809141,98417,10
809141,98842,80
809141,100488,80
809141,100994,100
809141,101233,50
809141,101517,100
809141,102988,80
809141,103270,80
809141,105469,100
809141,105688,70
809141,105778,80
809141,106130,70
809141,107234,10
809141,107237,100
809141,109319,70
809141,109921,100
809141,111168,70
809141,111189,80
809141,112579,80
809141,129574,100
809141,138072,100
7290850,30014,80
7290850,30047,90
7290850,30401,80
7290850,30447,70
7290850,30463,70
7290850,30564,90
7290850,30583,80
7290850,30669,70
7290850,30671,70
7290850,30894,70
7290850,30908,80
7290850,31257,70
7290850,31258,80
7290850,33031,90
7290850,33403,80
7290850,33986,80
7290850,34632,100
7290850,35802,70
7290850,35806,70
7290850,37519,90
7290850,38070,90
7290850,38144,90
7290850,38586,90
7290850,38967,80
7290850,40552,80
7290850,41544,70
7290850,42586,70
7290850,44776,60
7290850,44790,90
7290850,45205,90
7290850,45805,80
7290850,46688,60
7290850,47915,70
7290850,48597,80
7290850,48939,80
7290850,49555,60
7290850,50593,70
7290850,51019,60
7290850,51419,70
7290850,51614,70
7290850,52519,80
7290850,52638,80
7290850,52651,90
7290850,54561,70
7290850,54705,90
7290850,55250,90
7290850,56769,80
7290850,57679,80
7290850,57989,70
7290850,60079,80
7290850,60123,60
7290850,61499,80
7290850,62833,70
7290850,63031,80
7290850,63327,90
7290850,65673,70
7290850,66267,70
7290850,66413,90
7290850,68071,90
7290850,69139,70
7290850,69325,80
7290850,69883,90
7290850,72545,80
7290850,73415,90
7290850,73967,60
7290850,74929,60
7290850,76716,70
7290850,78035,80
7290850,79661,70
7290850,85135,90
7290850,85138,80
7290850,85139,90
7290850,85181,70
7290850,85189,80
7290850,85198,80
7290850,85215,90
7290850,85413,90
7290850,85489,70
7290850,85663,70
7290850,85764,70
7290850,85849,90
7290850,85915,70
7290850,85952,80
7290850,86265,90
7290850,86640,80
7290850,86737,80
7290850,86848,60
7290850,86964,90
7290850,87164,80
7290850,87170,80
7290850,87216,90
7290850,87382,70
7290850,96737,70
7290850,97553,100
7290850,97764,70
7290850,98112,80
7290850,98235,80
7290850,100230,90
7290850,100568,90
7290850,100765,70
7290850,100937,80
7290850,100954,90
7290850,100991,80
7290850,101315,70
7290850,101683,30
7290850,102048,60
7290850,102988,70
7290850,102989,80
7290850,103866,70
7290850,104271,80
7290850,105398,70
7290850,105778,80
7290850,106867,80
7290850,107279,90
7290850,108251,100
7290850,108952,90
7290850,109147,80
7290850,109664,80
7290850,109713,90
7290850,110760,70
7290850,111297,60
7290850,111444,70
7290850,113340,70
7290850,116266,75
7290850,117728,90
7290850,119363,80
7290850,119521,90
7290850,119701,90
7290850,120475,70
7290850,128963,80
7290850,129694,70
7290850,130229,70
7290850,132182,80
7290850,134385,70
7290850,137615,60
7290850,138570,70
7290850,138705,90
7290850,139639,40
7290850,140407,90
7290850,141778,80
7290850,142568,90
7290850,146731,60
7290850,174578,70
7290850,185081,60
6183096,30267,60
6183096,30698,98
6183096,31211,90
6183096,31461,90
6183096,33082,90
6183096,33299,95
6183096,33731,92
6183096,34632,100
6183096,40580,80
6183096,47465,85
6183096,53736,75
6183096,66903,90
6183096,75447,75
6183096,78347,95
6183096,85887,80
6183096,85966,69
6183096,86082,80
6183096,86320,42
6183096,87216,80
6183096,87409,50
6183096,87423,80
6183096,87459,95
6183096,96754,80
6183096,97305,50
6183096,97553,85
6183096,97852,100
6183096,98043,40
6183096,98397,100
6183096,98686,80
6183096,99022,93
6183096,99404,81
6183096,99409,57
6183096,99609,90
6183096,100230,80
6183096,100293,85
6183096,100476,4
6183096,100568,100
6183096,100664,35
6183096,100765,65
6183096,101069,55
6183096,101551,78
6183096,101557,35
6183096,101583,76
6183096,101762,25
6183096,102907,50
6183096,103084,75
6183096,104063,80
6183096,104660,70
6183096,104763,95
6183096,104778,80
6183096,105011,35
6183096,105332,81
6183096,105641,76
6183096,105778,85
6183096,106775,70
6183096,107282,75
6183096,107559,6
6183096,107700,55
6183096,108105,61
6183096,108556,95
6183096,110393,100
6183096,110872,20
6183096,112981,70
6183096,113501,30
6183096,114917,20
6183096,114960,55
6183096,115149,35
6183096,116976,65
6183096,117832,70
6183096,118586,90
6183096,119247,85
6183096,120963,80
6183096,125489,45
6183096,136312,75
6183096,137714,78
6183096,138449,75
6183096,139465,70
6183096,139841,62
6183096,140475,70
6183096,141658,40
6183096,143174,72
6183096,146787,35
6183096,147149,91
6183096,149291,61
6183096,149544,90
6183096,149790,53
6183096,150193,62
6183096,150890,55
6183096,152284,50
6183096,152855,50
6183096,154366,50
6183096,156303,85
6183096,162412,45
6183096,163665,35
6183096,164076,35
6183096,164225,74
6183096,165241,10
6183096,166117,45
6183096,166929,65
6183096,169593,73
6183096,169904,75
6183096,169978,62
6183096,171289,58
6183096,171695,78
6183096,179318,74
6183096,179370,65
6183096,179506,60
6183096,180422,78
6183096,180647,81
6183096,180788,77
6183096,181057,50
6183096,181372,60
6183096,182066,70
6183096,182852,55
6183096,182911,85
6183096,184974,55
6183096,186514,69
6183096,187656,68
6183096,187658,1
6183096,188781,83
6183096,194302,80
6183096,195077,79
6183096,195083,70
6183096,195759,82
6183096,196054,83
6183096,198275,78
6183096,210397,70
6183096,211413,81
462418,30003,100
462418,30656,90
462418,30743,90
462418,30936,85
462418,31013,90
462418,32109,55
462418,33868,85
462418,37375,76
462418,38586,70
462418,39711,85
462418,41767,70
462418,44483,100
462418,46765,90
462418,47910,80
462418,51467,85
462418,52651,80
462418,53390,80
462418,53736,80
462418,54808,81
462418,58361,80
462418,63327,80
462418,65573,85
462418,66099,80
462418,69325,80
462418,79865,64
462418,85247,60
462418,85486,80
462418,86300,75
462418,86399,80
462418,86481,80
462418,86890,85
462418,86964,80
462418,87216,70
462418,96754,80
462418,97553,100
462418,100751,74
462418,100994,86
462418,101177,85
462418,101517,70
462418,101557,75
462418,104973,50
462418,105054,65
462418,105398,90
462418,105577,80
462418,106964,70
462418,107445,75
462418,108196,85
462418,110140,70
462418,111601,90
462418,113071,55
462418,114960,90
462418,117195,85
462418,117769,69
462418,120545,75
5818988,30010,70
5818988,30011,80
5818988,30013,100
5818988,30042,75
5818988,30051,75
5818988,37378,50
5818988,39296,70
5818988,53390,80
5818988,65243,95
5818988,66413,80
5818988,85486,75
5818988,86964,85
5818988,87216,90
5818988,98416,90
5818988,100230,100
5818988,101517,90
5818988,105398,80
5818988,105469,80
5818988,105778,90
5818988,108556,90
5818988,112981,65
5818988,117195,85
5818988,125828,80
5818988,127554,95
5818988,178202,70
148972,30012,60
148972,30013,85
148972,30020,85
148972,30026,60
148972,30070,35
148972,30074,85
148972,30982,85
148972,33438,100
148972,42757,35
148972,50593,85
148972,51111,85
148972,51614,85
148972,55132,85
148972,60315,85
148972,65243,85
148972,72451,85
148972,73661,85
148972,73955,85
148972,74347,40
148972,75275,90
148972,75757,90
148972,76716,100
148972,78151,85
148972,79361,60
148972,79865,85
148972,80145,80
148972,82057,85
148972,85135,85
148972,85141,85
148972,85143,60
148972,85155,85
148972,85216,85
148972,85250,85
148972,85282,85
148972,85341,60
148972,85388,85
148972,85435,85
148972,85442,85
148972,85446,85
148972,85467,60
148972,85495,85
148972,85564,85
148972,85663,85
148972,85791,85
148972,85802,85
148972,85869,85
148972,85939,85
148972,85978,85
148972,86123,60
148972,86251,85
148972,86310,85
148972,86399,85
148972,86476,85
148972,86511,60
148972,86526,60
148972,86624,85
148972,86707,85
148972,86845,85
148972,86952,85
148972,87178,85
148972,87234,60
148972,93014,60
148972,93433,85
148972,96834,85
148972,97830,85
148972,98014,85
148972,98148,85
148972,98416,85
148972,99024,85
148972,99410,60
148972,99757,85
148972,99931,85
148972,100238,85
148972,101517,85
148972,101583,85
148972,101715,85
148972,101719,60
148972,101746,85
148972,101793,85
148972,103156,60
148972,105207,35
148972,105281,60
148972,105393,85
148972,105398,85
148972,106064,85
148972,106758,85
148972,109957,85
148972,110462,85
148972,110817,85
148972,111233,85
148972,111444,85
148972,113591,60
148972,113666,85
148972,116027,60
148972,116506,85
148972,116675,85
148972,116827,85
148972,117271,85
148972,118424,85
148972,118940,35
148972,119363,60
148972,120310,60
148972,120341,60
148972,121636,60
148972,122123,60
148972,126297,85
148972,126636,85
148972,127554,85
148972,128067,85
148972,132182,85
148972,147102,85
148972,153883,85
148972,159441,85
148972,166121,85
148972,167372,85
148972,168468,85
148972,170688,85
148972,170956,85
148972,172849,35
148972,175262,85
6054963,30894,80
6054963,30912,90
6054963,33403,80
6054963,37519,85
6054963,44110,85
6054963,55132,85
6054963,58091,75
6054963,61079,70
6054963,61499,95
6054963,65003,85
6054963,67755,90
6054963,75275,52
6054963,79967,45
6054963,85566,95
6054963,85898,72
6054963,85966,67
6054963,86635,90
6054963,87186,50
6054963,87216,80
6054963,97852,50
6054963,98235,75
6054963,98686,65
6054963,101188,45
6054963,104221,52
6054963,105398,75
6054963,105577,90
6054963,106301,48
6054963,112981,85
6054963,114383,65
6054963,114403,75
6054963,114960,65
6054963,115149,70
6054963,116027,47
6054963,116266,55
6054963,118959,60
6054963,123130,50
6054963,141262,70
6054963,145612,95
6054963,150751,50
6054963,168924,30
6141916,30025,70
6141916,30028,65
6141916,30029,60
6141916,30436,85
6141916,30572,40
6141916,30642,80
6141916,30646,55
6141916,30671,65
6141916,31023,30
6141916,31075,25
6141916,31400,80
6141916,32912,35
6141916,43881,70
6141916,46748,30
6141916,48570,75
6141916,52638,25
6141916,55242,55
6141916,55297,95
6141916,60859,90
6141916,72545,55
6141916,85567,70
6141916,86549,60
6141916,86717,45
6141916,87216,85
6141916,97713,65
6141916,97827,55
6141916,98328,45
6141916,98354,60
6141916,100765,55
6141916,101517,75
6141916,103082,40
6141916,103610,60
6141916,105675,65
6141916,106064,90
6141916,107234,60
6141916,109017,85
6141916,117195,90
6141916,120112,60
6141916,120746,75
6141916,126559,75
6141916,134346,40
6141916,145920,50
6141916,149544,80
6141916,168435,45
6141916,177241,45
6141916,186514,70
7508600,30656,100
7508600,31133,100
7508600,86486,100
7508600,87216,100
7508600,101517,100
7508600,105398,100
7508600,105716,90
7508600,107518,90
7508600,110462,100
7508600,113488,100
7508600,114960,100
7508600,117536,80
7508600,135317,90
7508600,136331,100
7508600,137168,100
7508600,140407,100
7508600,148091,100
7508600,150823,100
7508600,160605,80
7508600,162190,100
81388,30057,90
81388,30447,90
81388,30760,80
81388,31230,100
81388,31926,100
81388,32921,90
81388,34480,80
81388,34833,70
81388,35735,100
81388,37519,100
81388,40837,100
81388,41187,90
81388,42450,100
81388,42629,90
81388,44115,100
81388,44504,80
81388,44678,100
81388,44922,100
81388,45943,90
81388,47348,100
81388,50947,70
81388,56437,100
81388,70281,100
431145,30013,100
431145,30070,80
431145,30656,100
431145,31741,100
431145,35819,90
431145,36816,100
431145,37482,92
431145,38446,100
431145,41434,100
431145,44568,100
431145,50266,100
431145,53271,100
431145,55132,84
431145,58361,100
431145,74347,94
431145,85400,100
431145,85650,100
431145,85879,100
431145,86136,100
431145,86265,100
431145,86504,100
431145,86640,100
431145,86707,100
431145,86964,100
431145,87182,100
431145,87216,100
431145,87292,90
431145,87294,100
431145,87423,100
431145,91203,100
431145,91372,70
431145,95426,100
431145,98227,100
431145,98328,100
431145,98587,100
431145,100568,100
431145,100954,100
431145,100991,100
431145,102177,100
431145,102988,100
431145,103622,100
431145,104277,69
431145,105398,100
431145,105778,89
431145,106130,100
431145,106964,100
431145,108817,100
431145,109385,100
431145,111747,100
431145,113079,100
431145,114960,100
431145,115851,100
431145,118644,100
431145,119174,100
431145,121489,100
5117199,30002,100
5117199,30009,90
5117199,30012,95
5117199,30013,100
5117199,30022,85
5117199,30024,100
5117199,30025,90
5117199,30102,100
5117199,30104,70
5117199,30642,90
5117199,31706,100
5117199,33009,90
5117199,33031,100
5117199,39711,85
5117199,41516,70
5117199,41597,70
5117199,55132,70
5117199,63327,95
5117199,65243,95
5117199,73661,80
5117199,78151,100
5117199,85143,80
5117199,85173,90
5117199,85486,75
5117199,85611,95
5117199,86123,90
5117199,86218,90
5117199,86279,85
5117199,86551,95
5117199,86635,100
5117199,87178,67
5117199,87216,70
5117199,87442,85
5117199,97553,85
5117199,97615,100
5117199,97808,75
5117199,97852,90
5117199,98235,95
5117199,99943,60
5117199,100230,80
5117199,100774,80
5117199,100991,90
5117199,101517,80
5117199,101860,80
5117199,105778,90
5117199,108556,85
5117199,111149,85
5117199,113328,80
5117199,114791,80
5117199,114960,80
5117199,120760,80
5117199,132182,80
5983791,30049,80
5983791,30696,100
5983791,37519,94
5983791,44110,90
5983791,44721,84
5983791,46166,80
5983791,65243,100
5983791,66717,90
5983791,69139,82
5983791,71893,45
5983791,72451,90
5983791,75143,100
5983791,75757,95
5983791,85143,98
5983791,85247,100
5983791,85898,85
5983791,86279,100
5983791,86569,100
5983791,86635,100
5983791,87395,100
5983791,97701,95
5983791,97852,97
5983791,98347,65
5983791,99324,100
5983791,100230,100
5983791,101557,93
5983791,102907,88
5983791,104271,90
5983791,105355,70
5983791,105398,90
5983791,106064,100
5983791,106130,100
5983791,106929,100
5983791,107279,100
5983791,107518,80
5983791,108890,60
5983791,110374,79
5983791,113243,95
5983791,114416,90
5983791,116266,90
5983791,117010,50
5983791,118408,91
5983791,119174,100
5983791,123089,50
5983791,123554,85
5983791,126046,100
5983791,126297,95
5983791,128160,100
5983791,132144,100
5983791,135325,90
5983791,137168,100
5983791,138222,100
5983791,141705,91
5983791,142885,70
5983791,143370,88
5983791,144939,80
5983791,148305,100
5983791,149977,80
5983791,150744,90
5983791,153948,100
5983791,154361,90
5983791,166463,100
5983791,169272,100
5983791,170106,41
5983791,182911,65
5983791,187944,100
6120872,86526,20
6120872,87534,15
6120872,96834,20
6120872,100476,20
6120872,102246,20
6120872,104237,15
6120872,104265,15
6120872,104516,15
6120872,105213,15
6120872,106185,15
6120872,106680,20
6120872,107282,15
6120872,108347,20
6120872,108890,20
6120872,110504,20
6120872,110744,10
6120872,111196,20
6120872,115150,20
6120872,115421,20
6120872,116383,20
6120872,118850,20
6120872,120302,20
6120872,120338,20
6120872,122625,9
6120872,124436,20
6120872,125659,10
6120872,129452,15
6120872,138917,15
6120872,151118,20
6143233,30002,97
6143233,30011,80
6143233,30012,100
6143233,30107,78
6143233,30436,89
6143233,30936,100
6143233,34632,100
6143233,53390,98
6143233,63327,89
6143233,74347,90
6143233,85802,94
6143233,86635,100
6143233,87170,93
6143233,87321,84
6143233,87395,99
6143233,105097,89
6143233,105778,90
6143233,106867,80
6143233,108050,84
6143233,117195,96
6143233,119257,89
6143233,132029,88
6143233,171695,100
6891549,30002,85
6891549,30020,85
6891549,30026,85
6891549,30043,85
6891549,30047,85
6891549,30051,85
6891549,30128,85
6891549,30149,85
6891549,30401,85
6891549,30407,85
6891549,30564,85
6891549,30868,85
6891549,33486,60
6891549,35709,85
6891549,53390,85
6891549,66267,85
6891549,67755,85
6891549,74347,85
6891549,85143,85
6891549,85189,85
6891549,85486,85
6891549,85616,85
6891549,86296,85
6891549,86551,85
6891549,87216,85
6891549,87459,85
6891549,98397,60
6891549,98466,85
6891549,101517,35
6891549,104063,85
6891549,105469,85
6891549,106176,60
6891549,107987,85
6891549,110144,60
6891549,110961,85
6891549,110977,85
6891549,114388,60
6891549,114797,85
6891549,118695,85
6891549,125078,85
6891549,125828,60
6891549,129452,85
6891549,132553,85
6891549,136315,85
6891549,136769,85
6891549,138603,85
6891549,140855,85
6891549,142568,85
6891549,147143,85
6891549,155100,85
6891549,163906,85
6891549,168727,85
6891549,178843,85
7394216,30021,80
7394216,30436,80
7394216,54308,90
7394216,67109,50
7394216,85215,70
7394216,85911,60
7394216,97465,55
7394216,98416,80
7394216,100626,60
7394216,100933,55
7394216,100954,70
7394216,101517,30
7394216,101563,100
7394216,102177,80
7394216,102956,60
7394216,105393,65
7394216,105398,80
7394216,105469,80
7394216,106212,5
7394216,107393,50
7394216,108141,20
7394216,109511,30
7394216,109734,50
7394216,110712,70
7394216,110792,70
7394216,114960,80
7394216,115610,70
7394216,116942,60
7394216,118730,90
7394216,119277,40
7394216,119480,10
7394216,120585,90
7394216,122402,80
7394216,123103,70
7394216,124639,80
7394216,124848,50
7394216,125167,70
7394216,125637,65
7394216,126107,70
7394216,126113,45
7394216,126399,70
7394216,126637,80
7394216,126986,90
7394216,128730,50
7394216,129020,80
7394216,129256,85
7394216,129384,85
7394216,129424,40
7394216,129468,55
7394216,129774,80
7394216,130116,85
7394216,130158,80
7394216,130229,50
7394216,130665,65
7394216,130694,55
7394216,130904,80
7394216,134456,75
7394216,135116,65
7394216,136025,70
7394216,136092,75
7394216,136177,55
7394216,136331,55
7394216,138038,50
7394216,138196,70
7394216,140951,70
7394216,142413,60
7394216,142436,30
7394216,143079,80
7394216,143268,70
7394216,144042,80
7394216,144208,65
7394216,144651,55
7394216,144751,70
7394216,144927,65
7394216,145345,40
7394216,145350,80
7394216,146698,65
7394216,147356,80
7394216,148009,80
7394216,149092,70
7394216,152759,80
7394216,153987,55
7394216,156728,70
7394216,157073,40
7394216,157250,70
7394216,158679,60
7394216,160026,80
7394216,160750,40
7394216,161736,60
7394216,161905,65
7394216,163534,80
7394216,165169,50
7394216,165202,75
7394216,165276,55
7394216,165674,65
7394216,165677,20
7394216,165930,80
7394216,167361,60
7394216,169386,50
7394216,171423,40
7394216,174553,60
7394216,174915,60
7394216,177539,70
7394216,178820,55
7394216,179400,45
7394216,180819,65
7394216,181313,70
7394216,182681,80
7394216,183236,50
7394216,183287,20
7394216,183523,60
7394216,186891,65
7394216,187189,90
7394216,188361,80
7394216,188430,90
7394216,188602,85
7394216,188770,10
7394216,189099,55
7394216,191732,50
7394216,192561,65
7394216,194578,70
7394216,195728,90
7394216,198155,85
7394216,203173,70
7394216,205473,70
7394216,206974,90
7394216,208121,80
7394216,208122,80
6530311,30001,90
6530311,30002,100
6530311,30003,90
6530311,30011,100
6530311,30012,100
6530311,30013,100
6530311,30021,100
6530311,30024,100
6530311,30026,100
6530311,30042,90
6530311,30047,85
6530311,30051,90
6530311,30053,85
6530311,30102,85
6530311,30564,85
6530311,30598,70
6530311,30642,100
6530311,30651,85
6530311,30656,90
6530311,30658,80
6530311,30664,80
6530311,30698,80
6530311,30743,100
6530311,30745,75
6530311,30908,100
6530311,31320,100
6530311,31706,100
6530311,33031,60
6530311,33378,100
6530311,34632,80
6530311,39711,80
6530311,44790,90
6530311,46765,100
6530311,53390,100
6530311,54705,90
6530311,55515,80
6530311,63327,100
6530311,65243,85
6530311,74347,90
6530311,75143,90
6530311,85135,90
6530311,85486,80
6530311,85611,100
6530311,85802,70
6530311,86123,80
6530311,86569,100
6530311,100230,80
6530311,100994,90
6530311,101517,100
6530311,105469,80
6530311,105778,80
6530311,106130,100
6530311,107098,80
6530311,107237,50
6530311,107279,100
6530311,109501,80
6530311,125116,80
6530311,125828,80
6530311,126693,100
6530311,132182,100
6530311,135083,100
6530311,140407,100
6530311,144946,70
6530311,178692,80
6530311,187944,100
195693,30012,100
195693,38483,70
195693,51614,90
195693,54692,90
195693,55297,50
195693,56479,70
195693,58533,80
195693,76716,75
195693,80145,100
195693,82741,80
195693,85216,90
195693,85336,80
195693,85566,70
195693,85849,90
195693,85887,90
195693,86008,70
195693,86218,100
195693,86508,60
195693,87216,100
195693,87423,83
195693,87443,60
195693,87459,90
195693,97641,70
195693,98235,80
195693,98782,60
195693,99140,90
195693,99236,50
195693,99360,80
195693,99489,70
195693,100230,85
195693,100794,90
195693,101175,80
195693,101311,100
195693,101434,80
195693,101842,70
195693,103845,70
195693,106260,40
195693,106794,80
195693,112265,60
5287957,86511,84
5287957,98068,95
5287957,98822,84
5287957,99587,87
5287957,103308,85
5287957,103738,90
5287957,105398,96
5287957,107282,10
5287957,108324,72
5287957,108689,75
5287957,109849,80
5287957,110745,87
5287957,112832,76
5287957,112956,85
5287957,116957,78
5287957,118724,70
5287957,121708,85
5287957,123093,86
5287957,123111,9
5287957,129429,60
5287957,129526,95
5287957,138655,90
5287957,143352,94
5287957,173233,80
199079,30011,80
199079,30012,60
199079,30020,80
199079,30026,100
199079,30047,70
199079,30050,70
199079,30092,80
199079,30105,80
199079,30598,70
199079,30908,80
199079,30928,80
199079,44790,90
199079,53390,80
199079,61499,60
199079,63327,80
199079,85611,70
199079,86310,70
199079,100994,80
199079,101517,60
199079,101860,70
199079,105469,80
199079,121017,80
199079,121023,80
199079,121054,70
6942244,30002,85
6942244,30013,98
6942244,53390,90
6942244,74347,90
6942244,85486,90
6942244,86123,90
6942244,87216,85
6942244,100994,100
6942244,101517,90
6942244,105398,95
6942244,105778,89
6942244,106130,90
6942244,106929,90
6942244,119257,70
6942244,120760,90
6942244,125116,80
6942244,126297,100
6942244,127993,100
6942244,137595,80
6942244,140407,90
6942244,142989,80
6942244,146712,60
6942244,149332,90
6942244,151512,90
6942244,153880,80
6942244,163536,100
6942244,163824,89
6942244,164857,90
6942244,167649,90
6942244,172619,90
7694891,35664,100
7694891,63327,100
7694891,65255,100
7694891,85143,60
7694891,85208,85
7694891,85611,100
7694891,86568,100
7694891,97830,100
7694891,97865,100
7694891,98842,100
7694891,99814,45
7694891,100954,75
7694891,102259,85
7694891,106929,100
7694891,107235,85
7694891,114998,95
7694891,115000,100
7694891,115929,70
7694891,125828,70
7694891,132029,90
7694891,133979,95
7694891,141144,45
7694891,141146,100
7694891,159987,40
7694891,163460,80
7694891,180451,100
7694891,186964,80
7694891,189080,80
7694891,203089,85
365076,30001,90
365076,30002,95
365076,30007,80
365076,30011,70
365076,30012,60
365076,30463,65
365076,34632,90
365076,39982,70
365076,45578,60
365076,53390,65
365076,74347,70
365076,85370,45
365076,85475,80
365076,85486,55
365076,85802,75
365076,86122,55
365076,86123,70
365076,86243,55
365076,86559,90
365076,86635,85
365076,87170,85
365076,87178,45
365076,97852,60
365076,98235,30
365076,98397,80
365076,99943,30
365076,100230,55
365076,101517,70
365076,101754,50
365076,105778,90
365076,108556,75
365076,165668,75
365076,168468,40
5171316,30001,80
5171316,30002,100
5171316,30011,90
5171316,30012,100
5171316,30013,100
5171316,30021,85
5171316,30022,100
5171316,30026,85
5171316,30042,100
5171316,30053,90
5171316,30656,100
5171316,30872,85
5171316,31517,70
5171316,31630,80
5171316,31706,100
5171316,33006,90
5171316,33008,85
5171316,33009,75
5171316,37887,60
5171316,53390,80
5171316,55515,85
5171316,63327,75
5171316,74347,85
5171316,74485,50
5171316,85486,80
5171316,85611,60
5171316,86123,50
5171316,86265,70
5171316,86508,80
5171316,87178,60
5171316,87216,50
5171316,101517,90
5171316,105469,90
5171316,105778,80
5171316,108556,75
5171316,114960,75
5171316,116827,70
5171316,120760,75
5171316,126693,70
5171316,132182,50
5171316,135981,40
5171316,136290,70
964292,30012,80
964292,30642,90
964292,53390,85
964292,65243,95
964292,72451,100
964292,75757,100
964292,76716,90
964292,78025,85
964292,85141,85
964292,85143,75
964292,85442,75
964292,85486,65
964292,85564,100
964292,85911,80
964292,86099,100
964292,86123,85
964292,86310,75
964292,86635,100
964292,87216,90
964292,87395,100
964292,97830,95
964292,98171,85
964292,98416,80
964292,99022,90
964292,99587,45
964292,99943,70
964292,100664,95
964292,100937,70
964292,100994,80
964292,101517,80
964292,102896,90
964292,102988,75
964292,105398,95
964292,105778,90
964292,106531,100
964292,106929,5
964292,107098,80
964292,110473,80
964292,111025,95
964292,111073,80
964292,111140,90
964292,114605,75
964292,114913,85
964292,114960,80
964292,117195,80
964292,119174,95
964292,119521,90
964292,120688,90
964292,124577,80
964292,124853,80
964292,126768,100
964292,135015,75
964292,135317,70
964292,136331,85
964292,140475,100
964292,146139,100
5747979,30051,100
5747979,30642,90
5747979,46765,100
5747979,78347,80
5747979,85310,80
5747979,85495,80
5747979,85564,100
5747979,85911,90
5747979,86855,60
5747979,86952,90
5747979,86964,90
5747979,87216,90
5747979,87225,80
5747979,87534,90
5747979,97651,60
5747979,97999,80
5747979,98328,80
5747979,99022,100
5747979,99549,100
5747979,100114,90
5747979,100456,80
5747979,100954,100
5747979,100994,90
5747979,101468,80
5747979,101517,80
5747979,101521,90
5747979,102547,90
5747979,103238,70
5747979,104503,90
5747979,104757,60
5747979,105398,80
5747979,106130,70
5747979,106233,100
5747979,106760,90
5747979,106770,90
5747979,107305,60
5747979,109107,80
5747979,110022,90
5747979,111233,90
5747979,111258,80
5747979,111423,80
5747979,114383,90
5747979,117195,80
5747979,118586,100
5747979,119257,100
5747979,120288,90
5747979,122344,100
5747979,122576,70
5747979,122663,80
5747979,123181,90
5747979,126361,70
5747979,127848,80
5747979,129882,90
5747979,131963,100
5747979,132182,100
5747979,135378,90
5747979,137089,80
5747979,140475,100
5747979,141044,90
5747979,142144,80
5747979,142989,100
5747979,143031,90
5747979,146267,100
5747979,146378,90
5747979,148082,100
5747979,150193,80
5747979,157751,80
5747979,158459,90
5747979,158954,90
5747979,159438,80
5747979,163824,90
5747979,172559,70
5747979,172835,100
5747979,208208,80
217822,30012,75
217822,30436,85
217822,30642,95
217822,30656,95
217822,30928,80
217822,38848,85
217822,39711,85
217822,63327,85
217822,68071,90
217822,74347,90
217822,85143,90
217822,85155,70
217822,85611,85
217822,86648,70
217822,86964,90
217822,87170,85
217822,87355,60
217822,97830,90
217822,97897,70
217822,98466,75
217822,101517,85
217822,105398,90
217822,105778,95
217822,106130,90
217822,107098,85
489526,30030,100
489526,41767,100
489526,54294,100
489526,57029,100
489526,92493,100
489526,98585,100
489526,100197,40
489526,100859,100
489526,100932,100
489526,104973,100
489526,106098,100
489526,107763,100
489526,109435,80
489526,109441,60
489526,111095,60
489526,111108,80
489526,111593,100
489526,113309,100
489526,113524,60
489526,113619,20
489526,113704,100
489526,114521,60
489526,114714,100
489526,115387,100
489526,115790,100
489526,116382,80
489526,117581,100
489526,120440,100
489526,120806,100
489526,123739,100
489526,124783,100
489526,125381,80
489526,126284,100
489526,126419,60
489526,127868,100
489526,128230,40
489526,128589,100
489526,128998,100
489526,130300,80
489526,132165,80
489526,133021,60
489526,133038,100
489526,133338,60
489526,134167,60
489526,134191,100
489526,134671,100
489526,136024,80
489526,137286,100
489526,139661,100
489526,139958,100
489526,140759,100
489526,142253,80
489526,142372,100
489526,142887,100
489526,142894,80
489526,143003,80
489526,144122,100
489526,144124,100
489526,144764,100
489526,144954,80
489526,145208,100
489526,145525,100
489526,145551,100
489526,146514,60
489526,147177,80
489526,147277,60
489526,148891,100
489526,149109,100
489526,149483,100
489526,151387,100
489526,151459,60
489526,156601,100
489526,164599,100
489526,169882,100
978264,30004,70
978264,30013,80
978264,30025,100
978264,30698,100
978264,33031,100
978264,47465,80
978264,53390,80
978264,54692,80
978264,74347,80
978264,86218,100
978264,87216,70
978264,87423,60
978264,87536,80
978264,97337,80
978264,100568,100
978264,105747,100
978264,107620,60
978264,116475,70
978264,118234,80
978264,118235,70
978264,121017,80
978264,121023,80
978264,121054,90
978264,121146,90
978264,121149,80
978264,121164,90
978264,121165,80
5668320,30002,100
5668320,30013,70
5668320,30026,90
5668320,33082,80
5668320,33299,70
5668320,33731,80
5668320,34632,100
5668320,36310,80
5668320,37776,80
5668320,40282,70
5668320,43001,70
5668320,44110,70
5668320,68105,80
5668320,72223,70
5668320,74489,80
5668320,80145,60
5668320,82257,60
5668320,85322,60
5668320,85409,70
5668320,85412,100
5668320,85697,70
5668320,85929,70
5668320,86218,100
5668320,86300,70
5668320,86303,70
5668320,86399,70
5668320,86551,90
5668320,86635,80
5668320,87216,70
5668320,87459,70
5668320,92985,80
5668320,97216,70
5668320,97553,100
5668320,97852,70
5668320,98188,70
5668320,98263,90
5668320,98305,70
5668320,98686,80
5668320,98777,80
5668320,98817,70
5668320,100080,70
5668320,100230,70
5668320,100568,80
5668320,101177,80
5668320,101583,70
5668320,102317,70
5668320,104045,80
5668320,105641,70
5668320,105778,80
5668320,106726,70
5668320,107098,80
5668320,108069,70
5668320,110192,70
5668320,110473,80
5668320,111258,70
5668320,112981,70
5668320,116466,70
5668320,118586,100
5668320,119247,90
5668320,123777,90
5668320,132029,80
5668320,132182,90
5668320,137145,70
5668320,147863,90
5668320,148473,70
5668320,150440,80
5668320,152855,70
5668320,169904,80
5532399,30001,90
5532399,30002,95
5532399,30011,75
5532399,30012,85
5532399,30013,95
5532399,30021,84
5532399,30028,92
5532399,30042,85
5532399,30051,92
5532399,30598,70
5532399,30664,80
5532399,31133,82
5532399,32921,80
5532399,33031,83
5532399,40010,80
5532399,41652,77
5532399,43702,50
5532399,51525,92
5532399,54294,70
5532399,54692,73
5532399,58825,50
5532399,59211,70
5532399,61499,82
5532399,63327,82
5532399,65003,75
5532399,66213,50
5532399,66413,75
5532399,69291,77
5532399,72451,80
5532399,74347,70
5532399,74489,87
5532399,85135,87
5532399,85139,50
5532399,85247,70
5532399,85395,77
5532399,85533,80
5532399,85611,75
5532399,85624,75
5532399,85802,30
5532399,85849,75
5532399,85911,80
5532399,86082,87
5532399,86123,82
5532399,86279,90
5532399,86300,75
5532399,86481,77
5532399,86508,73
5532399,86551,80
5532399,86635,90
5532399,86717,80
5532399,87160,70
5532399,87315,55
5532399,87395,84
5532399,87423,78
5532399,97553,85
5532399,98112,85
5532399,98263,80
5532399,98416,82
5532399,98842,80
5532399,99354,60
5532399,99549,82
5532399,99943,30
5532399,100230,60
5532399,100664,80
5532399,100994,80
5532399,101233,70
5532399,101315,80
5532399,101583,60
5532399,101724,68
5532399,102423,70
5532399,102988,70
5532399,104660,70
5532399,105011,73
5532399,105778,87
5532399,105791,70
5532399,106130,77
5532399,106434,68
5532399,106454,75
5532399,106706,20
5532399,106867,80
5532399,107098,75
5532399,107282,72
5532399,107559,30
5532399,108105,70
5532399,108556,84
5532399,109122,70
5532399,109285,83
5532399,111189,87
5532399,111233,80
5532399,112981,70
5532399,113501,80
5532399,114383,55
5532399,114416,50
5532399,114791,80
5532399,114960,75
5532399,117195,85
5532399,118586,80
5532399,118741,70
5532399,120760,75
5532399,125828,85
5532399,128666,50
5532399,132182,77
5532399,140475,90
5532399,147149,80
6446985,30001,100
6446985,30012,100
6446985,30013,80
6446985,30026,100
6446985,30073,65
6446985,30149,100
6446985,30276,100
6446985,30344,90
6446985,30583,100
6446985,30618,70
6446985,30656,100
6446985,30668,60
6446985,30768,70
6446985,30770,80
6446985,30894,45
6446985,30908,65
6446985,30958,65
6446985,31023,100
6446985,31131,75
6446985,31133,85
6446985,31400,70
6446985,31409,90
6446985,31450,80
6446985,31827,50
6446985,33731,70
6446985,33868,65
6446985,33986,60
6446985,35593,65
6446985,39752,70
6446985,42451,55
6446985,44568,80
6446985,45010,65
6446985,46188,75
6446985,51582,80
6446985,54450,60
6446985,55396,55
6446985,67109,80
6446985,67915,80
6446985,81659,55
6446985,85226,70
6446985,85395,80
6446985,85793,85
6446985,86283,55
6446985,86310,75
6446985,86367,70
6446985,86761,100
6446985,87178,85
6446985,88864,60
6446985,91616,80
6446985,94490,100
6446985,95719,75
6446985,96426,100
6446985,98328,65
6446985,99248,70
6446985,100994,65
6446985,102846,45
6446985,104277,70
6446985,104782,75
6446985,105398,100
6446985,107114,55
6446985,107265,50
6446985,111972,85
6446985,114160,80
6446985,116981,60
6446985,125828,100
6446985,168468,85
96744,30002,80
96744,30012,80
96744,30013,50
96744,30026,70
96744,30436,60
96744,30564,50
96744,31257,90
96744,31258,90
96744,31260,90
96744,31261,80
96744,31262,80
96744,31263,90
96744,31265,80
96744,31266,60
96744,31415,70
96744,31649,90
96744,35293,70
96744,39548,80
96744,39738,80
96744,41434,60
96744,41544,50
96744,42999,60
96744,47915,70
96744,49844,80
96744,53390,30
96744,54561,70
96744,54836,50
96744,58184,70
96744,63031,80
96744,63327,60
96744,64485,50
96744,69139,70
96744,69291,80
96744,72005,80
96744,74523,100
96744,77332,60
96744,77363,80
96744,78629,70
96744,80145,70
96744,82741,60
96744,85199,50
96744,85250,50
96744,85281,100
96744,85367,50
96744,85388,40
96744,85429,70
96744,85522,50
96744,85598,60
96744,85611,30
96744,85671,70
96744,85791,80
96744,85911,100
96744,86136,70
96744,86526,50
96744,86850,60
96744,86855,60
96744,87207,50
96744,87385,60
96744,87465,50
96744,87534,50
96744,92494,70
96744,93341,60
96744,96763,50
96744,96821,70
96744,97764,40
96744,99869,80
96744,99870,50
96744,100197,70
96744,100354,50
96744,101223,60
96744,101233,80
96744,101235,50
96744,101952,70
96744,102495,60
96744,103082,80
96744,103195,60
96744,103849,100
96744,104020,60
96744,105097,80
96744,105115,60
96744,105778,70
96744,107098,80
96744,109714,80
96744,111034,60
96744,111205,70
96744,111541,80
96744,125177,60
5961381,30002,95
5961381,30003,75
5961381,30025,95
5961381,30042,90
5961381,30051,100
5961381,30481,85
5961381,30642,100
5961381,30664,95
5961381,30936,90
5961381,31133,90
5961381,37375,90
5961381,53390,90
5961381,74347,80
5961381,85486,90
5961381,87170,80
5961381,87178,55
5961381,100994,65
5961381,102988,50
5961381,105778,90
5961381,106130,75
5961381,106867,70
5961381,116671,60
5961381,122823,30
5210493,30001,100
5210493,30003,80
5210493,30008,70
5210493,30009,40
5210493,30011,30
5210493,30020,70
5210493,30024,90
5210493,30025,90
5210493,30026,100
5210493,30030,70
5210493,30031,80
5210493,30033,50
5210493,30035,50
5210493,30036,70
5210493,30037,60
5210493,30038,70
5210493,30044,80
5210493,30047,20
5210493,30051,80
5210493,30053,80
5210493,30086,50
5210493,30094,80
5210493,30099,70
5210493,30102,80
5210493,30106,100
5210493,30118,50
5210493,30134,70
5210493,30395,70
5210493,30396,70
5210493,30397,50
5210493,30398,50
5210493,30401,90
5210493,30436,100
5210493,30456,50
5210493,30481,100
5210493,30554,60
5210493,30555,60
5210493,30584,60
5210493,30591,80
5210493,30618,50
5210493,30633,70
5210493,30876,40
5210493,31016,70
5210493,31037,80
5210493,31068,60
5210493,31113,50
5210493,31133,80
5210493,31255,80
5210493,31624,70
5210493,31721,80
5210493,31809,60
5210493,31828,60
5210493,31859,90
5210493,31978,50
5210493,32575,50
5210493,33031,80
5210493,33468,80
5210493,33485,70
5210493,33633,70
5210493,33749,80
5210493,34565,60
5210493,34632,60
5210493,35029,60
5210493,37279,60
5210493,37378,60
5210493,37462,50
5210493,37519,50
5210493,37728,70
5210493,38085,50
5210493,39547,80
5210493,39607,70
5210493,39614,50
5210493,39699,70
5210493,41516,50
5210493,41652,70
5210493,41701,70
5210493,42450,40
5210493,42554,80
5210493,43702,80
5210493,44841,50
5210493,44975,80
5210493,45718,60
5210493,46008,60
5210493,46081,90
5210493,46144,90
5210493,47904,70
5210493,49111,60
5210493,51062,70
5210493,51349,60
5210493,51498,90
5210493,51499,60
5210493,51614,60
5210493,52031,70
5210493,52518,80
5210493,53284,70
5210493,53358,60
5210493,53390,10
5210493,53688,60
5210493,53900,100
5210493,54457,60
5210493,54821,80
5210493,55148,70
5210493,56736,70
5210493,57231,70
5210493,58184,50
5210493,59211,80
5210493,61857,70
5210493,62817,50
5210493,63441,70
5210493,64053,60
5210493,65243,80
5210493,65573,80
5210493,65597,60
5210493,67489,70
5210493,67705,90
5210493,68105,70
5210493,69419,70
5210493,70253,60
5210493,71435,60
5210493,72001,90
5210493,72337,60
5210493,72451,50
5210493,72879,60
5210493,73789,60
5210493,74489,80
5210493,75968,70
5210493,77573,60
5210493,77873,60
5210493,79397,60
5210493,79537,60
5210493,80967,60
5210493,80993,70
5210493,81231,60
5210493,84817,50
5210493,85135,90
5210493,85189,100
5210493,85296,60
5210493,85337,50
5210493,85413,80
5210493,85426,50
5210493,85435,90
5210493,85546,40
5210493,85614,70
5210493,85616,70
5210493,85734,70
5210493,85747,70
5210493,85849,70
5210493,85850,70
5210493,86082,100
5210493,86218,80
5210493,86317,80
5210493,86559,100
5210493,86635,80
5210493,86703,70
5210493,86717,75
5210493,86964,70
5210493,87154,80
5210493,87208,90
5210493,87292,60
5210493,87303,60
5210493,88294,80
5210493,96542,70
5210493,97541,50
5210493,97701,80
5210493,97830,60
5210493,98072,80
5210493,98263,80
5210493,98334,70
5210493,98397,80
5210493,98466,80
5210493,98620,70
5210493,98848,80
5210493,99346,90
5210493,99356,60
5210493,100885,50
5210493,100941,100
5210493,100942,100
5210493,100943,90
5210493,101159,40
5210493,102904,70
5210493,103995,50
5210493,104233,80
5210493,105778,70
5210493,105862,60
5210493,106250,70
5210493,106331,70
5210493,107237,80
5210493,107254,70
5210493,107393,30
5210493,107477,50
5210493,107521,60
5210493,108500,60
5210493,109921,80
5210493,111116,60
5210493,114027,70
5210493,114388,80
5210493,114728,50
5210493,115132,70
5210493,117195,60
5210493,118371,80
5210493,120031,80
5210493,123739,50
5210493,123748,60
5210493,124139,90
5210493,125033,50
5210493,125078,80
5210493,125430,70
5210493,126559,90
5210493,126986,80
5210493,127886,60
5210493,129384,60
5210493,129774,50
5210493,130116,60
5210493,134717,50
5210493,136177,50
5210493,138577,70
5210493,138603,90
5210493,139552,50
5210493,141560,70
5210493,142568,70
5210493,142685,75
5210493,144928,70
5210493,145350,60
5210493,151909,70
5210493,158250,30
5210493,159142,70
5210493,161497,70
5210493,165659,70
5210493,168144,60
5210493,169003,60
5210493,171068,80
5210493,171804,80
5210493,189908,70
5210493,192064,60
85351,30030,86
85351,30047,87
85351,30618,98
85351,30665,70
85351,30676,90
85351,30769,90
85351,31349,90
85351,31951,95
85351,32921,91
85351,33031,96
85351,33866,90
85351,38157,88
85351,39699,87
85351,44633,80
85351,48200,87
85351,53390,92
85351,69565,87
85351,85555,90
85351,86568,97
85351,86648,70
85351,87216,92
85351,88864,90
85351,98359,70
85351,98427,84
85351,98544,98
85351,98850,87
85351,100558,84
85351,101328,70
85351,102988,86
85351,104973,92
85351,105398,90
85351,106141,70
85351,107521,86
85351,107763,88
85351,110387,70
85351,110504,94
85351,111075,91
85351,112275,96
85351,113524,86
85351,114542,95
85351,118408,92
85351,119257,86
85351,121482,84
85351,123043,50
85351,123573,91
85351,124056,89
85351,124458,97
85351,127084,93
85351,129210,97
85351,129758,90
85351,130300,91
85351,130429,95
85351,130660,91
85351,131263,90
85351,131772,89
85351,132165,98
85351,136874,81
85351,138655,89
85351,141013,94
85351,144764,88
85351,152609,82
85351,164599,86
533408,30966,50
533408,38586,70
533408,38967,80
533408,41734,90
533408,52638,60
533408,52651,80
533408,54705,70
533408,58226,80
533408,85214,70
533408,85467,80
533408,85764,70
533408,86045,70
533408,86640,80
533408,86964,80
533408,87534,70
533408,97553,90
533408,97999,70
533408,100994,80
533408,101625,70
533408,105398,70
533408,107305,50
533408,114830,60
533408,115411,45
533408,117536,70
533408,118918,60
533408,119733,60
533408,122180,60
533408,123601,60
533408,135317,60
533408,135349,70
533408,136331,70
533408,160750,60
533408,170106,86
7263154,30102,100
7263154,30107,100
7263154,31517,60
7263154,38157,100
7263154,41896,78
7263154,48792,70
7263154,74677,65
7263154,80217,70
7263154,85138,70
7263154,85555,86
7263154,85616,95
7263154,85922,75
7263154,86123,90
7263154,86360,75
7263154,87208,80
7263154,97553,65
7263154,99429,75
7263154,100557,99
7263154,101563,93
7263154,101583,85
7263154,104030,70
7263154,105516,80
7263154,106502,68
7263154,107544,100
7263154,111711,80
7263154,112275,99
7263154,113245,72
7263154,113326,87
7263154,114328,86
7263154,114329,77
7263154,114998,70
7263154,118580,60
7263154,119640,77
7263154,121565,100
7263154,126965,75
7263154,136652,70
7263154,138890,78
7263154,142201,75
7263154,151394,85
7263154,155465,99
7263154,158789,78
7263154,167886,90
7263154,171062,70
7263154,187117,90
7263154,193928,95
670590,30149,100
670590,31131,85
670590,31409,90
670590,33009,80
670590,33031,90
670590,38070,85
670590,40552,80
670590,55250,100
670590,66413,100
670590,68071,90
670590,79865,90
670590,81493,95
670590,85486,50
670590,86265,90
670590,86720,85
670590,87170,100
670590,97830,95
670590,98227,80
670590,99022,80
670590,100994,90
670590,104277,60
670590,112168,50
670590,113624,90
670590,116186,80
670590,128906,100
6823452,105393,100
6823452,114605,100
6823452,118424,98
6823452,119257,90
6823452,120980,100
6823452,126297,80
6823452,129632,86
6823452,130511,90
6823452,132144,100
6823452,135318,70
6823452,136087,100
6823452,136204,88
6823452,136220,100
6823452,137168,90
6823452,137280,90
6823452,138222,90
6823452,138705,100
6823452,140407,100
6823452,143025,85
6823452,143056,80
6823452,144079,80
6823452,144957,100
6823452,147027,86
6823452,148091,90
6823452,149332,90
6823452,150836,95
6823452,151460,86
6823452,153284,70
6823452,153432,90
6823452,153513,100
6823452,155485,90
6823452,159441,100
6823452,163824,100
6823452,164222,90
6823452,164857,89
6823452,165182,85
6823452,165287,75
6823452,166154,86
6823452,167165,80
6823452,168337,80
6823452,170400,80
6823452,172619,95
6823452,172623,80
6823452,173020,90
6823452,173233,85
6823452,174515,90
6823452,175262,80
6823452,175946,95
6823452,176799,90
6823452,176845,90
6823452,177706,80
6823452,177982,80
6823452,180891,89
6823452,183855,80
6823452,184347,88
6823452,187140,75
6823452,188216,75
532701,30002,90
532701,30009,70
532701,30010,70
532701,30015,60
532701,30024,80
532701,30044,90
532701,30149,80
532701,30320,75
532701,30436,70
532701,30564,75
532701,30580,70
532701,30583,70
532701,30610,75
532701,30616,70
532701,30642,80
532701,30674,45
532701,30705,70
532701,30727,75
532701,30745,80
532701,30768,65
532701,30861,65
532701,30894,70
532701,30932,80
532701,30936,75
532701,31133,90
532701,31153,80
532701,31218,75
532701,31325,70
532701,31409,70
532701,31649,75
532701,31706,85
532701,31735,75
532701,33008,80
532701,33009,70
532701,33031,85
532701,33116,70
532701,33403,75
532701,33438,75
532701,33572,85
532701,33573,85
532701,33574,75
532701,33575,80
532701,33866,70
532701,33986,70
532701,34608,75
532701,34632,85
532701,35113,70
532701,35806,65
532701,36812,70
532701,37075,70
532701,37519,75
532701,38070,80
532701,38157,75
532701,38341,70
532701,38446,80
532701,38456,70
532701,38483,40
532701,38586,80
532701,38593,75
532701,39711,80
532701,40010,70
532701,40552,70
532701,41544,75
532701,41652,75
532701,42586,70
532701,43723,60
532701,43748,70
532701,43801,65
532701,43949,65
532701,44440,75
532701,44582,75
532701,44721,50
532701,44790,80
532701,46659,75
532701,46765,80
532701,47051,70
532701,47904,80
532701,48570,75
532701,49323,70
532701,49358,60
532701,50593,65
532701,50645,60
532701,51467,75
532701,51525,90
532701,51614,75
532701,51665,70
532701,52044,70
532701,53390,80
532701,54561,65
532701,54692,75
532701,55132,70
532701,55297,75
532701,56589,60
532701,58533,75
532701,60315,70
532701,61499,60
532701,62833,70
532701,63327,80
532701,64053,100
532701,65003,70
532701,66413,80
532701,68071,80
532701,69627,40
532701,69883,70
532701,71733,60
532701,71823,55
532701,72001,90
532701,73661,60
532701,73913,75
532701,73915,75
532701,74347,75
532701,74485,65
532701,74489,75
532701,75613,55
532701,75757,70
532701,79361,50
532701,79865,75
532701,80027,70
532701,81493,85
532701,85135,75
532701,85143,75
532701,85151,75
532701,85161,65
532701,85181,60
532701,85189,80
532701,85198,55
532701,85209,80
532701,85215,70
532701,85216,55
532701,85235,65
532701,85277,60
532701,85398,70
532701,85404,75
532701,85442,55
532701,85446,50
532701,85486,60
532701,85533,60
532701,85540,75
532701,85611,70
532701,85663,65
532701,85818,60
532701,85887,65
532701,86048,55
532701,86053,60
532701,86082,95
532701,86123,70
532701,86265,80
532701,86452,55
532701,86510,70
532701,86551,75
532701,86607,75
532701,86635,85
532701,86720,85
532701,86770,80
532701,86888,55
532701,86964,80
532701,87170,90
532701,87216,60
532701,87321,75
532701,87395,80
532701,87423,80
532701,89278,60
532701,89629,68
532701,96045,75
532701,96785,60
532701,97216,80
532701,97704,65
532701,97705,50
532701,97830,40
532701,98263,85
532701,98354,75
532701,98416,50
532701,98587,75
532701,98908,75
532701,99022,80
532701,99065,70
532701,99536,70
532701,100560,60
532701,100660,50
532701,100954,75
532701,100994,60
532701,101060,65
532701,101517,65
532701,101864,55
532701,102988,70
532701,102989,62
532701,103156,55
532701,103807,80
532701,104520,45
532701,104617,70
532701,104780,90
532701,105778,80
532701,106130,90
532701,106758,75
532701,107098,50
532701,107267,87
532701,108095,75
532701,108556,70
532701,109017,80
532701,110944,40
532701,111025,70
532701,113624,50
532701,113666,50
532701,114605,70
532701,114791,85
532701,114960,50
532701,114965,70
532701,116734,70
532701,117195,80
532701,118586,75
532701,119247,85
532701,119257,70
532701,120760,70
532701,122063,75
532701,122576,80
532701,125528,80
532701,127564,75
532701,135802,85
532701,148305,85
532701,148473,70
532701,153007,80
532701,169355,90
532701,180752,60
532701,198372,75
6595241,30012,90
6595241,30022,100
6595241,30085,80
6595241,30656,90
6595241,31706,90
6595241,31926,80
6595241,32921,40
6595241,33009,70
6595241,33031,60
6595241,33282,20
6595241,43702,60
6595241,54692,100
6595241,60315,50
6595241,86568,70
6595241,86635,100
6595241,87216,30
6595241,97852,100
6595241,98416,50
6595241,98625,70
6595241,101517,90
6595241,102988,40
6595241,105398,90
6595241,105469,80
6595241,105778,60
6595241,107237,100
6595241,114416,90
6595241,116186,60
6595241,119257,100
252980,30001,90
252980,30002,85
252980,30003,80
252980,30011,80
252980,30012,70
252980,30013,80
252980,30014,70
252980,30020,70
252980,30021,80
252980,30025,80
252980,30032,60
252980,30043,60
252980,30047,70
252980,30049,80
252980,30050,70
252980,30051,80
252980,30053,70
252980,30070,70
252980,30105,70
252980,30134,70
252980,30336,70
252980,30583,70
252980,30584,60
252980,30598,60
252980,30656,100
252980,30657,80
252980,30731,70
252980,30743,70
252980,30745,80
252980,30869,70
252980,30872,70
252980,30908,70
252980,30928,80
252980,30936,80
252980,31162,70
252980,31194,70
252980,31373,70
252980,31517,70
252980,31630,70
252980,31706,90
252980,33006,70
252980,33008,90
252980,33009,80
252980,33031,70
252980,33438,80
252980,33614,70
252980,33731,80
252980,33986,80
252980,34632,80
252980,35255,70
252980,37375,90
252980,37887,70
252980,38204,70
252980,38586,80
252980,38848,80
252980,40010,70
252980,44483,70
252980,44582,70
252980,44790,80
252980,46765,60
252980,47353,70
252980,50266,70
252980,50593,60
252980,51525,70
252980,54705,70
252980,55132,60
252980,55515,80
252980,63327,80
252980,65243,80
252980,65573,70
252980,66267,60
252980,67707,80
252980,68071,70
252980,69883,70
252980,72545,70
252980,74485,60
252980,74489,80
252980,75221,60
252980,75757,30
252980,80217,60
252980,80857,50
252980,85135,70
252980,85189,70
252980,85319,60
252980,85335,50
252980,85522,70
252980,85611,90
252980,86136,80
252980,86265,80
252980,86526,70
252980,86673,60
252980,86964,80
252980,87170,60
252980,87216,80
252980,87423,70
252980,87471,70
252980,91260,70
252980,98334,70
252980,98674,70
252980,98842,70
252980,100403,60
252980,100671,60
252980,100954,70
252980,101060,70
252980,101860,70
252980,103029,70
252980,105469,70
252980,105624,50
252980,105778,80
252980,106035,70
252980,109172,60
252980,109735,60
252980,113512,10
252980,118644,60
252980,126693,70
6813881,85869,85
6813881,105393,90
6813881,105398,87
6813881,107720,90
6813881,110605,90
6813881,113488,80
6813881,116506,90
6813881,119174,85
6813881,119257,90
6813881,121991,87
6813881,126297,90
6813881,128067,85
6813881,135325,90
6813881,138222,80
6813881,140407,93
6813881,149332,80
6813881,159441,85
6813881,159930,88
6813881,167834,85
6813881,170400,90
6813881,172619,80
6813881,173020,85
5890299,30030,100
5890299,30618,70
5890299,31271,80
5890299,32921,100
5890299,38157,100
5890299,39296,70
5890299,43702,70
5890299,48792,80
5890299,58825,60
5890299,60315,70
5890299,72451,90
5890299,75757,100
5890299,85395,100
5890299,85624,90
5890299,85922,100
5890299,86008,50
5890299,86218,80
5890299,86635,80
5890299,86717,70
5890299,87347,60
5890299,87431,70
5890299,87432,60
5890299,100052,90
5890299,101755,60
5890299,104203,100
5890299,105777,100
5890299,105990,100
5890299,109791,80
5890299,113801,70
5890299,114328,100
5890299,114329,100
5890299,114348,80
5890299,117620,70
5890299,120789,50
5890299,123082,70
5890299,132031,80
7054515,58449,100
7054515,97897,80
7054515,108050,80
7054515,115335,60
7054515,116353,100
7054515,118988,80
7054515,119257,100
7054515,125430,80
7054515,126902,80
7054515,129247,100
7054515,140767,60
7054515,140896,80
7054515,142287,100
7054515,143871,100
7054515,144209,80
7054515,153284,100
7054515,153994,80
7054515,162479,60
7054515,163820,80
7054515,164535,100
7054515,166635,100
7054515,167372,80
7054515,170282,80
7054515,171841,80
7054515,171906,100
7054515,172623,100
7054515,174528,80
7054515,175946,100
7054515,175965,100
7054515,177378,100
7054515,178842,100
7054515,179445,100
7054515,180073,100
7054515,188223,100
7054515,188586,100
7054515,189998,100
7054515,193299,100
55383,30021,90
55383,30104,80
55383,30642,100
55383,30669,70
55383,30729,90
55383,30868,90
55383,30987,70
55383,31133,70
55383,31339,90
55383,31447,70
55383,31896,90
55383,31989,70
55383,32477,70
55383,32887,60
55383,33082,100
55383,33378,90
55383,33554,100
55383,33866,100
55383,34368,90
55383,34514,100
55383,34571,70
55383,34600,100
55383,34632,80
55383,38157,90
55383,39625,50
55383,39699,90
55383,40363,80
55383,41522,80
55383,41734,90
55383,41767,90
55383,42350,40
55383,43082,90
55383,43090,60
55383,43702,100
55383,45082,70
55383,45654,70
55383,47125,60
55383,47207,100
55383,47411,60
55383,47486,80
55383,47659,70
55383,47706,100
55383,48111,60
55383,49323,60
55383,49549,60
55383,49594,80
55383,49672,90
55383,50763,60
55383,51227,80
55383,51615,100
55383,51844,50
55383,52638,90
55383,53390,100
55383,53851,60
55383,54294,100
55383,54903,100
55383,55081,90
55383,55132,70
55383,55297,80
55383,56263,90
55383,56973,90
55383,58172,100
55383,58449,80
55383,58825,100
55383,60079,100
55383,62473,60
55383,63031,80
55383,66535,100
55383,67707,100
55383,69291,100
55383,69325,100
55383,72365,70
55383,73661,100
55383,73967,100
55383,74347,90
55383,74485,90
55383,74511,70
55383,74677,70
55383,74929,100
55383,75297,80
55383,75757,100
55383,77953,80
55383,78169,80
55383,78347,100
55383,78641,90
55383,78649,80
55383,78731,90
55383,79967,70
55383,80145,70
55383,84559,60
55383,84779,90
55383,85135,100
55383,85176,70
55383,85226,100
55383,85235,100
55383,85305,100
55383,85307,90
55383,85388,70
55383,85390,100
55383,85395,90
55383,85486,80
55383,85555,100
55383,85566,100
55383,85609,80
55383,85621,90
55383,85639,70
55383,85661,60
55383,85715,70
55383,85724,70
55383,85734,80
55383,85736,100
55383,85746,100
55383,85793,100
55383,85802,70
55383,85814,100
55383,85849,80
55383,86158,100
55383,86171,90
55383,86283,80
55383,86303,90
55383,86320,70
55383,86429,70
55383,86559,100
55383,86639,100
55383,86650,70
55383,86670,50
55383,86689,30
55383,86698,30
55383,86746,70
55383,86770,100
55383,87170,80
55383,87176,80
55383,87216,100
55383,87259,100
55383,87275,80
55383,87316,80
55383,87356,70
55383,87357,70
55383,87358,80
55383,87423,90
55383,87463,70
55383,87519,70
55383,91260,100
55383,93917,60
55383,94341,70
55383,94645,90
55383,95409,90
55383,95810,80
55383,96626,90
55383,96711,60
55383,97601,60
55383,97724,70
55383,97897,50
55383,98154,80
55383,98168,80
55383,98311,80
55383,98416,100
55383,98500,80
55383,98544,100
55383,98587,100
55383,98683,70
55383,99314,90
55383,99395,80
55383,99435,90
55383,99508,90
55383,99680,70
55383,100159,80
55383,100219,70
55383,100410,80
55383,100557,100
55383,100945,70
55383,100973,70
55383,101172,70
55383,101176,100
55383,101233,80
55383,101375,80
55383,101673,70
55383,102809,80
55383,102990,70
55383,104231,70
55383,105332,80
55383,105398,90
55383,105469,100
55383,105778,100
55383,105941,100
55383,106130,100
55383,106183,70
55383,106212,70
55383,106823,80
55383,107098,100
55383,107416,90
55383,107596,70
55383,108259,70
55383,108556,100
55383,110387,80
55383,111621,70
55383,112304,80
55383,113580,70
55383,116482,80
55383,117195,70
55383,117852,80
55383,117987,70
55383,117988,80
55383,118854,90
55383,120171,70
55383,124764,70
55383,125177,80
55383,125828,100
55383,127340,70
55383,127554,80
55383,127564,80
55383,127819,60
55383,128163,60
55383,128493,70
55383,129886,80
55383,130390,50
55383,132029,100
55383,135083,100
55383,135124,70
55383,142568,70
55383,150440,80
55383,154349,80
55383,169904,80
55383,171917,60
55383,176074,80
55383,179444,80
513552,30002,90
513552,30051,90
513552,30436,60
513552,30564,50
513552,30872,90
513552,30909,60
513552,30912,90
513552,31133,80
513552,31517,80
513552,31630,80
513552,33006,90
513552,33042,80
513552,33992,90
513552,40016,70
513552,41514,80
513552,42192,80
513552,43841,90
513552,47192,100
513552,50375,70
513552,53390,40
513552,54705,70
513552,55297,80
513552,63327,70
513552,66213,60
513552,74347,60
513552,76282,70
513552,79865,70
513552,85226,60
513552,85486,50
513552,85611,70
513552,85802,60
513552,86635,80
513552,86639,50
513552,86765,60
513552,87170,60
513552,87216,70
513552,87234,50
513552,87260,50
513552,88233,80
513552,97827,50
513552,97852,30
513552,98334,80
513552,98416,60
513552,99340,30
513552,99851,70
513552,99943,20
513552,100207,70
513552,100230,60
513552,100293,70
513552,100309,20
513552,100445,30
513552,100476,40
513552,100664,60
513552,100765,40
513552,101434,50
513552,101517,70
513552,101557,80
513552,101583,60
513552,101690,60
513552,101724,70
513552,102490,40
513552,103084,60
513552,103621,50
513552,104063,70
513552,104617,70
513552,104686,20
513552,104831,50
513552,105097,60
513552,105125,70
513552,105398,80
513552,105429,50
513552,105778,50
513552,105791,10
513552,106064,60
513552,107098,60
513552,107559,20
513552,108556,70
513552,108699,10
513552,108834,40
513552,110473,80
513552,110577,70
513552,110849,30
513552,111073,20
513552,111444,60
513552,113400,70
513552,114383,30
513552,115356,40
513552,116186,50
513552,116266,40
513552,116822,30
513552,117195,60
513552,117342,40
513552,117616,30
513552,117785,50
513552,117988,20
513552,118647,60
513552,119733,40
513552,120493,60
513552,120760,50
513552,121762,30
513552,122386,60
513552,122604,20
513552,125584,50
513552,125624,40
513552,125828,50
513552,125854,50
513552,126372,30
513552,126693,90
513552,128160,30
513552,128851,10
513552,132029,50
513552,132182,50
513552,132284,30
513552,133386,30
513552,134369,30
513552,135981,40
513552,136290,40
513552,137987,40
513552,139358,50
513552,139465,50
513552,139841,60
513552,141261,40
513552,143028,30
513552,144861,20
513552,144866,50
513552,149291,50
513552,150441,40
513552,154351,60
513552,154551,20
5789564,101418,80
5789564,102029,90
5789564,103995,87
5789564,104271,85
5789564,105393,85
5789564,109985,70
5789564,110472,80
5789564,112684,70
5789564,113607,85
5789564,118267,75
5789564,118424,80
5789564,118768,75
5789564,119276,75
5789564,119524,78
5789564,120446,75
5789564,120966,85
5789564,121565,80
5789564,122063,65
5789564,122110,70
5789564,123512,75
5789564,123556,83
5789564,123573,85
5789564,125636,70
5789564,126297,80
5789564,126298,79
5789564,127848,90
5789564,128067,20
5789564,128273,75
5789564,129579,80
5789564,130140,75
5789564,130210,70
5789564,130566,80
5789564,132144,80
5789564,134635,80
5789564,135325,90
5789564,135464,85
5789564,136204,80
5789564,136331,89
5789564,136763,75
5789564,137168,80
5789564,138397,70
5789564,138555,80
5789564,138666,80
5789564,138798,75
5789564,139504,70
5789564,139838,70
5789564,140145,70
5789564,140407,75
5789564,141011,80
5789564,141076,74
5789564,141316,75
5789564,141626,72
5789564,142352,90
5789564,142817,80
5789564,143352,70
5789564,143370,75
5789564,144079,75
5789564,144999,70
5789564,145134,70
5789564,145982,80
5789564,146093,85
5789564,146155,75
5789564,146712,70
5789564,147149,88
5789564,147636,88
5789564,149736,80
5789564,150319,78
5789564,150508,80
5789564,150816,70
5789564,151212,80
5789564,151220,87
5789564,151417,83
5789564,152422,85
5789564,152654,80
5789564,153468,80
5789564,153948,70
5789564,155246,70
5789564,155487,85
5789564,155618,75
5789564,158766,77
5789564,158954,80
5789564,159398,78
5789564,159445,70
5789564,160454,90
5789564,160890,76
5789564,161715,75
5789564,161762,70
5789564,162650,80
5789564,163447,76
5789564,163448,75
5789564,163820,74
5789564,164222,80
5789564,166658,71
5789564,168152,70
5789564,168383,74
5789564,171709,68
5789564,178399,77
5789564,196874,70
18557,30008,100
18557,30011,90
18557,30025,100
18557,30035,95
18557,30036,100
18557,30037,90
18557,30077,85
18557,30079,100
18557,30080,50
18557,30083,100
18557,30086,80
18557,30092,100
18557,30101,87
18557,30102,100
18557,30106,100
18557,30107,60
18557,30118,100
18557,30119,100
18557,30158,100
18557,30190,79
18557,30267,100
18557,30269,100
18557,30320,100
18557,30338,100
18557,30403,76
18557,30411,90
18557,30429,100
18557,30459,93
18557,30505,70
18557,30508,95
18557,30537,86
18557,30549,69
18557,30563,98
18557,30618,90
18557,30622,99
18557,30635,99
18557,30665,92
18557,30697,100
18557,30723,100
18557,30762,90
18557,30786,94
18557,30826,79
18557,30885,99
18557,30908,100
18557,30923,100
18557,30924,97
18557,31051,90
18557,31110,98
18557,31113,90
18557,31191,85
18557,31195,100
18557,31248,100
18557,31256,90
18557,31268,65
18557,31349,95
18557,31412,78
18557,31452,100
18557,31482,100
18557,31581,45
18557,31624,92
18557,31720,8
18557,31852,85
18557,31866,85
18557,31895,100
18557,31896,84
18557,31978,93
18557,32575,90
18557,32577,79
18557,32579,91
18557,32967,96
18557,33019,95
18557,33031,100
18557,33116,90
18557,33268,90
18557,33282,100
18557,33338,80
18557,33485,92
18557,33494,97
18557,34006,80
18557,34067,90
18557,34293,100
18557,35394,100
18557,35873,80
18557,36306,96
18557,36484,90
18557,37024,100
18557,37385,90
18557,37462,100
18557,38455,100
18557,40808,100
18557,41107,80
18557,41850,100
18557,42064,100
18557,45425,100
18557,45448,80
18557,50704,90
18557,54833,70
18557,63791,69
18557,77873,90
18557,84401,80
18557,84817,80
18557,84897,90
18557,84925,80
18557,85211,100
123874,30002,100
123874,30003,90
123874,30007,90
123874,30026,80
123874,30031,80
123874,30051,100
123874,30149,80
123874,30336,90
123874,30656,100
123874,30657,90
123874,30743,90
123874,31706,100
123874,33008,90
123874,33009,90
123874,33285,84
123874,33378,80
123874,33578,70
123874,33731,80
123874,34632,90
123874,54705,80
123874,55515,90
123874,80145,80
123874,87395,90
564080,30002,70
564080,30013,70
564080,85141,90
564080,85143,90
564080,85486,90
564080,85564,70
564080,86123,90
564080,86310,50
564080,86399,70
564080,86607,70
564080,87423,90
564080,98416,70
564080,98466,90
564080,98842,70
564080,101134,90
564080,101517,90
564080,101860,70
564080,105398,90
564080,105778,70
564080,114960,70
564080,119174,70
564080,119968,90
564080,122823,50
564080,141261,70
564080,144946,70
5198511,39296,70
5198511,41850,70
5198511,46688,70
5198511,53736,70
5198511,56324,70
5198511,69883,70
5198511,78441,70
5198511,86549,90
5198511,87207,50
5198511,87216,90
5198511,88577,70
5198511,98359,70
5198511,98561,90
5198511,98844,70
5198511,99395,70
5198511,99609,90
5198511,100758,70
5198511,100805,90
5198511,102287,70
5198511,103082,70
5198511,103198,70
5198511,103270,90
5198511,108703,50
5198511,109384,90
5198511,110281,70
5198511,112995,70
6285494,30002,70
6285494,30013,80
6285494,30436,60
6285494,30915,30
6285494,31414,80
6285494,31649,30
6285494,31706,70
6285494,33378,50
6285494,34632,60
6285494,36164,40
6285494,37519,50
6285494,43702,50
6285494,44483,90
6285494,46765,90
6285494,55096,50
6285494,61499,70
6285494,65003,60
6285494,72451,40
6285494,76716,50
6285494,85135,60
6285494,85413,90
6285494,85849,70
6285494,86123,40
6285494,86635,90
6285494,86964,40
6285494,87170,60
6285494,87395,70
6285494,94490,80
6285494,97553,60
6285494,98235,60
6285494,98334,60
6285494,98397,80
6285494,98416,60
6285494,99757,50
6285494,99943,50
6285494,100991,80
6285494,100994,50
6285494,101517,80
6285494,102490,50
6285494,102988,40
6285494,105398,10
6285494,105469,50
6285494,105778,100
6285494,106130,70
6285494,106867,70
6285494,107237,50
6285494,108556,70
6285494,111149,50
6285494,111233,80
6285494,113531,60
6285494,114416,70
6285494,114791,40
6285494,114960,30
6285494,116266,60
6285494,116401,30
6285494,117195,50
6285494,118586,90
6285494,118644,30
6285494,119257,80
6285494,120760,40
6285494,125828,100
6285494,129694,50
6285494,132029,80
6285494,132182,80
6285494,132288,90
6285494,140475,70
6285494,143031,60
6285494,143516,70
6285494,144866,60
6285494,147997,90
6285494,150440,90
6285494,154349,50
6285494,156656,80
6285494,159025,60
6285494,163340,60
6285494,166140,50
6285494,169272,50
6285494,169355,90
6285494,169922,60
6285494,170755,60
6285494,173062,70
6285494,173343,70
6285494,178096,70
6285494,178202,70
6331777,30012,90
6331777,30013,80
6331777,30872,75
6331777,37627,50
6331777,43492,80
6331777,44790,85
6331777,45805,95
6331777,74347,85
6331777,75275,70
6331777,85247,70
6331777,85564,70
6331777,86123,80
6331777,86151,60
6331777,86297,70
6331777,86310,80
6331777,86399,75
6331777,87225,80
6331777,98871,50
6331777,100584,60
6331777,100693,65
6331777,100994,100
6331777,101434,30
6331777,101468,75
6331777,101517,85
6331777,101591,60
6331777,101625,40
6331777,102961,65
6331777,103156,80
6331777,105204,60
6331777,105393,85
6331777,105398,80
6331777,105641,95
6331777,105778,90
6331777,106029,60
6331777,106064,70
6331777,107120,60
6331777,109957,65
6331777,110462,50
6331777,110989,55
6331777,111149,75
6331777,111212,75
6331777,111233,90
6331777,111403,75
6331777,112715,40
6331777,112981,85
6331777,113171,50
6331777,113666,55
6331777,114198,60
6331777,114605,65
6331777,115357,60
6331777,116353,65
6331777,116652,55
6331777,117536,55
6331777,117964,50
6331777,118424,55
6331777,118437,60
6331777,118593,30
6331777,118706,50
6331777,119257,90
6331777,119363,95
6331777,119521,75
6331777,120493,75
6331777,120760,85
6331777,120980,60
6331777,121700,60
6331777,122604,75
6331777,123264,85
6331777,123573,70
6331777,123582,70
6331777,124535,55
6331777,124832,50
6331777,124853,70
6331777,125125,55
6331777,125233,95
6331777,125653,65
6331777,125704,40
6331777,126078,40
6331777,126361,50
6331777,127084,60
6331777,128067,60
6331777,130511,70
6331777,130548,60
6331777,130870,70
6331777,130938,40
6331777,131120,45
6331777,131140,40
6331777,132029,85
6331777,132510,35
6331777,132791,40
6331777,132854,40
6331777,133038,70
6331777,133122,45
6331777,133708,35
6331777,134141,85
6331777,135317,80
6331777,135318,70
6331777,135574,75
6331777,136053,60
6331777,136734,40
6331777,137280,35
6331777,137288,50
6331777,137304,75
6331777,137375,70
6331777,137513,60
6331777,137595,50
6331777,137942,30
6331777,137987,65
6331777,138363,75
6331777,138366,65
6331777,138397,70
6331777,139089,65
6331777,139381,50
6331777,139572,70
6331777,139600,60
6331777,139841,60
6331777,140407,45
6331777,140896,60
6331777,141007,70
6331777,141496,50
6331777,141958,65
6331777,142031,55
6331777,142287,45
6331777,142372,70
6331777,142773,60
6331777,142919,50
6331777,143025,80
6331777,143059,20
6331777,143117,50
6331777,143658,50
6331777,143719,60
6331777,144122,70
6331777,144155,65
6331777,144629,50
6331777,144767,65
6331777,144946,90
6331777,144957,70
6331777,145141,50
6331777,145966,60
6331777,146017,55
6331777,146139,60
6331777,146639,50
6331777,146712,40
6331777,147159,50
6331777,147329,65
6331777,147636,60
6331777,149332,80
6331777,149624,70
6331777,149893,50
6331777,150131,65
6331777,150170,80
6331777,150318,35
6331777,150378,70
6331777,150684,60
6331777,150836,50
6331777,150907,55
6331777,151025,70
6331777,151457,40
6331777,151512,30
6331777,151515,65
6331777,152128,75
6331777,152130,65
6331777,152215,50
6331777,152404,70
6331777,152422,45
6331777,153150,50
6331777,153284,40
6331777,153432,75
6331777,153880,40
6331777,153997,60
6331777,154258,10
6331777,154366,60
6331777,155246,45
6331777,155485,85
6331777,155490,55
6331777,155610,50
6331777,155618,45
6331777,156130,60
6331777,156193,65
6331777,156558,50
6331777,157787,60
6331777,157890,55
6331777,158221,55
6331777,158376,55
6331777,159121,40
6331777,159212,70
6331777,159277,50
6331777,159385,60
6331777,159397,50
6331777,159398,50
6331777,159438,50
6331777,159440,55
6331777,159441,80
6331777,159488,70
6331777,159930,65
6331777,160001,40
6331777,160143,40
6331777,160594,45
6331777,160693,65
6331777,161433,85
6331777,161682,70
6331777,163006,55
6331777,163536,75
6331777,163824,50
6331777,164222,70
6331777,164838,35
6331777,165012,60
6331777,165182,65
6331777,166117,60
6331777,166121,50
6331777,166154,65
6331777,166274,50
6331777,166279,75
6331777,166658,60
6331777,166929,70
6331777,167165,65
6331777,167372,65
6331777,167423,75
6331777,168287,65
6331777,168337,70
6331777,168823,30
6331777,169153,50
6331777,169734,75
6331777,169904,70
6331777,170400,65
6331777,170519,80
6331777,170894,80
6331777,171164,60
6331777,171710,65
6331777,172110,65
6331777,172623,95
6331777,172703,50
6331777,173020,50
6331777,173022,40
6331777,173262,50
6331777,174315,75
6331777,174515,80
6331777,175262,55
6331777,175946,95
6331777,177775,50
6331777,178135,85
6331777,179445,70
6331777,180685,80
6331777,180890,85
6331777,180891,65
6331777,181712,70
6331777,181992,75
6331777,183376,95
6331777,185066,10
6331777,185816,70
6331777,185817,70
6331777,187189,100
6331777,188155,80
6331777,189888,60
6331777,191203,80
6331777,195258,60
6331777,195820,65
6331777,195914,70
6331777,198885,90
6331777,198931,70
6331777,199078,50
6331777,200383,50
6331777,201773,75
6331777,203154,75
6331777,203323,50
6331777,204103,70
6331777,204167,30
6331777,204866,70
6331777,205410,50
6331777,206966,65
135262,30085,100
135262,30348,90
135262,31702,70
135262,31926,70
135262,33986,70
135262,41366,80
135262,43001,80
135262,43949,80
135262,44110,100
135262,46601,80
135262,48597,75
135262,49465,70
135262,53390,80
135262,54098,80
135262,54836,70
135262,56182,80
135262,56292,80
135262,60831,70
135262,65733,75
135262,68105,80
135262,69325,85
135262,74155,80
135262,74279,70
135262,74489,90
135262,76716,70
135262,77102,80
135262,78397,80
135262,80145,80
135262,81399,80
135262,81747,75
135262,81855,80
135262,81857,80
135262,85235,90
135262,85402,75
135262,85412,80
135262,85666,80
135262,85671,90
135262,85734,70
135262,86008,60
135262,86218,80
135262,86300,80
135262,86303,90
135262,86551,90
135262,86655,70
135262,86739,70
135262,87005,100
135262,87186,90
135262,87423,85
135262,87451,80
135262,88609,70
135262,93006,85
135262,95159,70
135262,97852,90
135262,97897,65
135262,100473,80
135262,100754,80
135262,100794,75
135262,100885,80
135262,101932,70
135262,103845,70
135262,103884,80
135262,104401,70
135262,117620,90
862217,30011,100
862217,30021,91
862217,30030,87
862217,30049,100
862217,30102,85
862217,30656,80
862217,31528,88
862217,32895,82
862217,35310,75
862217,36140,80
862217,38157,89
862217,47706,100
862217,70345,83
862217,71539,85
862217,79865,72
862217,85143,92
862217,85307,100
862217,85475,86
862217,85850,87
862217,86123,86
862217,87347,100
862217,92468,80
862217,97973,87
862217,98416,100
862217,99125,90
862217,99471,87
862217,99897,94
862217,100591,72
862217,101172,94
862217,101392,73
862217,101517,100
862217,102988,100
862217,107658,74
862217,108251,84
862217,108441,86
862217,108969,77
862217,109235,85
862217,110166,80
862217,111110,70
862217,111133,86
862217,112275,100
862217,112668,85
862217,113054,72
862217,114972,85
862217,117321,75
862217,118730,78
862217,121424,83
862217,122653,96
862217,122841,90
862217,123103,75
862217,123409,90
862217,124610,76
862217,124613,82
862217,124638,80
862217,124639,86
862217,125648,100
862217,126995,100
862217,127276,86
862217,127419,70
862217,127424,84
862217,127450,73
862217,129514,88
862217,129533,88
862217,129606,75
862217,129826,74
862217,129880,95
862217,133801,88
862217,135181,71
862217,139463,100
862217,140102,75
862217,144501,80
862217,144767,90
862217,145551,80
862217,147217,70
862217,147547,80
862217,148061,77
862217,150633,86
862217,153788,92
862217,158667,82
5412605,30011,70
5412605,30012,80
5412605,30021,90
5412605,30023,70
5412605,30030,90
5412605,30035,70
5412605,30047,80
5412605,30049,90
5412605,30071,90
5412605,30074,80
5412605,30085,80
5412605,30090,100
5412605,30092,70
5412605,30094,90
5412605,30099,70
5412605,30101,90
5412605,30102,80
5412605,30106,80
5412605,30107,100
5412605,30172,80
5412605,30277,70
5412605,30332,70
5412605,30554,90
5412605,30555,70
5412605,30610,80
5412605,30618,100
5412605,30647,80
5412605,30661,100
5412605,30739,80
5412605,31073,80
5412605,31199,90
5412605,31721,70
5412605,32566,90
5412605,35107,90
5412605,38878,90
5412605,39699,90
5412605,41734,100
5412605,46669,90
5412605,50593,80
5412605,51077,80
5412605,54692,100
5412605,55081,90
5412605,59983,90
5412605,63251,90
5412605,79863,90
5412605,85555,90
5412605,85609,90
5412605,107658,100
5535532,30013,30
5535532,30149,90
5535532,30336,90
5535532,30583,80
5535532,30933,60
5535532,31045,60
5535532,31101,80
5535532,33731,70
5535532,44440,20
5535532,53390,90
5535532,64377,70
5535532,66267,70
5535532,79865,90
5535532,85208,40
5535532,85412,90
5535532,85619,70
5535532,85802,60
5535532,86559,80
5535532,86964,60
5535532,87216,90
5535532,100230,70
5535532,100954,70
5535532,101134,70
5535532,101259,80
5535532,107521,70
5535532,114160,85
5535532,114960,80
5535532,120625,90
91793,33804,90
91793,47517,80
91793,48301,70
91793,52638,51
91793,55426,79
91793,57205,77
91793,59185,79
91793,69889,70
91793,74155,95
91793,76780,58
91793,85763,100
91793,86757,80
91793,87234,90
91793,87512,65
91793,88700,75
91793,92196,71
91793,97429,52
91793,99472,60
91793,102732,68
91793,103557,39
91793,104058,77
91793,105294,80
91793,106483,69
91793,106688,80
91793,106916,100
91793,108112,90
91793,110785,70
91793,111073,70
91793,111138,85
91793,111452,66
91793,114623,68
91793,116558,80
91793,116687,65
91793,117010,80
91793,117372,78
91793,118252,61
91793,118360,80
91793,118362,75
91793,118723,60
91793,119180,69
91793,119218,70
91793,119627,75
91793,120411,60
91793,120813,60
91793,121637,70
91793,121817,71
91793,122221,50
91793,122231,60
91793,122713,67
91793,124349,78
91793,125863,68
91793,127289,70
91793,128018,57
91793,130691,71
91793,131186,86
91793,131192,83
91793,131229,70
91793,131326,68
91793,131372,87
91793,131456,70
91793,132702,90
91793,132836,80
91793,133002,57
91793,133304,80
91793,133675,94
91793,133947,60
91793,134012,80
91793,135364,65
91793,136965,75
91793,138782,73
91793,141788,80
91793,142135,65
91793,142588,77
91793,142615,85
91793,143057,70
91793,143230,91
91793,144384,70
91793,144391,95
91793,144650,70
91793,149433,61
91793,149654,75
91793,150355,35
91793,150361,39
91793,150414,40
91793,150478,80
91793,151893,80
91793,153144,80
91793,153256,90
91793,153376,75
91793,153577,58
91793,153578,60
91793,153620,68
91793,154102,82
91793,154426,91
91793,154809,78
91793,155102,80
91793,155115,75
91793,155529,90
91793,156237,78
91793,157728,70
91793,159020,58
91793,160501,80
91793,161059,95
91793,161250,85
91793,163458,100
91793,164760,100
91793,165121,78
91793,166011,75
91793,167098,73
91793,167880,87
91793,173133,95
91793,173403,80
91793,173949,75
91793,201608,60
6195231,30002,100
6195231,30013,85
6195231,30026,100
6195231,30051,100
6195231,30070,40
6195231,30149,35
6195231,30436,70
6195231,30656,100
6195231,31133,92
6195231,31706,93
6195231,37482,100
6195231,44790,99
6195231,46765,100
6195231,50375,35
6195231,53390,62
6195231,55515,65
6195231,78025,95
6195231,85247,85
6195231,87423,64
6195231,100568,100
6195231,100954,73
6195231,103082,10
6195231,107279,100
6195231,114605,85
6195231,119174,85
6195231,119521,100
6195231,119526,64
6195231,144224,85
6195231,187189,85
6769748,99128,80
6769748,103635,80
6769748,103995,80
6769748,104533,80
6769748,105393,80
6769748,105398,100
6769748,107521,80
6769748,109436,100
6769748,110095,100
6769748,111407,100
6769748,113060,100
6769748,116382,100
6769748,117581,80
6769748,119174,80
6769748,120222,60
6769748,120440,80
6769748,120727,80
6769748,121991,100
6769748,122060,80
6769748,122406,80
6769748,123995,100
6769748,124474,60
6769748,127037,80
6769748,129796,60
6769748,130300,100
6769748,130740,80
6769748,133038,60
6769748,134671,60
6769748,136331,80
6769748,136882,60
6769748,138575,100
6769748,139459,80
6769748,139661,60
6769748,143003,100
6769748,144006,100
6769748,145551,80
6769748,150750,80
6769748,152427,40
6769748,153022,40
6769748,153273,60
6769748,158221,40
6769748,164416,60
6769748,164599,60
6769748,165652,80
6769748,167485,60
6769748,168355,80
6769748,170876,80
6769748,178196,100
867359,30009,100
867359,30024,100
867359,30044,100
867359,31133,90
867359,32180,80
867359,33866,100
867359,35158,100
867359,36097,90
867359,47207,100
867359,51525,100
867359,54825,100
867359,59887,100
867359,85435,100
867359,85555,90
867359,85734,100
867359,85899,80
867359,86551,100
867359,86693,100
867359,86837,100
867359,87347,100
867359,87357,100
867359,94677,90
867359,94889,100
867359,98013,100
867359,98148,80
867359,98263,100
867359,98842,100
867359,98905,100
867359,99065,100
867359,99905,80
867359,100174,100
867359,100557,100
867359,100593,90
867359,100969,90
867359,101049,100
867359,101172,40
867359,101293,100
867359,101489,100
867359,101517,100
867359,104245,70
867359,105418,90
867359,107098,80
867359,111044,100
867359,111233,80
867359,113593,100
867359,115335,100
867359,117941,100
867359,118236,100
867359,118582,80
867359,119570,100
867359,119695,100
867359,121819,100
867359,123251,20
867359,126836,100
867359,130116,100
867359,141148,100
867359,142479,100
867359,143990,100
867359,144209,80
867359,144946,100
867359,150378,90
867359,157312,80
867359,161929,80
867359,169691,100
5855786,30002,20
5855786,30011,10
5855786,30015,20
5855786,30025,30
5855786,30026,20
5855786,30582,70
5855786,30656,10
5855786,30664,50
5855786,30671,50
5855786,30705,10
5855786,30894,40
5855786,31706,20
5855786,33009,20
5855786,33403,50
5855786,34632,10
5855786,38967,20
5855786,42629,80
5855786,52519,70
5855786,53390,10
5855786,54705,30
5855786,55515,20
5855786,59931,80
5855786,63327,20
5855786,65003,20
5855786,66213,60
5855786,74347,30
5855786,85135,50
5855786,85887,40
5855786,86635,30
5855786,87170,10
5855786,97897,50
5855786,105398,10
5855786,105778,20
5855786,114416,20
5982150,30002,70
5982150,30007,70
5982150,40884,70
5982150,46765,80
5982150,78151,80
5982150,85143,100
5982150,85155,90
5982150,85446,60
5982150,85495,70
5982150,85869,90
5982150,85934,60
5982150,85978,90
5982150,86707,100
5982150,105393,90
5982150,106758,80
5982150,110042,70
5982150,110462,80
5982150,114605,70
5982150,116506,90
5982150,119257,100
5982150,124618,90
5982150,130511,70
5982150,135325,90
5982150,140407,90
5982150,144957,80
5982150,155618,90
7234262,30001,95
7234262,30002,88
7234262,30003,86
7234262,30007,80
7234262,30011,76
7234262,30012,75
7234262,30013,78
7234262,30021,83
7234262,30025,85
7234262,30026,85
7234262,30028,80
7234262,30044,90
7234262,30051,85
7234262,30102,80
7234262,30336,84
7234262,30642,87
7234262,30656,94
7234262,30657,85
7234262,30698,88
7234262,30745,85
7234262,30756,76
7234262,31303,95
7234262,31320,100
7234262,34632,90
7234262,37375,86
7234262,39982,81
7234262,41054,83
7234262,45547,86
7234262,46765,89
7234262,53390,86
7234262,63327,100
7234262,65243,71
7234262,72451,70
7234262,74347,84
7234262,75143,84
7234262,85135,85
7234262,85189,83
7234262,85486,62
7234262,85611,100
7234262,85849,72
7234262,86123,69
7234262,86551,82
7234262,86635,90
7234262,87216,65
7234262,97852,71
7234262,99022,83
7234262,101517,68
7234262,102988,67
7234262,105778,72
7234262,106130,70
7234262,107237,80
7234262,107279,77
7234262,108556,65
7234262,117195,70
7234262,118586,81
7234262,120760,72
7234262,125828,74
7234262,132029,75
7234262,132182,70
7234262,169355,75
462830,30013,85
462830,30598,85
462830,30642,85
462830,30872,85
462830,31517,85
462830,31630,85
462830,31706,85
462830,33006,85
462830,33008,85
462830,33009,85
462830,39699,85
462830,40884,85
462830,46686,85
462830,46922,85
462830,47051,85
462830,48200,85
462830,59211,85
462830,60381,85
462830,65211,85
462830,65243,85
462830,74257,85
462830,74347,85
462830,74489,85
462830,75757,85
462830,80217,85
462830,80331,85
462830,85235,85
462830,85486,85
462830,85734,85
462830,85898,85
462830,86082,85
462830,86123,85
462830,86206,85
462830,86310,85
462830,86549,85
462830,86707,85
462830,86937,85
462830,87005,85
462830,87208,85
462830,87216,85
462830,87380,85
462830,87432,85
462830,87459,85
462830,93006,85
462830,96240,85
462830,97852,85
462830,98263,85
462830,98370,85
462830,98416,85
462830,98587,85
462830,98842,85
462830,99024,85
462830,99140,85
462830,99183,85
462830,99287,85
462830,99307,60
462830,99324,85
462830,99429,85
462830,99564,85
462830,99757,85
462830,100052,85
462830,100187,85
462830,100230,85
462830,100789,85
462830,100805,85
462830,100991,85
462830,101233,85
462830,101517,85
462830,101563,85
462830,103270,85
462830,103586,85
462830,104140,85
462830,104203,85
462830,104588,85
462830,105398,85
462830,106316,85
462830,106317,85
462830,106318,85
462830,107416,85
462830,108027,85
462830,108556,85
462830,108919,85
462830,108965,85
462830,109058,85
462830,109302,85
462830,109512,85
462830,109921,85
462830,113350,85
462830,114646,85
462830,114972,85
462830,116723,85
462830,117023,85
462830,118269,85
462830,118695,85
462830,120535,85
462830,123154,85
462830,140324,85
462830,144946,85
462830,149544,85
462830,194661,85
772783,30002,100
772783,30013,100
772783,30336,90
772783,30642,90
772783,30656,100
772783,30936,90
772783,34632,100
772783,44531,90
772783,74347,80
772783,85564,70
772783,86099,90
772783,86399,70
772783,86707,80
772783,86964,80
772783,100568,70
772783,100937,70
772783,101517,80
772783,101583,90
772783,102988,70
772783,103156,80
772783,105398,90
772783,105778,90
772783,106929,90
772783,107518,80
772783,109957,80
772783,111233,80
772783,113607,70
772783,114198,70
772783,116186,80
772783,116506,80
772783,117324,70
772783,117460,80
772783,117540,70
772783,118267,80
772783,118408,70
772783,118424,80
772783,118586,100
772783,119257,80
772783,119276,70
772783,120760,80
772783,120907,70
772783,122337,70
772783,123573,70
772783,125636,70
772783,126297,80
772783,128067,70
772783,129039,70
772783,130222,70
772783,130511,60
772783,130566,65
772783,133708,60
772783,136331,70
772783,139572,60
772783,140475,90
772783,143056,70
772783,144079,70
772783,144957,70
772783,146017,70
962121,60079,70
962121,72451,90
962121,75275,70
962121,80003,90
962121,80027,100
962121,84897,80
962121,85135,100
962121,85173,80
962121,85208,60
962121,85621,70
962121,85747,80
962121,85748,90
962121,85847,80
962121,86112,80
962121,86703,80
962121,86848,70
962121,86933,100
962121,86964,70
962121,87292,70
962121,97615,80
962121,97717,90
962121,97830,80
962121,97865,100
962121,98066,70
962121,98834,60
962121,99923,90
962121,100793,90
962121,100954,80
962121,101233,90
962121,102354,80
962121,103855,100
962121,103995,70
962121,104283,90
962121,104596,100
962121,105398,90
962121,109398,80
962121,111087,80
962121,111140,90
962121,111489,100
962121,113055,80
962121,113328,80
962121,113927,80
962121,114828,70
962121,115000,80
962121,118600,90
962121,121565,90
962121,122060,80
962121,123739,80
962121,124024,100
962121,127868,70
962121,134191,90
962121,134322,80
962121,139767,90
962121,142887,70
962121,145551,80
962121,146139,80
962121,149756,90
962121,152306,70
962121,155133,70
962121,155299,90
962121,160178,70
962121,163408,90
962121,178731,80
7226210,72451,100
7226210,74347,80
7226210,74485,100
7226210,86707,80
7226210,100954,100
7226210,104596,90
7226210,105398,90
7226210,106434,100
7226210,106454,100
7226210,107966,90
7226210,110042,96
7226210,110062,100
7226210,110462,60
7226210,111390,100
7226210,112197,90
7226210,113488,100
7226210,119174,100
7226210,119521,100
7226210,120980,95
7226210,121762,100
7226210,121991,90
7226210,125571,100
7226210,126297,80
7226210,128067,95
7226210,130210,100
7226210,132144,80
7226210,132182,50
7226210,135464,100
7226210,136220,70
7226210,140407,100
7226210,140475,100
7226210,141626,100
7226210,142144,90
7226210,144957,90
7226210,145538,100
7226210,154836,100
7226210,155471,80
7226210,177241,100
7226210,177706,100
7226210,186608,100
5123919,30001,90
5123919,30002,90
5123919,30004,85
5123919,30009,90
5123919,30010,85
5123919,30025,95
5123919,30027,90
5123919,30028,95
5123919,30029,95
5123919,30081,100
5123919,30092,70
5123919,30113,70
5123919,30124,85
5123919,30133,85
5123919,30149,60
5123919,30229,75
5123919,30267,60
5123919,30436,70
5123919,30443,90
5123919,30633,75
5123919,30660,70
5123919,30705,80
5123919,30745,80
5123919,30958,20
5123919,30974,85
5123919,31517,65
5123919,31766,70
5123919,33104,65
5123919,33378,95
5123919,33731,90
5123919,33868,75
5123919,34632,65
5123919,37375,95
5123919,41734,65
5123919,42947,55
5123919,43702,80
5123919,47353,60
5123919,52986,65
5123919,54098,60
5123919,54294,95
5123919,54705,85
5123919,57231,85
5123919,58303,20
5123919,63327,40
5123919,66267,95
5123919,66595,85
5123919,66933,80
5123919,71769,90
5123919,74489,90
5123919,77977,75
5123919,80217,10
5123919,85165,80
5123919,85215,70
5123919,85296,85
5123919,85616,65
5123919,85804,15
5123919,85922,70
5123919,86136,95
5123919,86218,70
5123919,86549,70
5123919,86639,75
5123919,86770,90
5123919,86833,35
5123919,87015,50
5123919,87208,90
5123919,95290,60
5123919,96767,90
5123919,97391,80
5123919,97553,60
5123919,97701,70
5123919,97727,10
5123919,98263,90
5123919,98334,80
5123919,98370,80
5123919,98397,85
5123919,98649,35
5123919,98842,90
5123919,99061,80
5123919,100052,45
5123919,100187,75
5123919,100334,45
5123919,100568,70
5123919,100592,20
5123919,100994,65
5123919,101006,70
5123919,101265,85
5123919,101583,85
5123919,101719,40
5123919,101942,75
5123919,102043,90
5123919,104277,20
5123919,104687,80
5123919,105747,70
5123919,105778,80
5123919,106331,80
5123919,107237,100
5123919,107265,70
5123919,107275,70
5123919,107477,75
5123919,107544,75
5123919,108228,70
5123919,108360,85
5123919,108556,75
5123919,109285,100
5123919,109501,85
5123919,109921,85
5123919,110112,65
5123919,110281,40
5123919,110473,80
5123919,110716,70
5123919,110961,70
5123919,111189,100
5123919,111509,75
5123919,112579,65
5123919,113245,80
5123919,114027,50
5123919,114328,80
5123919,114329,80
5123919,114960,60
5123919,116170,90
5123919,116534,95
5123919,117195,80
5123919,119004,80
5123919,120489,80
5123919,120502,100
5123919,121951,85
5123919,122226,85
5123919,122739,75
5123919,122848,40
5123919,123033,70
5123919,123545,80
5123919,123625,65
5123919,123641,65
5123919,124139,90
5123919,125615,60
5123919,125851,75
5123919,126543,90
5123919,127217,75
5123919,127778,30
5123919,128163,30
5123919,128406,90
5123919,128427,80
5123919,128448,85
5123919,130867,80
5123919,131546,80
5123919,132029,80
5123919,132182,85
5123919,132288,100
5123919,132926,100
5123919,133821,65
5123919,133905,55
5123919,133919,75
5123919,136109,85
5123919,136498,80
5123919,136943,100
5123919,136966,70
5123919,137334,75
5123919,137431,85
5123919,137614,85
5123919,138577,85
5123919,138603,100
5123919,138847,90
5123919,140475,75
5123919,140835,60
5123919,141438,65
5123919,141859,75
5123919,141986,60
5123919,142568,55
5123919,143817,70
5123919,144383,85
5123919,144866,85
5123919,144946,65
5123919,145531,70
5123919,146238,85
5123919,146314,95
5123919,147149,85
5123919,147329,80
5123919,147997,90
5123919,149544,90
5123919,150378,85
5123919,150440,65
5123919,151254,80
5123919,151444,75
5123919,153177,60
5123919,153669,75
5123919,154349,85
5123919,155108,95
5123919,155172,80
5123919,156303,45
5123919,156348,70
5123919,156656,55
5123919,157489,75
5123919,157598,80
5123919,158672,85
5123919,159142,100
5123919,159709,80
5123919,159716,80
5123919,160651,70
5123919,161112,85
5123919,163034,80
5123919,164263,100
5123919,165868,70
5123919,166870,60
5123919,167284,60
5123919,169343,70
5123919,169355,70
5123919,169922,75
5123919,171289,85
5123919,173228,75
5123919,173343,75
5123919,174358,55
5123919,175424,70
5123919,176074,75
5123919,176262,65
5123919,176580,70
5123919,176740,60
5123919,178128,75
5123919,180422,85
5123919,180752,70
5123919,180880,60
5123919,186740,80
5123919,187157,80
5123919,197461,80
5189395,30003,70
5189395,30007,80
5189395,30021,80
5189395,30025,70
5189395,30043,80
5189395,30051,100
5189395,30053,80
5189395,30145,80
5189395,30401,100
5189395,30436,60
5189395,30442,60
5189395,30658,90
5189395,30743,70
5189395,31076,80
5189395,31303,90
5189395,31673,50
5189395,33285,70
5189395,34625,80
5189395,35744,100
5189395,36946,70
5189395,37375,80
5189395,38586,95
5189395,39053,30
5189395,40619,80
5189395,43358,80
5189395,46325,90
5189395,53390,80
5189395,54637,60
5189395,55112,40
5189395,59983,90
5189395,60079,80
5189395,63031,80
5189395,63327,70
5189395,65243,90
5189395,65721,50
5189395,75996,60
5189395,77639,50
5189395,80817,80
5189395,85165,75
5189395,85189,95
5189395,85215,60
5189395,85486,90
5189395,85612,80
5189395,86123,50
5189395,86526,40
5189395,86759,60
5189395,86761,70
5189395,86890,90
5189395,86964,90
5189395,87163,40
5189395,87216,80
5189395,87217,60
5189395,95426,70
5189395,100472,60
5189395,100568,75
5189395,100954,80
5189395,102417,70
5189395,103180,90
5189395,107323,70
5189395,107361,50
5293637,30002,90
5293637,30004,70
5293637,30013,80
5293637,30026,100
5293637,30028,90
5293637,30642,85
5293637,30656,95
5293637,31262,80
5293637,31706,80
5293637,33031,75
5293637,39982,90
5293637,44790,85
5293637,46765,70
5293637,53390,100
5293637,64053,100
5293637,65243,100
5293637,72579,100
5293637,74489,80
5293637,75996,70
5293637,78025,75
5293637,81987,95
5293637,85143,60
5293637,85611,90
5293637,85911,75
5293637,86635,85
5293637,86719,50
5293637,87208,75
5293637,100568,70
5293637,101517,70
5293637,104513,90
5293637,105747,70
5293637,107445,75
5293637,126693,80
5293637,127809,70
5293637,137166,60
5293637,149557,70
5293637,171695,85
5779103,46713,80
5779103,54098,80
5779103,60315,100
5779103,61499,100
5779103,85802,80
5779103,85825,80
5779103,86833,70
5779103,87266,40
5779103,93620,50
5779103,97323,60
5779103,97599,80
5779103,98068,50
5779103,100472,70
5779103,101259,80
5779103,101850,100
5779103,101870,30
5779103,105778,90
5779103,106064,90
5779103,106957,60
5779103,112531,60
5779103,114403,70
5779103,114428,40
5779103,115365,70
5779103,116186,100
5779103,119414,50
5779103,122949,90
5779103,123164,60
5779103,125495,30
5779103,135981,80
967786,30013,90
967786,30598,100
967786,72451,90
967786,72695,80
967786,77102,60
967786,80331,70
967786,85480,70
967786,85529,80
967786,85533,75
967786,85966,80
967786,86063,60
967786,86481,75
967786,86717,80
967786,86779,60
967786,87056,60
967786,97305,50
967786,97396,50
967786,97852,85
967786,98140,75
967786,98686,70
967786,99183,75
967786,99549,80
967786,99775,70
967786,100230,95
967786,100497,70
967786,100664,70
967786,100874,50
967786,100962,50
967786,101315,70
967786,101557,70
967786,101583,70
967786,101724,70
967786,101754,70
967786,101860,80
967786,103214,70
967786,103294,70
967786,105011,70
967786,105304,70
967786,105577,70
967786,105641,75
967786,105818,70
967786,106064,70
967786,106434,60
967786,106660,50
967786,106820,70
967786,107098,90
967786,107282,70
967786,107559,40
967786,107608,60
967786,107896,70
967786,108105,80
967786,108379,50
967786,108768,75
967786,110140,65
967786,110760,60
967786,112981,70
967786,113076,70
967786,113501,80
967786,113801,70
967786,113961,75
967786,114164,75
967786,114383,60
967786,114830,50
967786,114913,70
967786,115149,65
967786,115604,60
967786,116401,50
967786,116411,50
967786,118993,65
967786,119311,75
967786,120051,60
967786,120760,70
967786,121766,80
967786,123164,65
967786,123625,85
967786,124853,85
967786,125280,65
967786,125316,70
967786,126361,40
967786,127778,50
967786,128160,70
967786,128413,20
967786,128851,40
967786,130548,75
967786,132182,80
967786,134369,80
967786,139966,40
967786,140475,90
967786,147329,80
967786,152855,70
967786,187189,100
967786,201699,80
5692975,100885,100
5692975,101172,90
5692975,105821,80
5692975,106013,90
5692975,111116,100
5692975,111618,100
5692975,117877,100
5692975,120768,100
5692975,122837,100
5692975,123368,90
5692975,124613,90
5692975,125656,100
5692975,128642,100
5692975,128730,100
5692975,129605,90
5692975,130116,90
5692975,139463,90
5692975,143003,100
5692975,143869,90
5692975,143870,100
5692975,144209,100
5692975,144574,90
5692975,147380,90
5692975,169008,90
5692975,174006,90
5692975,176142,90
5692975,178820,90
5846179,30012,84
5846179,30013,88
5846179,30026,86
5846179,30988,100
5846179,41090,86
5846179,66213,79
5846179,74347,96
5846179,74485,93
5846179,84627,72
5846179,85486,86
5846179,86508,73
5846179,87178,74
5846179,87216,58
5846179,98030,72
5846179,98118,68
5846179,98416,83
5846179,99462,70
5846179,99933,84
5846179,100664,85
5846179,101473,88
5846179,101517,86
5846179,102988,63
5846179,103114,79
5846179,105469,81
5846179,105778,93
5846179,106130,95
5846179,106758,86
5846179,107098,83
5846179,107279,97
5846179,107540,70
5846179,109017,80
5846179,109874,67
5846179,110918,47
5846179,113636,76
5846179,114791,76
5846179,115042,78
5846179,116693,77
5846179,116980,84
5846179,119973,71
5846179,120760,72
5846179,122364,54
5846179,125828,85
5846179,129117,78
5846179,132029,94
5846179,132284,66
5846179,135981,76
5846179,136290,61
5846179,138816,67
5846179,139031,52
5846179,139415,85
5846179,141262,38
5846179,141322,80
5846179,142845,68
5846179,142846,64
5846179,144946,76
5846179,145362,67
5846179,146203,83
5846179,148025,79
5846179,152284,84
5846179,152703,83
5846179,156667,72
5846179,157128,80
5846179,157882,68
5846179,160465,64
5846179,162321,70
5846179,162941,74
5846179,163923,95
5846179,165050,68
5846179,165829,67
5846179,165852,75
5846179,166140,85
5846179,167794,80
5846179,168255,49
5846179,168468,78
5846179,169355,84
5846179,171217,77
5846179,171701,55
5846179,172023,73
5846179,176832,80
5846179,178509,68
5846179,186356,69
5846179,186517,85
5846179,187312,69
5846179,187503,73
6140320,105398,100
6140320,106454,99
6140320,107966,100
6140320,118935,98
6140320,118993,78
6140320,127169,95
6140320,127778,75
6140320,130041,30
6140320,136024,95
6140320,136305,100
6140320,138705,100
6140320,139966,65
6140320,140837,100
6140320,145966,60
6140320,150750,85
6140320,155441,77
6140320,155490,65
6140320,157191,60
6140320,157502,74
6140320,162335,5
6140320,167343,93
6140320,169841,55
6140320,170780,100
6140320,187127,83
6573512,30002,60
6573512,30011,80
6573512,30012,70
6573512,30013,100
6573512,30024,70
6573512,30025,100
6573512,30026,100
6573512,30042,90
6573512,30047,80
6573512,30564,60
6573512,30598,80
6573512,30908,90
6573512,31061,100
6573512,31133,60
6573512,38848,80
6573512,53390,90
6573512,67563,40
6573512,74347,100
6573512,74485,100
6573512,85189,100
6573512,85486,100
6573512,86508,80
6573512,87178,70
6573512,87423,70
6573512,98328,70
6573512,98416,70
6573512,98587,100
6573512,105778,90
6573512,107098,40
6573512,108556,100
6573512,125828,80
5176471,30013,88
5176471,30020,91
5176471,30021,84
5176471,30026,100
5176471,30053,70
5176471,30348,82
5176471,30401,82
5176471,30436,82
5176471,30481,82
5176471,30642,91
5176471,30670,75
5176471,30869,80
5176471,30909,76
5176471,31193,87
5176471,31373,85
5176471,31595,65
5176471,38204,78
5176471,38967,94
5176471,39711,67
5176471,40552,88
5176471,41336,67
5176471,41652,76
5176471,43897,85
5176471,44582,68
5176471,46765,92
5176471,47192,68
5176471,51062,78
5176471,52031,61
5176471,53390,68
5176471,53736,65
5176471,54561,88
5176471,54705,93
5176471,54825,56
5176471,54831,65
5176471,54836,50
5176471,55112,50
5176471,56570,56
5176471,60079,83
5176471,65243,87
5176471,66267,89
5176471,67109,73
5176471,67601,52
5176471,70167,15
5176471,70175,62
5176471,72695,71
5176471,74307,96
5176471,74347,69
5176471,75221,52
5176471,75721,18
5176471,77363,45
5176471,84627,70
5176471,85135,77
5176471,85143,66
5176471,85155,50
5176471,85208,55
5176471,85486,71
5176471,85849,81
5176471,85934,67
5176471,86063,16
5176471,86136,82
5176471,86952,79
5176471,87216,77
5176471,87423,69
5176471,87442,89
5176471,97830,76
5176471,98187,60
5176471,98334,95
5176471,98346,62
5176471,98416,79
5176471,99536,85
5176471,100403,62
5176471,100671,33
5176471,100991,76
5176471,101517,78
5176471,101557,74
5176471,102988,78
5176471,105469,75
5176471,105778,95
5176471,105781,60
5176471,106130,88
5176471,106654,53
5176471,108075,62
5176471,108179,32
5176471,109172,64
5176471,111325,72
5176471,113512,23
5176471,113629,54
5176471,114791,78
5176471,114960,58
5176471,115106,48
5176471,117195,85
5176471,117521,57
5176471,117958,36
5176471,118586,89
5176471,118644,28
5176471,122823,66
5176471,125828,74
5176471,125829,46
5176471,127564,78
5176471,128666,75
5176471,128894,51
5176471,128896,77
5176471,128899,60
5176471,132182,72
5176471,132284,50
5176471,132353,27
5176471,135981,57
5176471,136290,67
5176471,141263,38
5176471,144866,82
5176471,146203,68
5176471,150440,75
5176471,150441,72
5176471,156656,47
5176471,156667,81
5176471,160880,76
5176471,163340,60
5176471,163495,60
5176471,163496,56
5176471,166138,49
5176471,166140,75
5827318,30002,95
5827318,30012,90
5827318,30013,75
5827318,30025,100
5827318,30026,75
5827318,30336,85
5827318,30583,95
5827318,30642,100
5827318,30698,90
5827318,30735,80
5827318,30745,90
5827318,31345,65
5827318,33299,90
5827318,43723,75
5827318,46765,95
5827318,47552,80
5827318,53390,80
5827318,59887,30
5827318,63327,90
5827318,65243,70
5827318,69883,75
5827318,72223,70
5827318,74347,90
5827318,74485,75
5827318,74933,75
5827318,81233,80
5827318,85179,75
5827318,85442,85
5827318,85486,80
5827318,85611,85
5827318,85736,85
5827318,85814,90
5827318,85934,90
5827318,86123,90
5827318,86551,90
5827318,86635,80
5827318,87216,90
5827318,87321,90
5827318,87423,75
5827318,97337,70
5827318,97675,75
5827318,98466,75
5827318,99022,85
5827318,99065,75
5827318,99435,80
5827318,99536,70
5827318,100109,85
5827318,100230,85
5827318,100557,80
5827318,100560,70
5827318,100994,90
5827318,101517,90
5827318,102989,90
5827318,103156,75
5827318,104063,65
5827318,104503,80
5827318,104660,85
5827318,104668,75
5827318,105097,85
5827318,105469,90
5827318,105577,80
5827318,105778,85
5827318,107237,75
5827318,107987,75
5827318,108556,85
5827318,111233,75
5827318,114960,85
5827318,118586,95
5827318,119353,70
5827318,120760,85
5827318,123034,65
5827318,126361,55
5827318,126445,90
5827318,132029,80
5827318,136899,80
5827318,138555,80
5827318,156553,75
5827318,162412,60
5827318,164303,80
5827318,176740,85
5827318,185129,85
6012543,33285,90
6012543,33438,90
6012543,38341,90
6012543,38586,90
6012543,50593,80
6012543,52651,100
6012543,75143,90
6012543,85952,70
6012543,87534,80
6012543,101583,80
6012543,105398,100
6012543,106929,90
6012543,107485,70
6012543,111149,70
6012543,116186,80
6012543,117195,80
6012543,119174,90
6012543,119701,80
6012543,124599,80
6012543,128067,100
6012543,128557,70
6012543,132165,70
6012543,135930,70
6012543,138705,100
6012543,139966,80
6012543,141955,70
6012543,143003,80
6012543,146714,70
6012543,169272,100
6012543,190659,70
6787154,85155,85
6787154,85467,60
6787154,100954,60
6787154,101419,69
6787154,101517,85
6787154,105398,100
6787154,115000,70
6787154,118512,50
6787154,119257,100
6787154,123573,65
6787154,126636,75
6787154,129632,65
6787154,130149,55
6787154,130511,55
6787154,137280,95
6787154,138570,50
6787154,139572,60
6787154,139741,70
6787154,141007,60
6787154,143956,60
6787154,144957,70
6787154,152128,90
6787154,162976,50
6787154,165182,60
6787154,172619,95
124129,30613,70
124129,31218,80
124129,31501,60
124129,33574,60
124129,33575,70
124129,38967,80
124129,44440,70
124129,46256,70
124129,46659,70
124129,56085,70
124129,74155,60
124129,74501,80
124129,86595,70
124129,86635,70
124129,86737,50
124129,89278,80
124129,98334,60
124129,100230,60
124129,100664,70
124129,100827,50
124129,105778,80
124129,106688,60
124129,116266,50
501069,30011,85
501069,30318,100
501069,30584,100
501069,30671,100
501069,31133,100
501069,31154,100
501069,31729,100
501069,33487,100
501069,33884,100
501069,35985,100
501069,37775,100
501069,38144,100
501069,41123,100
501069,43036,100
501069,43277,100
501069,43492,100
501069,43730,100
501069,43872,100
501069,45553,78
501069,46590,100
501069,47606,100
501069,48851,100
501069,49007,100
501069,49840,90
501069,50673,100
501069,50715,100
501069,51385,100
501069,51410,100
501069,52519,100
501069,53193,100
501069,53280,100
501069,53390,100
501069,53577,100
501069,54692,100
501069,55308,100
501069,55637,100
501069,55669,89
501069,55679,100
501069,56041,100
501069,58190,100
501069,59513,100
501069,60859,100
501069,62497,100
501069,64485,100
501069,65003,85
501069,67755,100
501069,68575,100
501069,69905,100
501069,71949,100
501069,71973,100
501069,73913,100
501069,74229,100
501069,74243,100
501069,74347,100
501069,74485,100
501069,76076,100
501069,76716,85
501069,77667,85
501069,78283,100
501069,78369,100
501069,78923,100
501069,79697,100
501069,80205,100
501069,81309,100
501069,81575,100
501069,83219,100
501069,83317,100
501069,83499,100
501069,83823,100
501069,85140,100
501069,85143,100
501069,85199,85
501069,85213,100
501069,85257,100
501069,85312,85
501069,85341,100
501069,85392,100
501069,85486,100
501069,85564,100
501069,85637,100
501069,85749,100
501069,86338,100
501069,86399,100
501069,86576,100
501069,86607,100
501069,86952,100
501069,87126,100
501069,87216,100
501069,87322,100
501069,87510,90
501069,90855,100
501069,92218,100
501069,94052,100
501069,94270,100
501069,94361,100
501069,95318,100
501069,95409,85
501069,96281,100
501069,96745,100
501069,96834,100
501069,97516,100
501069,97827,100
501069,98041,100
501069,98348,100
501069,98381,100
501069,98391,100
501069,99103,100
501069,99151,100
501069,99323,100
501069,99462,100
501069,99465,100
501069,99482,85
501069,99544,100
501069,99701,100
501069,99776,100
501069,99908,100
501069,100080,100
501069,100584,100
501069,100693,100
501069,101069,100
501069,101468,100
501069,101516,85
501069,101517,100
501069,101584,100
501069,101641,100
501069,101721,100
501069,101745,100
501069,102150,100
501069,102541,100
501069,103034,100
501069,103605,100
501069,103875,100
501069,104254,100
501069,104822,100
501069,104856,100
501069,104896,85
501069,105294,100
501069,105398,100
501069,105469,100
501069,105605,100
501069,105900,100
501069,105941,100
501069,105990,100
501069,106453,100
501069,106601,100
501069,106909,100
501069,107305,80
501069,107603,100
501069,107611,85
501069,107729,100
501069,108149,100
501069,108257,100
501069,108471,100
501069,108671,85
501069,108984,100
501069,109140,85
501069,109235,100
501069,110022,79
501069,110029,100
501069,110062,80
501069,110271,100
501069,110722,80
501069,110769,85
501069,110880,100
501069,110918,100
501069,111244,100
501069,111701,85
501069,112547,100
501069,112550,100
501069,112934,100
501069,112956,100
501069,113055,100
501069,113171,85
501069,113802,100
501069,114207,100
501069,114566,100
501069,114608,100
501069,115236,100
501069,115692,100
501069,115961,100
501069,116062,85
501069,116380,100
501069,116405,100
501069,116510,100
501069,116832,80
501069,116880,100
501069,116963,100
501069,117195,85
501069,117414,100
501069,117539,100
501069,117632,100
501069,117654,84
501069,117668,100
501069,117733,60
501069,117948,100
501069,118241,80
501069,118559,100
501069,118662,100
501069,118696,100
501069,118724,80
501069,118868,100
501069,118918,80
501069,119126,100
501069,119373,100
501069,120130,100
501069,121252,10
501069,121518,85
501069,121762,100
501069,121908,100
501069,121920,100
501069,122076,100
501069,122216,85
501069,122364,85
501069,123264,100
501069,124079,85
501069,124813,60
501069,125400,100
501069,125571,100
501069,125830,75
501069,126078,100
501069,126435,80
501069,129117,100
501069,131671,100
501069,131905,80
501069,133186,100
501069,134009,80
501069,134012,80
501069,135318,85
501069,136045,100
501069,136495,85
501069,136700,80
501069,139583,100
501069,139978,60
501069,140262,100
501069,142538,80
501069,142727,80
501069,143056,100
501069,145874,80
501069,146115,80
501069,146469,86
501069,146829,85
501069,148026,100
501069,148239,85
501069,148305,100
501069,148919,93
501069,150104,100
501069,150291,60
501069,152284,100
501069,152411,100
501069,152926,80
501069,154152,100
501069,154816,80
501069,156058,80
501069,156601,100
501069,157391,80
501069,157497,80
501069,157561,88
501069,158373,88
501069,161956,85
501069,162321,80
501069,163225,100
501069,163317,85
501069,163462,85
501069,163733,60
501069,164248,85
501069,164956,100
501069,165569,89
501069,166851,85
501069,167393,80
501069,167397,80
501069,167400,60
501069,167402,80
501069,167597,80
501069,167598,80
501069,167686,80
501069,168039,100
501069,168604,85
501069,168706,85
501069,170027,80
501069,170887,100
501069,171420,80
501069,175294,80
501069,175714,79
501069,177267,100
501069,178992,80
501069,179452,100
501069,180541,80
501069,180761,100
501069,180948,80
501069,181022,100
501069,181644,91
501069,182412,80
501069,183519,100
501069,186330,100
501069,186549,100
501069,188293,100
501069,188476,80
501069,188857,89
501069,189213,96
501069,189883,88
501069,189980,100
501069,189984,100
501069,191322,80
501069,192686,82
501069,196405,80
501069,202735,94
5113566,30004,80
5113566,30085,80
5113566,30104,90
5113566,30149,70
5113566,30229,50
5113566,30427,60
5113566,30442,80
5113566,30646,60
5113566,30889,70
5113566,30890,40
5113566,31153,70
5113566,31474,70
5113566,33042,70
5113566,33986,60
5113566,35157,90
5113566,35806,50
5113566,40004,70
5113566,41366,70
5113566,41425,80
5113566,44634,60
5113566,48753,80
5113566,50453,60
5113566,53736,70
5113566,54808,70
5113566,68105,70
5113566,81493,60
5113566,81527,50
5113566,85215,60
5113566,85235,70
5113566,85316,90
5113566,85770,60
5113566,85898,80
5113566,86952,70
5113566,86993,60
5113566,87005,70
5113566,87208,80
5113566,95170,70
5113566,98263,80
5113566,98634,60
5113566,100568,80
5113566,100572,60
5113566,100618,50
5113566,100702,60
5113566,100918,60
5113566,100932,80
5113566,100994,70
5113566,101233,70
5113566,103628,70
5113566,103647,60
5113566,104140,80
5113566,105263,80
5113566,106726,80
5113566,106736,70
5113566,109197,70
5113566,110439,80
5113566,112579,80
5113566,112995,70
5113566,113326,80
5113566,114027,60
5113566,114416,60
5113566,115261,80
5113566,115326,80
5113566,117540,80
5113566,118695,80
5113566,118730,50
5113566,119643,60
5113566,119664,80
5113566,121001,70
5113566,123625,80
5113566,123687,50
5113566,124574,70
5113566,126107,70
5113566,126135,80
5113566,126986,80
5113566,128393,70
5113566,128908,70
5113566,143199,70
5113566,146054,60
5113566,149544,70
5113566,150440,80
574767,30001,90
574767,30002,90
574767,30003,90
574767,30004,80
574767,30007,80
574767,30011,70
574767,30012,40
574767,30013,90
574767,30014,50
574767,30015,60
574767,30016,60
574767,30020,80
574767,30021,70
574767,30022,80
574767,30023,80
574767,30024,80
574767,30025,90
574767,30026,90
574767,30029,70
574767,30031,80
574767,30042,70
574767,30043,80
574767,30044,80
574767,30047,40
574767,30050,70
574767,30051,100
574767,30053,80
574767,30054,80
574767,30079,70
574767,30081,80
574767,30084,60
574767,30102,70
574767,30105,90
574767,30124,80
574767,30134,70
574767,30136,70
574767,30145,80
574767,30149,70
574767,30267,40
574767,30304,70
574767,30326,60
574767,30336,80
574767,30401,70
574767,30418,70
574767,30436,70
574767,30442,80
574767,30445,80
574767,30481,80
574767,30583,70
574767,30598,40
574767,30642,90
574767,30651,80
574767,30656,100
574767,30657,90
574767,30658,80
574767,30660,90
574767,30661,80
574767,30664,70
574767,30670,80
574767,30674,80
574767,30676,70
574767,30688,80
574767,30698,90
574767,30724,70
574767,30728,60
574767,30731,80
574767,30743,90
574767,30745,80
574767,30755,80
574767,30756,80
574767,30792,80
574767,30793,60
574767,30796,70
574767,30818,80
574767,30845,70
574767,30868,90
574767,30869,80
574767,30871,90
574767,30872,50
574767,30904,90
574767,30908,80
574767,30915,80
574767,30922,80
574767,30923,70
574767,30936,80
574767,30952,50
574767,30970,70
574767,30974,80
574767,31009,90
574767,31013,80
574767,31014,80
574767,31023,40
574767,31045,50
574767,31047,70
574767,31062,80
574767,31075,80
574767,31111,90
574767,31133,80
574767,31149,80
574767,31155,80
574767,31183,80
574767,31184,80
574767,31185,80
574767,31193,70
574767,31224,100
574767,31303,100
574767,31325,90
574767,31373,70
574767,31400,60
574767,31408,100
574767,31409,70
574767,31414,90
574767,31419,70
574767,31436,60
574767,31442,80
574767,31458,40
574767,31461,80
574767,31470,70
574767,31471,70
574767,31474,100
574767,31504,80
574767,31515,60
574767,31517,80
574767,31600,80
574767,31630,80
574767,31658,60
574767,31670,70
574767,31677,80
574767,31695,90
574767,31706,90
574767,31766,80
574767,31771,60
574767,31773,80
574767,31789,50
574767,31925,70
574767,31932,70
574767,32060,80
574767,32139,60
574767,33006,80
574767,33008,80
574767,33009,80
574767,33031,80
574767,33104,80
574767,33258,70
574767,33281,80
574767,33575,80
574767,33614,80
574767,33731,90
574767,33816,70
574767,34258,70
574767,34423,80
574767,34444,80
574767,34615,70
574767,34625,70
574767,34632,90
574767,34751,80
574767,35401,80
574767,35452,70
574767,35655,80
574767,35711,80
574767,35744,80
574767,36774,70
574767,37265,70
574767,37375,90
574767,37448,80
574767,37519,70
574767,37666,50
574767,37747,80
574767,37776,80
574767,37887,80
574767,38070,90
574767,38157,70
574767,38204,60
574767,38300,80
574767,38590,70
574767,38773,70
574767,38782,70
574767,38967,90
574767,39546,80
574767,39711,50
574767,39856,60
574767,40010,70
574767,40179,90
574767,40200,80
574767,40499,80
574767,40552,90
574767,40724,40
574767,40884,80
574767,41054,90
574767,41273,60
574767,41336,80
574767,41652,50
574767,42138,70
574767,42549,80
574767,42808,70
574767,42917,70
574767,43026,70
574767,43245,80
574767,43492,80
574767,43558,70
574767,43723,60
574767,43753,60
574767,43949,90
574767,44154,60
574767,44231,40
574767,44304,70
574767,44414,60
574767,44483,80
574767,44790,80
574767,44856,70
574767,44931,70
574767,45279,80
574767,45306,80
574767,46629,80
574767,46668,70
574767,46754,60
574767,46765,90
574767,46814,80
574767,46942,60
574767,46943,60
574767,47353,60
574767,47465,80
574767,47468,70
574767,47718,90
574767,48074,80
574767,48388,80
574767,48752,70
574767,48991,70
574767,49189,60
574767,49315,50
574767,50561,70
574767,51040,100
574767,51062,70
574767,51525,80
574767,51979,80
574767,52208,60
574767,52262,60
574767,52305,80
574767,53390,40
574767,53571,80
574767,53661,60
574767,53736,80
574767,54692,70
574767,54705,80
574767,55096,80
574767,55132,70
574767,55224,70
574767,55515,80
574767,56704,90
574767,63327,80
574767,65243,80
574767,65573,70
574767,66267,80
574767,67601,60
574767,67707,70
574767,68071,90
574767,69883,90
574767,72451,70
574767,74485,70
574767,74489,80
574767,75757,60
574767,75996,60
574767,77921,70
574767,78025,70
574767,79865,80
574767,80145,50
574767,80217,70
574767,85135,80
574767,85151,70
574767,85189,80
574767,85197,70
574767,85201,80
574767,85247,80
574767,85257,50
574767,85316,90
574767,85319,70
574767,85400,70
574767,85412,70
574767,85435,80
574767,85486,90
574767,85604,50
574767,85611,80
574767,85612,80
574767,85802,60
574767,85814,70
574767,85849,90
574767,85966,60
574767,86082,90
574767,86123,50
574767,86136,80
574767,86168,50
574767,86171,60
574767,86310,70
574767,86481,80
574767,86559,80
574767,86569,80
574767,86635,90
574767,86652,60
574767,86717,70
574767,86770,80
574767,86778,70
574767,87170,90
574767,87208,80
574767,87216,50
574767,87259,70
574767,87423,60
574767,87442,80
574767,87459,70
574767,88867,80
574767,92207,70
574767,93452,70
574767,95840,60
574767,96930,80
574767,97553,80
574767,97603,70
574767,97830,70
574767,97842,60
574767,97852,70
574767,98187,50
574767,98232,60
574767,98235,50
574767,98326,40
574767,98334,80
574767,98346,60
574767,98348,60
574767,98397,80
574767,98416,60
574767,98587,80
574767,98671,80
574767,98674,60
574767,99137,50
574767,99168,60
574767,99324,80
574767,99853,30
574767,99886,50
574767,99943,70
574767,100143,70
574767,100230,80
574767,100472,60
574767,100664,70
574767,100671,40
574767,100991,90
574767,100994,80
574767,101311,90
574767,101320,70
574767,101517,70
574767,101583,70
574767,101732,80
574767,101860,80
574767,101873,40
574767,102019,70
574767,102533,60
574767,102988,60
574767,102989,80
574767,103252,60
574767,104540,90
574767,104604,70
574767,105439,70
574767,105469,60
574767,105778,90
574767,105949,70
574767,106331,80
574767,106654,40
574767,107237,80
574767,107279,90
574767,107361,60
574767,108556,80
574767,109174,30
574767,109319,90
574767,109814,60
574767,110393,90
574767,110981,70
574767,111233,80
574767,111390,70
574767,112439,60
574767,112544,80
574767,112579,70
574767,113512,40
574767,113531,80
574767,114640,60
574767,114791,90
574767,115135,60
574767,116534,70
574767,116827,40
574767,117195,80
574767,118644,60
574767,119247,80
574767,119497,60
574767,120760,70
574767,123067,70
574767,124139,90
574767,126693,80
574767,127405,80
574767,127564,80
574767,127819,60
574767,128666,60
574767,128896,80
574767,129117,70
574767,129520,60
574767,132029,80
574767,132182,80
574767,136680,80
574767,136899,80
574767,138072,80
574767,138817,60
574767,139855,70
574767,141157,80
574767,141261,50
574767,144946,80
574767,153066,70
574767,155712,80
574767,163340,40
574767,165982,60
574767,170199,70
574767,175904,80
574767,180752,70
574767,185488,70
574767,185973,90
574767,188032,60
574767,190322,70
574767,194075,70
574767,198372,70
5519883,30001,100
5519883,30002,94
5519883,30012,100
5519883,30051,90
5519883,30149,90
5519883,30656,92
5519883,37375,96
5519883,38586,97
5519883,63327,100
5519883,79865,96
5519883,85611,100
5519883,86123,90
5519883,87216,81
5519883,100994,88
5519883,105398,91
5519883,105778,86
5519883,113987,85
5519883,116671,93
5519883,123093,87
5519883,125177,91
5519883,129315,86
5519883,129506,88
5519883,144946,98
5519883,147149,86
7039370,44790,55
7039370,85623,39
7039370,86242,75
7039370,87235,68
7039370,89653,69
7039370,97240,70
7039370,98543,70
7039370,99023,73
7039370,99903,75
7039370,100959,60
7039370,103213,90
7039370,103605,80
7039370,103642,50
7039370,103816,71
7039370,105398,90
7039370,105552,70
7039370,107521,78
7039370,107787,50
7039370,108094,70
7039370,109111,74
7039370,110175,69
7039370,111464,80
7039370,112545,90
7039370,113310,70
7039370,116500,70
7039370,116511,72
7039370,116963,80
7039370,117728,90
7039370,117921,70
7039370,118368,65
7039370,118408,80
7039370,118695,80
7039370,118894,75
7039370,119257,100
7039370,119288,80
7039370,120308,78
7039370,122344,70
7039370,123003,70
7039370,123747,70
7039370,124724,70
7039370,124725,10
7039370,125060,90
7039370,125653,70
7039370,126629,70
7039370,127445,70
7039370,128906,68
7039370,128976,90
7039370,129010,85
7039370,129345,74
7039370,130429,90
7039370,130467,70
7039370,131299,69
7039370,131794,70
7039370,132144,80
7039370,132793,84
7039370,133415,80
7039370,133675,80
7039370,133837,95
7039370,136271,80
7039370,136508,75
7039370,136761,80
7039370,138091,75
7039370,138382,70
7039370,139257,70
7039370,140407,95
7039370,140776,80
7039370,141007,80
7039370,141958,80
7039370,142006,72
7039370,142851,70
7039370,142871,70
7039370,143053,85
7039370,143355,70
7039370,143915,90
7039370,145493,79
7039370,145498,80
7039370,145721,70
7039370,146168,72
7039370,147102,45
7039370,147586,80
7039370,147636,80
7039370,150170,75
7039370,150440,80
7039370,150557,60
7039370,151512,70
7039370,151601,80
7039370,152128,77
7039370,152284,70
7039370,152988,75
7039370,153084,90
7039370,153513,85
7039370,153514,90
7039370,154258,80
7039370,155293,75
7039370,155485,75
7039370,155490,74
7039370,155877,70
7039370,156313,75
7039370,156481,67
7039370,157561,70
7039370,159187,71
7039370,159930,75
7039370,160192,75
7039370,161814,69
7039370,162043,80
7039370,162919,78
7039370,164512,70
7039370,165035,70
7039370,165241,69
7039370,166658,80
7039370,167171,78
7039370,167748,100
7039370,168383,70
7039370,171742,71
7039370,172094,80
7039370,172623,75
7039370,172835,90
7039370,173035,80
7039370,173633,75
7039370,173831,80
7039370,174104,75
7039370,175760,70
7039370,175774,67
7039370,175946,75
7039370,175957,80
7039370,176025,80
7039370,176235,85
7039370,176845,75
7039370,176854,75
7039370,178107,80
7039370,178140,70
7039370,178464,80
7039370,179314,80
7039370,179455,75
7039370,180114,69
7039370,180209,70
7039370,181372,73
7039370,181553,85
7039370,181994,70
7039370,184222,79
7039370,184502,78
7039370,184850,70
7039370,185452,76
7039370,185604,70
7039370,187189,80
7039370,187344,80
7039370,187452,85
7039370,188794,77
7039370,188982,78
7039370,191309,80
7039370,192691,70
7039370,193027,80
7039370,202057,80
7039370,206722,75
7940245,30011,93
7940245,30012,89
7940245,30013,100
7940245,30021,82
7940245,30025,92
7940245,30698,80
7940245,31517,70
7940245,31630,80
7940245,31706,95
7940245,33031,60
7940245,33866,10
7940245,41054,87
7940245,43492,75
7940245,53390,87
7940245,55515,88
7940245,63031,80
7940245,63327,87
7940245,65243,85
7940245,69883,83
7940245,74347,82
7940245,85135,87
7940245,85215,71
7940245,85611,90
7940245,86635,85
7940245,86837,70
7940245,87216,40
7940245,97852,75
7940245,101233,70
7940245,104660,75
7940245,105398,10
7940245,105778,83
7940245,108556,82
7940245,110439,70
7940245,112981,66
7940245,127819,85
127193,30436,80
127193,30447,40
127193,30671,80
127193,31142,60
127193,32572,80
127193,35994,100
127193,38144,50
127193,38967,70
127193,42090,50
127193,42629,40
127193,44776,30
127193,45189,70
127193,51151,100
127193,51419,100
127193,52044,80
127193,52519,80
127193,52638,70
127193,54698,70
127193,54822,50
127193,55132,90
127193,61499,70
127193,65003,90
127193,72545,60
127193,74155,60
127193,74485,60
127193,75757,90
127193,85230,60
127193,85235,80
127193,85310,90
127193,85400,70
127193,85442,80
127193,85825,60
127193,85978,80
5476559,30024,85
5476559,86707,85
5476559,86848,85
5476559,86964,85
5476559,100954,85
5476559,101134,60
5476559,106929,85
5476559,112326,85
5476559,113340,85
5476559,115000,60
5476559,118948,85
5476559,119174,85
5476559,119257,85
5476559,119276,85
5476559,119968,85
5476559,120980,85
5476559,126594,85
5476559,126733,85
5476559,128521,85
5476559,128882,85
5476559,130149,85
5476559,132093,85
5476559,132144,85
5476559,135325,85
5476559,135369,85
5476559,136220,85
5476559,137304,85
5476559,140837,85
5476559,141392,85
5476559,144957,85
5476559,148677,85
7028236,30002,100
7028236,30003,100
7028236,30007,100
7028236,30010,100
7028236,30012,100
7028236,30013,100
7028236,30021,100
7028236,30025,100
7028236,30026,100
7028236,30042,100
7028236,30047,100
7028236,30051,100
7028236,30053,100
7028236,30074,100
7028236,30085,100
7028236,30104,100
7028236,30149,100
7028236,30267,100
7028236,30336,100
7028236,30375,100
7028236,30416,100
7028236,30418,100
7028236,30556,100
7028236,30583,100
7028236,30598,100
7028236,30611,100
7028236,30614,100
7028236,30642,100
7028236,30656,100
7028236,30657,100
7028236,30658,100
7028236,30664,100
7028236,30698,100
7028236,30703,100
7028236,30704,100
7028236,30743,100
7028236,30745,100
7028236,30872,100
7028236,30908,100
7028236,30936,100
7028236,30988,100
7028236,31045,100
7028236,31293,100
7028236,31303,100
7028236,31534,100
7028236,31630,100
7028236,31706,100
7028236,33006,100
7028236,33008,90
7028236,33009,100
7028236,33031,100
7028236,33285,100
7028236,33486,100
7028236,33986,100
7028236,34612,100
7028236,35651,100
7028236,37375,100
7028236,37760,100
7028236,37887,100
7028236,38848,100
7028236,39711,100
7028236,40010,100
7028236,41054,100
7028236,41425,100
7028236,43801,100
7028236,44531,100
7028236,44790,100
7028236,45010,100
7028236,46765,100
7028236,54692,100
7028236,54705,100
7028236,55515,100
7028236,63327,100
7028236,67707,100
7028236,85151,100
7028236,85189,100
7028236,85475,100
7028236,85486,100
7028236,85611,100
7028236,85966,100
7028236,86056,100
7028236,86123,100
7028236,86265,100
7028236,86635,100
7028236,87170,100
7028236,87216,100
7028236,94490,100
7028236,98227,100
7028236,98334,100
7028236,98416,100
7028236,101311,100
7028236,105469,90
7028236,105778,100
7028236,106130,100
7028236,106758,100
7028236,107279,100
7028236,108066,100
7028236,114960,100
7028236,132029,100
7028236,169355,100
7874693,101468,90
7874693,106029,90
7874693,107780,90
7874693,110785,90
7874693,111233,90
7874693,113501,90
7874693,114898,90
7874693,121700,90
7874693,124621,90
7874693,125624,90
7874693,138380,90
7874693,143031,90
7874693,145369,90
7874693,147149,90
7874693,150193,90
7874693,156152,90
7874693,162509,90
7874693,163253,90
7874693,163495,90
7874693,164400,90
7874693,166929,90
7874693,168258,90
7874693,169904,90
7874693,169922,90
7874693,171994,90
7874693,172110,90
7874693,172407,90
7874693,172729,90
7874693,174268,90
7874693,174315,90
7874693,177186,90
7874693,177544,90
7874693,179123,90
7874693,180025,90
7874693,187624,90
7874693,187656,90
7874693,191203,90
7874693,192834,90
7874693,194075,90
7874693,200366,90
7874693,201773,90
7874693,204271,90
7874693,204708,90
7874693,211463,90
7874693,216227,90
6472656,30028,30
6472656,30030,90
6472656,30057,50
6472656,30102,90
6472656,30411,50
6472656,30422,90
6472656,30610,90
6472656,30618,50
6472656,30762,90
6472656,30888,50
6472656,31051,50
6472656,31271,50
6472656,31896,30
6472656,32921,90
6472656,33378,50
6472656,33778,30
6472656,34470,90
6472656,34571,50
6472656,35255,50
6472656,37749,90
6472656,38157,90
6472656,40386,70
6472656,41652,50
6472656,41896,50
6472656,43188,10
6472656,49980,90
6472656,51525,90
6472656,53390,70
6472656,59211,90
6472656,60315,70
6472656,61499,70
6472656,65519,70
6472656,67705,50
6472656,69883,50
6472656,70345,50
6472656,71847,30
6472656,72451,70
6472656,75275,50
6472656,75757,50
6472656,76716,50
6472656,78881,50
6472656,84779,30
6472656,84897,70
6472656,85435,30
6472656,85442,70
6472656,85621,70
6472656,86082,30
6472656,86099,50
6472656,86703,50
6472656,86717,50
6472656,86848,70
6472656,86933,50
6472656,87154,50
6472656,87211,70
6472656,87216,90
6472656,87423,90
6472656,96775,50
6472656,97391,70
6472656,97759,30
6472656,97808,50
6472656,97865,90
6472656,98263,90
6472656,99022,90
6472656,99897,70
6472656,99923,30
6472656,100470,70
6472656,100560,50
6472656,100793,30
6472656,101521,50
6472656,101670,70
6472656,102259,90
6472656,103204,70
6472656,103635,70
6472656,103854,50
6472656,104063,90
6472656,104533,90
6472656,104596,90
6472656,105398,90
6472656,105778,50
6472656,106502,50
6472656,106531,50
6472656,107128,30
6472656,107521,50
6472656,107918,50
6472656,108451,30
6472656,108556,90
6472656,108774,70
6472656,109219,50
6472656,109436,30
6472656,109441,50
6472656,109443,30
6472656,109501,50
6472656,109728,50
6472656,109900,70
6472656,110059,50
6472656,110095,50
6472656,110804,50
6472656,110805,50
6472656,111075,50
6472656,111096,30
6472656,111103,50
6472656,111140,70
6472656,111489,50
6472656,111934,30
6472656,113055,70
6472656,113060,50
6472656,113258,70
6472656,113634,50
6472656,113927,50
6472656,114006,70
6472656,114542,90
6472656,114599,50
6472656,114666,50
6472656,114960,70
6472656,115000,90
6472656,115263,50
6472656,115387,50
6472656,115929,90
6472656,116133,30
6472656,116170,70
6472656,116382,50
6472656,116600,30
6472656,117195,50
6472656,117540,70
6472656,117581,70
6472656,117663,70
6472656,118408,50
6472656,118519,70
6472656,118586,90
6472656,119257,70
6472656,120440,70
6472656,120502,70
6472656,120768,50
6472656,120806,50
6472656,121276,70
6472656,121565,90
6472656,121813,10
6472656,122060,70
6472656,123995,70
6472656,124436,50
6472656,124474,70
6472656,124783,50
6472656,125828,70
6472656,126284,70
6472656,126297,70
6472656,126396,30
6472656,126944,50
6472656,127037,50
6472656,127249,50
6472656,127868,50
6472656,128273,50
6472656,128366,70
6472656,128403,30
6472656,128435,50
6472656,128589,70
6472656,128882,70
6472656,128963,50
6472656,128965,70
6472656,129039,50
6472656,129210,90
6472656,129758,50
6472656,129791,90
6472656,130429,70
6472656,130897,50
6472656,131128,70
6472656,131376,30
6472656,131772,70
6472656,132093,70
6472656,132119,50
6472656,132144,90
6472656,132165,30
6472656,132602,70
6472656,132651,50
6472656,132926,70
6472656,133021,50
6472656,133523,30
6472656,133575,50
6472656,133797,70
6472656,133988,70
6472656,134322,50
6472656,134677,50
6472656,135998,70
6472656,136056,50
6472656,136090,90
6472656,136351,50
6472656,136800,30
6472656,137286,30
6472656,137601,50
6472656,137724,30
6472656,138363,90
6472656,138456,90
6472656,138655,90
6472656,139322,50
6472656,139660,50
6472656,139781,30
6472656,140159,30
6472656,140465,50
6472656,140475,70
6472656,141013,70
6472656,141199,70
6472656,141619,30
6472656,141626,50
6472656,141843,30
6472656,142347,50
6472656,142372,70
6472656,142894,70
6472656,143003,50
6472656,143099,90
6472656,145470,50
6472656,145525,30
6472656,145538,30
6472656,146139,70
6472656,147099,30
6472656,147278,50
6472656,147585,30
6472656,147773,50
6472656,147997,70
6472656,148305,90
6472656,149483,50
6472656,149756,90
6472656,149758,10
6472656,150663,50
6472656,151370,70
6472656,153438,50
6472656,153983,30
6472656,156031,70
6472656,156413,50
6472656,156477,70
6472656,156601,50
6472656,156908,70
6472656,157871,30
6472656,158706,70
6472656,159443,50
6472656,160179,30
6472656,160573,90
6472656,161715,70
6472656,162012,70
6472656,162368,70
6472656,163071,70
6472656,163299,50
6472656,163408,90
6472656,163816,50
6472656,164599,70
6472656,164708,50
6472656,166742,70
6472656,167485,30
6472656,168957,70
6472656,169011,50
6472656,169882,70
6472656,170688,90
6472656,170780,70
6472656,170857,30
6472656,173166,50
6472656,176731,70
6472656,176808,50
6472656,178743,70
6472656,180074,50
6472656,180395,90
6472656,188735,90
7148369,30028,90
7148369,30029,70
7148369,30618,70
7148369,30649,80
7148369,31319,70
7148369,31859,90
7148369,32921,70
7148369,33031,80
7148369,33866,85
7148369,35255,70
7148369,40330,90
7148369,42888,60
7148369,43702,80
7148369,51525,100
7148369,53390,90
7148369,54692,95
7148369,54705,90
7148369,56736,60
7148369,57231,90
7148369,60315,60
7148369,61499,60
7148369,65573,70
7148369,70761,80
7148369,71575,60
7148369,72451,80
7148369,73415,80
7148369,73661,85
7148369,74489,85
7148369,74929,70
7148369,80145,60
7148369,85143,85
7148369,85165,100
7148369,85307,95
7148369,85395,70
7148369,86008,50
7148369,86136,90
7148369,86218,80
7148369,86243,70
7148369,86283,60
7148369,86342,70
7148369,86568,80
7148369,86635,90
7148369,86655,65
7148369,86742,80
7148369,87216,90
7148369,87217,100
7148369,87423,90
7148369,88234,90
7148369,97553,100
7148369,97830,90
7148369,98263,100
7148369,98305,90
7148369,98397,90
7148369,98797,80
7148369,98842,98
7148369,99435,50
7148369,100109,80
7148369,100557,90
7148369,100994,90
7148369,101131,90
7148369,101517,85
7148369,104241,70
7148369,105778,87
7148369,106867,95
7148369,107987,85
7148369,108556,85
7148369,109275,90
7148369,109302,85
7148369,110396,67
7148369,111073,55
7148369,112475,70
7148369,112621,80
7148369,115790,90
7148369,116186,80
7148369,117195,80
7148369,118586,100
7148369,120112,90
7148369,122344,80
7148369,122604,55
7148369,123687,70
7148369,125828,98
7148369,126543,80
7148369,128163,35
7148369,132029,98
7148369,135802,70
7148369,138577,85
7148369,150378,85
7210363,33102,80
7210363,44115,75
7210363,54698,65
7210363,59983,85
7210363,65589,60
7210363,65719,75
7210363,68105,80
7210363,72451,80
7210363,79967,65
7210363,81399,70
7210363,84817,70
7210363,85632,70
7210363,85922,80
7210363,86218,88
7210363,86243,85
7210363,86382,75
7210363,86549,60
7210363,86640,70
7210363,86703,70
7210363,86714,70
7210363,86782,75
7210363,86910,80
7210363,87052,60
7210363,87347,85
7210363,87468,75
7210363,97396,60
7210363,97852,80
7210363,98176,70
7210363,98561,78
7210363,98686,80
7210363,99145,70
7210363,99625,70
7210363,99683,55
7210363,99737,76
7210363,99769,70
7210363,100149,77
7210363,100664,75
7210363,100805,85
7210363,101018,70
7210363,101028,60
7210363,101418,75
7210363,101552,70
7210363,101583,80
7210363,101626,70
7210363,101754,75
7210363,101799,70
7210363,102907,70
7210363,103080,60
7210363,103081,75
7210363,103214,70
7210363,103845,75
7210363,103854,75
7210363,103894,65
7210363,104140,80
7210363,104271,80
7210363,104533,85
7210363,105332,80
7210363,105398,90
7210363,105641,80
7210363,105706,75
7210363,106434,85
7210363,106454,75
7210363,106660,75
7210363,106706,70
7210363,106890,70
7210363,107282,80
7210363,107305,60
7210363,107445,75
7210363,107518,85
7210363,107720,75
7210363,108069,75
7210363,108156,70
7210363,109140,60
7210363,109141,60
7210363,109197,70
7210363,109384,80
7210363,109441,70
7210363,109501,80
7210363,109694,70
7210363,109921,85
7210363,110095,80
7210363,110281,75
7210363,110473,85
7210363,110750,70
7210363,110769,60
7210363,110872,65
7210363,111036,60
7210363,111087,70
7210363,111168,80
7210363,111389,50
7210363,111403,70
7210363,111404,65
7210363,111608,80
7210363,112304,65
7210363,112378,80
7210363,112621,80
7210363,112981,75
7210363,113147,70
7210363,113328,80
7210363,113350,80
7210363,113701,77
7210363,113714,60
7210363,113801,75
7210363,114027,80
7210363,114329,80
7210363,114415,70
7210363,114437,60
7210363,115149,75
7210363,115356,65
7210363,115357,60
7210363,115607,75
7210363,115937,60
7210363,115969,60
7210363,116488,75
7210363,116633,65
7210363,116768,75
7210363,116918,70
7210363,116961,60
7210363,116976,75
7210363,117265,75
7210363,117465,60
7210363,117925,75
7210363,118194,70
7210363,118585,65
7210363,118650,60
7210363,118683,60
7210363,118773,60
7210363,118993,75
7210363,119121,80
7210363,119180,60
7210363,119238,70
7210363,119257,80
7210363,119287,60
7210363,119397,70
7210363,119521,90
7210363,119713,70
7210363,119881,75
7210363,120385,80
7210363,120907,75
7210363,120966,70
7210363,120980,90
7210363,121251,60
7210363,121565,85
7210363,121703,60
7210363,121868,75
7210363,121952,67
7210363,122213,70
7210363,122360,65
7210363,122739,70
7210363,122848,70
7210363,123082,70
7210363,123164,70
7210363,123286,60
7210363,123556,70
7210363,123868,80
7210363,123920,70
7210363,124156,80
7210363,124535,60
7210363,124621,70
7210363,125316,70
7210363,125489,55
7210363,125531,70
7210363,125580,60
7210363,125624,80
7210363,126292,80
7210363,126722,85
7210363,126769,80
7210363,126944,70
7210363,127404,50
7210363,127778,70
7210363,127783,75
7210363,128809,65
7210363,128839,75
7210363,128997,75
7210363,128998,75
7210363,129023,70
7210363,130423,65
7210363,131013,65
7210363,131287,70
7210363,131946,80
7210363,131959,75
7210363,132113,70
7210363,132144,80
7210363,132182,80
7210363,132332,70
7210363,132664,65
7210363,132945,80
7210363,134086,60
7210363,134166,60
7210363,134635,70
7210363,134988,60
7210363,135050,65
7210363,135325,75
7210363,135638,65
7210363,135665,75
7210363,135804,60
7210363,136034,75
7210363,136090,80
7210363,136189,80
7210363,136675,75
7210363,136763,70
7210363,136869,70
7210363,137304,80
7210363,137429,65
7210363,137520,65
7210363,138123,60
7210363,138397,65
7210363,138598,65
7210363,138705,85
7210363,138726,75
7210363,138798,80
7210363,138840,65
7210363,139399,65
7210363,139572,60
7210363,139667,70
7210363,139966,75
7210363,140407,85
7210363,140495,70
7210363,140508,55
7210363,140961,70
7210363,141076,65
7210363,141958,60
7210363,142352,75
7210363,143003,90
7210363,143056,70
7210363,143512,75
7210363,143936,70
7210363,144709,75
7210363,146028,80
7210363,146139,80
7210363,146267,85
7210363,147025,55
7210363,147535,80
7210363,147997,80
7210363,148054,70
7210363,148082,80
7210363,148311,75
7210363,148677,80
7210363,149544,80
7210363,149624,65
7210363,150040,65
7210363,150319,75
7210363,151118,70
7210363,151220,70
7210363,151460,80
7210363,151750,65
7210363,152422,70
7210363,152608,70
7210363,153201,60
7210363,153327,65
7210363,153432,75
7210363,153869,75
7210363,153898,65
7210363,154234,60
7210363,154366,65
7210363,154909,65
7210363,154973,65
7210363,155090,60
7210363,155441,65
7210363,155950,65
7210363,156193,70
7210363,156477,70
7210363,156762,60
7210363,157502,55
7210363,158066,60
7210363,159229,65
7210363,160693,70
7210363,161242,70
7210363,161304,60
7210363,162093,60
7210363,162180,75
7210363,162236,80
7210363,162901,70
7210363,163455,70
7210363,163754,65
7210363,163983,65
7210363,164222,75
7210363,164263,70
7210363,164708,85
7210363,165306,65
7210363,165674,70
7210363,166658,65
7210363,166674,70
7210363,167024,75
7210363,167170,75
7210363,167423,65
7210363,168629,60
7210363,168653,70
7210363,168656,80
7210363,168680,70
7210363,169991,70
7210363,170734,65
7210363,170792,70
7210363,170966,70
7210363,171758,70
7210363,174176,70
7210363,174361,75
7210363,175126,80
7210363,176497,60
7210363,176531,70
7210363,177368,65
7210363,177596,60
7210363,177877,60
7210363,178123,70
7210363,178202,70
7210363,178207,65
7210363,178223,65
7210363,179455,75
7210363,179655,75
7210363,179659,70
7210363,180025,74
7210363,180163,70
7210363,180378,75
7210363,180669,65
7210363,180740,75
7210363,180788,65
7210363,180890,65
7210363,180891,80
7210363,181057,70
7210363,182183,60
7210363,182367,40
7210363,182394,65
7210363,183285,70
7210363,183376,70
7210363,183872,65
7210363,184006,75
7210363,184310,65
7210363,184519,65
7210363,184647,65
7210363,184652,60
7210363,184834,55
7210363,185452,70
7210363,186490,70
7210363,189051,70
7210363,189627,70
7210363,196780,65
711737,30001,100
711737,30002,100
711737,30011,85
711737,30012,85
711737,30013,100
711737,30021,90
711737,30031,80
711737,30051,100
711737,30149,80
711737,30229,75
711737,30436,80
711737,30446,75
711737,30564,85
711737,30583,100
711737,30598,85
711737,30642,100
711737,30656,95
711737,30664,100
711737,30698,100
711737,30768,85
711737,30912,90
711737,30936,70
711737,31133,85
711737,31149,90
711737,31373,60
711737,31410,85
711737,31474,85
711737,31475,80
711737,31517,85
711737,31702,40
711737,31706,90
711737,33126,50
711737,33378,90
711737,33731,85
711737,33992,60
711737,34632,100
711737,35178,60
711737,35293,60
711737,36084,50
711737,37375,100
711737,38848,40
711737,43841,75
711737,45764,70
711737,46754,70
711737,47192,75
711737,47353,70
711737,47465,85
711737,49969,50
711737,51467,80
711737,51665,70
711737,54692,85
711737,55245,90
711737,55297,80
711737,58361,65
711737,60079,80
711737,61499,80
711737,63327,80
711737,74347,85
711737,74489,90
711737,74929,80
711737,82435,80
711737,85215,75
711737,85281,40
711737,85533,80
711737,85671,40
711737,85802,20
711737,85849,90
711737,86045,60
711737,86099,90
711737,86123,70
711737,86136,85
711737,86559,85
711737,86637,60
711737,86717,75
711737,86770,90
711737,86964,85
711737,87170,85
711737,87308,50
711737,87395,80
711737,88577,75
711737,94490,90
711737,97553,65
711737,97701,90
711737,97852,70
711737,98030,70
711737,98204,70
711737,98397,90
711737,98416,100
711737,98492,65
711737,98674,70
711737,99312,60
711737,100109,70
711737,100197,30
711737,100230,75
711737,100293,80
711737,100568,75
711737,100664,70
711737,100937,70
711737,100954,90
711737,101072,80
711737,101159,70
711737,101233,60
711737,101315,65
711737,101583,80
711737,103082,50
711737,103111,60
711737,103184,70
711737,104146,50
711737,104831,80
711737,105398,40
711737,105469,80
711737,105641,65
711737,105778,85
711737,106064,60
711737,106929,80
711737,107098,75
711737,107282,70
711737,108251,60
711737,108556,80
711737,108768,60
711737,109501,75
711737,109728,70
711737,110750,50
711737,111390,70
711737,112544,85
711737,112741,80
711737,112886,50
711737,113553,70
711737,113966,60
711737,116170,90
711737,117324,80
711737,117700,55
711737,117785,70
711737,118993,55
711737,119257,90
711737,120031,70
711737,120601,80
711737,120768,70
711737,121241,20
711737,122060,70
711737,123625,65
711737,125828,80
711737,126135,75
711737,127554,70
711737,127564,60
711737,128406,60
711737,129791,85
711737,130047,65
711737,130229,85
711737,132029,65
711737,134369,55
711737,137023,40
711737,139855,70
711737,140884,50
711737,141157,75
711737,141530,75
711737,142603,40
711737,144954,70
711737,144957,70
711737,145020,65
711737,146127,70
711737,146139,80
711737,147149,70
711737,150378,75
711737,151995,50
711737,152855,60
711737,153135,55
711737,155301,70
711737,156303,75
711737,157808,50
711737,164263,75
711737,164303,65
711737,164708,75
711737,166742,90
711737,167422,70
711737,170780,60
711737,176025,70
711737,177096,75
711737,178494,50
711737,185702,80
711737,195826,55
5491127,30001,100
5491127,30002,100
5491127,30013,100
5491127,30026,100
5491127,30583,80
5491127,30642,100
5491127,30664,95
5491127,30872,80
5491127,30928,100
5491127,31303,100
5491127,31630,90
5491127,31706,100
5491127,33006,90
5491127,33008,90
5491127,33009,60
5491127,33526,70
5491127,41366,95
5491127,43723,70
5491127,53390,100
5491127,55515,70
5491127,66131,100
5491127,74347,85
5491127,74489,100
5491127,79865,85
5491127,82005,80
5491127,85136,50
5491127,85143,80
5491127,85364,85
5491127,86551,90
5491127,86559,80
5491127,86753,100
5491127,87170,90
5491127,87416,80
5491127,98416,80
5491127,100994,95
5491127,105778,100
5491127,107098,80
5491127,113981,90
5491127,136087,85
7553892,98569,100
7553892,105398,90
7553892,107521,90
7553892,110373,100
7553892,113055,90
7553892,116170,80
7553892,116382,100
7553892,117540,70
7553892,118408,100
7553892,123573,100
7553892,123680,30
7553892,123739,70
7553892,124458,70
7553892,124595,90
7553892,128435,80
7553892,130429,100
7553892,131376,100
7553892,134556,50
7553892,136053,30
7553892,138363,100
7553892,138454,60
7553892,139339,73
7553892,139572,50
7553892,140159,30
7553892,144122,40
7553892,145664,100
7553892,147278,100
7553892,159186,100
7553892,159436,100
7553892,161750,80
7553892,163980,100
7553892,170151,80
7553892,170895,50
7553892,175888,100
7553892,176017,60
7553892,176488,100
7553892,178841,70
7553892,180272,70
7553892,181998,30
7553892,182066,100
7553892,183971,100
7553892,188361,70
7553892,190691,50
7553892,199014,80
7782679,30016,70
7782679,30029,100
7782679,30104,90
7782679,30107,80
7782679,30246,80
7782679,30389,90
7782679,30436,100
7782679,30455,70
7782679,30551,90
7782679,30661,90
7782679,30703,100
7782679,30872,80
7782679,30909,70
7782679,30912,90
7782679,31249,90
7782679,31517,100
7782679,31630,100
7782679,31706,100
7782679,33006,100
7782679,33008,100
7782679,33009,100
7782679,33256,60
7782679,33614,100
7782679,33866,80
7782679,35709,80
7782679,38878,80
7782679,38947,100
7782679,39699,100
7782679,41914,80
7782679,44720,100
7782679,44790,80
7782679,46276,100
7782679,47192,100
7782679,47904,100
7782679,48200,80
7782679,50097,90
7782679,53390,80
7782679,54098,80
7782679,54308,80
7782679,54444,80
7782679,54808,80
7782679,55515,90
7782679,66267,60
7782679,69883,80
7782679,71973,70
7782679,72451,90
7782679,77847,80
7782679,78649,100
7782679,81475,90
7782679,81857,70
7782679,82435,90
7782679,84817,80
7782679,85165,100
7782679,85199,80
7782679,85616,90
7782679,85734,100
7782679,85850,100
7782679,85899,90
7782679,85901,50
7782679,85902,70
7782679,86227,80
7782679,86364,40
7782679,86549,90
7782679,86717,100
7782679,87208,100
7782679,87216,100
7782679,87347,90
7782679,87459,100
7782679,87464,90
7782679,88577,70
7782679,88609,70
7782679,92167,80
7782679,94763,80
7782679,96791,90
7782679,97816,90
7782679,97897,80
7782679,98009,80
7782679,98168,80
7782679,98334,100
7782679,98674,80
7782679,99509,100
7782679,99516,100
7782679,99628,100
7782679,100681,100
7782679,100885,70
7782679,100932,100
7782679,101049,90
7782679,101159,90
7782679,101687,80
7782679,102752,70
7782679,103141,100
7782679,103879,90
7782679,104277,70
7782679,104779,90
7782679,105332,80
7782679,105435,90
7782679,105778,90
7782679,107234,90
7782679,107237,100
7782679,107898,90
7782679,108789,80
7782679,109267,90
7782679,109511,80
7782679,109549,100
7782679,109593,60
7782679,109761,20
7782679,110095,90
7782679,110539,100
7782679,111044,80
7782679,111335,80
7782679,111443,90
7782679,111493,90
7782679,112335,100
7782679,112445,90
7782679,112579,90
7782679,113289,90
7782679,114027,100
7782679,114162,80
7782679,114972,100
7782679,117324,100
7782679,118222,90
7782679,120171,100
7782679,120177,100
7782679,120440,90
7782679,120535,100
7782679,120640,90
7782679,120819,90
7782679,121073,100
7782679,121444,90
7782679,121632,90
7782679,122252,80
7782679,122278,100
7782679,124639,100
7782679,126399,100
7782679,126768,100
7782679,126986,90
7782679,128493,90
7782679,130116,90
7782679,133041,90
7782679,133586,100
7782679,133686,100
7782679,134470,90
7782679,138603,100
7782679,139301,90
7782679,141986,100
7782679,142418,100
7782679,142425,70
7782679,143079,100
7782679,143550,90
7782679,143990,90
7782679,145033,90
7782679,145215,100
7782679,145342,80
7782679,145386,90
7782679,145801,100
7782679,147730,100
7782679,152478,90
7782679,154388,50
7782679,156056,80
7782679,158632,90
7782679,160606,100
7855543,30642,95
7855543,30656,95
7855543,87185,80
7855543,100954,85
7855543,105398,75
7855543,107279,90
7855543,107720,90
7855543,109441,80
7855543,110042,80
7855543,117515,80
7855543,117536,80
7855543,128963,85
7855543,130229,90
7855543,140407,95
7855543,144629,75
7855543,148091,95
7855543,153682,80
7855543,153987,85
7855543,156564,85
7855543,160573,80
7855543,160605,75
7855543,188462,80
5691101,30011,95
5691101,30936,80
5691101,33986,75
5691101,33992,75
5691101,35293,50
5691101,43702,70
5691101,54692,90
5691101,59677,55
5691101,63327,90
5691101,66109,75
5691101,69325,90
5691101,79865,80
5691101,85559,45
5691101,85830,75
5691101,86115,75
5691101,86283,80
5691101,86719,75
5691101,86752,73
5691101,87006,75
5691101,87536,50
5691101,94349,85
5691101,97764,80
5691101,98334,80
5691101,98396,85
5691101,105469,75
5691101,105778,80
5691101,108911,80
5691101,110687,65
5691101,110707,65
5691101,111900,85
5691101,114330,85
5691101,114585,60
5691101,126309,55
5691101,141261,80
5691101,141619,75
5691101,144006,80
5691101,145525,85
5691101,145538,85
5691101,148342,75
168776,30002,100
168776,30023,50
168776,30028,100
168776,30029,100
168776,30042,50
168776,30071,80
168776,30074,50
168776,30084,100
168776,30107,70
168776,30142,70
168776,30279,70
168776,30554,60
168776,30555,60
168776,30618,60
168776,30635,80
168776,30779,50
168776,31373,40
168776,31376,50
168776,35427,80
168776,50206,60
168776,72331,90
352564,30001,80
352564,30002,100
352564,30011,60
352564,30012,60
352564,30013,70
352564,30021,85
352564,30022,55
352564,30024,75
352564,30025,80
352564,30026,100
352564,30042,60
352564,30043,50
352564,30481,70
352564,30642,90
352564,30698,50
352564,30745,70
352564,30872,40
352564,31517,30
352564,31630,60
352564,31706,90
352564,33006,80
352564,33008,20
352564,33009,60
352564,33574,90
352564,33575,70
352564,33749,65
352564,34632,80
352564,37519,65
352564,39547,60
352564,39711,70
352564,40552,75
352564,43949,80
352564,46081,70
352564,46659,65
352564,52986,65
352564,53390,100
352564,55515,70
352564,63327,70
352564,65243,100
352564,74347,70
352564,74489,85
352564,75996,75
352564,79865,75
352564,85165,85
352564,85199,80
352564,85412,85
352564,85486,70
352564,86526,60
352564,86635,80
352564,87170,90
352564,87423,35
352564,89278,90
352564,100230,65
352564,101311,80
352564,101556,60
352564,105778,75
352564,107237,90
125964,53390,85
125964,54692,75
125964,74347,90
125964,75757,80
125964,78881,60
125964,85310,60
125964,85486,75
125964,86399,75
125964,86635,93
125964,87216,80
125964,87260,60
125964,99324,93
125964,101517,85
125964,101583,68
125964,105398,80
125964,105778,53
125964,107780,60
125964,108556,83
125964,110515,80
125964,111233,75
125964,111403,60
125964,114416,70
125964,116266,60
125964,117195,73
125964,119821,60
125964,132029,80
6101276,30012,65
6101276,30085,85
6101276,30646,85
6101276,35914,85
6101276,53306,100
6101276,56696,85
6101276,65419,85
6101276,80217,85
6101276,82817,85
6101276,86206,100
6101276,86767,85
6101276,86906,100
6101276,87170,100
6101276,87363,85
6101276,96394,85
6101276,98152,85
6101276,98562,85
6101276,99170,85
6101276,100329,85
6101276,100350,85
6101276,102120,100
6101276,102980,85
6101276,106331,85
6101276,108919,100
6101276,110655,85
6101276,117234,85
6101276,126292,100
6101276,130799,100
6101276,145367,100
7637325,30081,80
7637325,32921,90
7637325,33031,100
7637325,34632,90
7637325,44790,90
7637325,54294,80
7637325,54692,80
7637325,59983,90
7637325,60315,80
7637325,61499,100
7637325,63327,80
7637325,72451,70
7637325,74489,60
7637325,85395,80
7637325,85412,78
7637325,85611,100
7637325,86635,80
7637325,86717,70
7637325,107521,90
7637325,107918,70
7637325,110095,70
7637325,113258,70
7637325,116186,40
7637325,116353,70
7637325,117581,70
7637325,118408,90
7637325,119701,80
7637325,120440,70
7637325,122060,80
7637325,124783,60
7637325,128435,70
7637325,128483,40
7637325,130300,70
7637325,131376,60
7637325,132165,80
7637325,133038,60
7637325,133795,90
7637325,134677,80
7637325,138625,60
7637325,138655,70
7637325,142894,80
7637325,143099,80
7637325,144006,60
7637325,145306,70
7637325,145525,70
7637325,145664,60
7637325,147587,80
7637325,149756,90
7637325,150663,70
7637325,150750,60
7637325,156413,80
7637325,159636,80
7637325,168656,70
7637325,169392,70
7637325,172153,60
7637325,174739,40
7637325,176731,90
7637325,180121,70
7637325,186311,70
328292,30001,85
328292,30003,85
328292,30004,85
328292,30013,85
328292,30018,85
328292,30081,85
328292,30085,85
328292,30104,85
328292,30106,85
328292,30124,85
328292,30199,85
328292,30214,85
328292,30651,85
328292,30660,85
328292,30664,85
328292,30688,85
328292,30728,85
328292,30745,85
328292,30768,85
328292,30854,85
328292,30872,85
328292,30904,85
328292,31111,85
328292,31149,85
328292,31207,85
328292,31303,85
328292,31325,85
328292,31344,85
328292,31419,85
328292,31442,85
328292,31470,85
328292,31474,85
328292,31517,85
328292,31600,85
328292,31677,85
328292,31683,85
328292,33006,85
328292,33082,85
328292,33573,85
328292,33575,85
328292,33576,85
328292,34750,85
328292,34751,85
328292,34755,85
328292,35115,85
328292,35315,85
328292,37666,85
328292,38566,85
328292,38773,85
328292,39074,85
328292,40499,85
328292,41054,85
328292,41415,85
328292,42461,85
328292,43753,85
328292,43853,85
328292,43885,85
328292,44304,85
328292,47465,85
328292,48074,85
328292,48752,85
328292,48991,85
328292,52194,85
328292,52355,85
328292,56486,85
328292,60017,85
328292,60935,85
328292,63333,85
328292,66097,85
328292,67701,85
328292,70437,85
328292,71437,85
328292,72785,85
328292,74489,85
328292,76486,85
328292,82343,85
328292,85412,85
328292,85423,85
328292,86551,85
328292,88237,85
328292,93342,85
328292,111343,85
328292,135152,85
328292,140021,85
328292,149899,85
328292,188391,85
666327,51842,60
666327,51845,70
666327,54318,60
666327,75275,70
666327,85239,80
666327,85850,100
666327,86848,80
666327,96246,85
666327,97770,80
666327,97897,90
666327,99392,90
666327,99936,70
666327,101418,90
666327,102810,85
666327,103610,85
666327,104271,90
666327,104312,70
666327,105393,90
666327,105398,100
666327,106001,70
666327,106733,60
666327,106929,100
666327,107254,85
666327,107518,100
666327,108050,60
666327,108984,70
666327,109579,70
666327,109602,70
666327,109734,90
666327,109761,80
666327,109865,70
666327,109957,80
666327,110042,80
666327,110166,70
666327,110462,70
666327,110472,70
666327,110502,80
666327,110645,60
666327,110754,70
666327,111133,80
666327,111335,80
666327,111621,90
666327,111782,70
666327,113488,80
666327,113607,80
666327,113666,85
666327,113923,80
666327,114198,80
666327,114605,70
666327,114847,80
666327,115240,80
666327,116353,90
666327,116762,80
666327,117271,70
666327,117273,60
666327,117460,90
666327,117536,80
666327,118177,80
666327,118267,80
666327,118408,85
666327,118424,80
666327,118522,80
666327,118608,80
666327,118655,70
666327,118988,70
666327,119143,80
666327,119257,100
666327,119276,70
666327,119363,80
666327,119474,80
666327,119521,100
666327,119524,80
666327,120149,85
666327,120688,70
666327,120907,90
666327,120966,90
666327,120980,90
666327,121219,60
666327,121991,90
666327,122110,80
666327,122297,70
666327,122506,70
666327,123104,70
666327,123211,80
666327,123573,100
666327,123748,90
666327,123789,90
666327,124002,70
666327,124202,70
666327,124810,70
666327,124846,70
666327,125076,80
666327,125377,70
666327,125430,70
666327,125636,70
666327,125656,80
666327,125816,80
666327,126297,90
666327,126298,80
666327,126594,70
666327,126733,70
666327,127102,100
666327,127109,80
666327,127783,90
666327,128067,90
666327,128553,70
666327,128642,80
666327,128976,85
666327,129014,70
666327,129233,70
666327,129429,70
666327,129579,80
666327,129632,70
666327,129772,85
666327,129920,80
666327,129951,70
666327,130140,80
666327,130149,80
666327,130222,80
666327,130511,80
666327,130566,80
666327,130613,70
666327,130870,80
666327,130913,70
666327,132144,80
666327,132457,70
666327,133070,80
666327,133122,70
666327,133708,80
666327,133963,80
666327,135015,80
666327,135317,90
666327,135369,70
666327,135464,80
666327,136099,90
666327,136734,80
666327,137168,85
666327,137280,80
666327,137304,80
666327,137375,80
666327,137595,80
666327,137969,80
666327,138222,90
666327,138917,80
666327,139381,70
666327,139500,80
666327,139572,80
666327,139741,80
666327,140041,80
666327,140154,70
666327,141076,80
666327,141954,85
666327,143025,80
666327,143056,85
666327,144382,85
666327,144615,85
666327,144629,90
666327,146127,85
666327,146979,85
666327,147162,85
666327,150750,85
666327,150823,70
666327,150858,85
666327,152759,85
666327,155420,85
666327,155485,85
666327,156281,85
666327,157080,85
666327,158766,85
666327,159441,85
666327,163967,85
666327,164701,85
666327,167165,85
666327,171916,85
666327,177605,85
666327,178840,85
666327,180161,85
666327,181313,100
6677572,30002,70
6677572,30013,90
6677572,30021,100
6677572,30023,90
6677572,30026,80
6677572,30044,100
6677572,30564,90
6677572,30671,50
6677572,30869,100
6677572,31458,100
6677572,53390,60
6677572,55297,100
6677572,61499,100
6677572,72451,80
6677572,74347,90
6677572,85802,80
6677572,85911,100
6677572,86635,60
6677572,86848,10
6677572,87216,70
6677572,87395,100
6677572,96510,70
6677572,97852,70
6677572,99609,100
6677572,100476,30
6677572,100765,10
6677572,102547,100
6677572,105398,100
6677572,105778,70
6677572,106064,70
6677572,109122,100
6677572,111403,100
6677572,112253,90
6677572,114791,80
6677572,114960,100
6677572,116401,80
6677572,117195,90
6677572,119257,80
6677572,120760,100
6677572,122063,80
6677572,124676,80
6677572,124725,80
6677572,125828,90
6677572,132029,100
6677572,132182,100
6677572,134369,80
6677572,140475,100
6677572,142896,80
6677572,143028,80
6677572,143031,90
6677572,152404,80
6677572,159187,70
6677572,159549,80
6677572,163033,70
6677572,172904,100
6677572,187845,90
5880111,30011,100
5880111,30012,90
5880111,30013,100
5880111,30024,100
5880111,30026,100
5880111,30032,100
5880111,30047,100
5880111,30073,100
5880111,30074,100
5880111,30598,100
5880111,30908,100
5880111,30934,90
5880111,30988,100
5880111,31962,100
5880111,32921,100
5880111,33033,100
5880111,33194,100
5880111,33287,90
5880111,34328,100
5880111,35801,100
5880111,36612,90
5880111,37075,90
5880111,37186,100
5880111,37378,100
5880111,38205,100
5880111,38586,100
5880111,38848,100
5880111,39053,100
5880111,39248,100
5880111,39771,100
5880111,40010,100
5880111,40249,100
5880111,40347,100
5880111,40376,100
5880111,40967,100
5880111,41408,80
5880111,42586,100
5880111,43949,100
5880111,44036,100
5880111,44588,100
5880111,44923,100
5880111,46604,100
5880111,47353,70
5880111,48361,100
5880111,50597,90
5880111,51263,90
5880111,51419,100
5880111,51860,100
5880111,52638,90
5880111,52651,100
5880111,53419,100
5880111,54294,100
5880111,55097,100
5880111,55448,100
5880111,55730,100
5880111,56566,100
5880111,58697,90
5880111,59447,100
5880111,59983,100
5880111,60977,100
5880111,61449,100
5880111,63327,100
5880111,65243,100
5880111,65573,100
5880111,67753,90
5880111,68071,100
5880111,69231,100
5880111,69237,100
5880111,69281,100
5880111,69627,100
5880111,70167,100
5880111,71565,80
5880111,74155,100
5880111,75275,100
5880111,75757,100
5880111,76818,100
5880111,85138,100
5880111,85141,90
5880111,85143,100
5880111,85151,80
5880111,85244,90
5880111,85303,100
5880111,85471,88
5880111,85486,95
5880111,85504,100
5880111,85612,100
5880111,85665,90
5880111,85764,100
5880111,85848,90
5880111,85891,80
5880111,86080,100
5880111,86099,100
5880111,86134,90
5880111,86171,100
5880111,86201,100
5880111,86240,100
5880111,86300,100
5880111,86584,100
5880111,86635,100
5880111,86962,100
5880111,86964,95
5880111,87080,78
5880111,87335,85
5880111,87397,80
5880111,92493,100
5880111,94109,100
5880111,95601,100
5880111,96282,100
5880111,97257,90
5880111,98416,90
5880111,98492,92
5880111,99536,80
5880111,101583,100
5880111,103215,98
5880111,105398,100
5880111,105778,90
5880111,106130,90
5880111,106454,100
5880111,110605,100
5880111,111477,85
5880111,112197,98
5880111,113666,87
5880111,113701,100
5880111,115790,90
5880111,117536,85
5880111,119363,100
5880111,119521,95
5880111,121991,95
5880111,123625,90
5880111,130041,80
5880111,130600,60
5880111,132182,95
5880111,134556,100
5880111,140896,85
5880111,141261,85
5880111,147636,90
5880111,153948,95
5880111,153987,88
5880111,153994,77
5880111,170467,87
5880111,185650,90
7743638,85986,100
7743638,86558,80
7743638,86624,100
7743638,101566,100
7743638,104271,60
7743638,106130,100
7743638,108420,100
7743638,108799,70
7743638,109957,70
7743638,111087,73
7743638,112326,50
7743638,113485,70
7743638,114164,94
7743638,114831,70
7743638,115263,100
7743638,117324,100
7743638,117339,60
7743638,119257,100
7743638,120412,100
7743638,120688,100
7743638,120727,70
7743638,120980,100
7743638,122930,80
7743638,124783,80
7743638,126297,70
7743638,126594,80
7743638,128521,60
7743638,130359,100
7743638,132144,70
7743638,133837,100
7743638,134262,50
7743638,135325,70
7743638,136012,80
7743638,136499,100
7743638,137280,70
7743638,138390,100
7743638,138847,80
7743638,140072,40
7743638,140407,100
7743638,141013,90
7743638,141076,70
7743638,143099,90
7743638,144122,60
7743638,144957,100
7743638,144968,100
7743638,145306,70
7743638,145538,100
7743638,146267,100
7743638,150170,100
7743638,150319,60
7743638,150832,70
7743638,150836,77
7743638,151615,70
7743638,152128,90
7743638,152799,60
7743638,153432,100
7743638,154782,100
7743638,154835,70
7743638,156478,70
7743638,159436,91
7743638,159441,100
7743638,159930,20
7743638,160980,80
7743638,163824,90
7743638,164010,56
7743638,164263,100
7743638,165039,40
7743638,165287,100
7743638,165689,100
7743638,166154,90
7743638,167834,100
7743638,168337,94
7743638,169799,70
7743638,170093,70
7743638,170400,75
7743638,170478,60
7743638,170482,50
7743638,170688,70
7743638,170875,70
7743638,170894,80
7743638,170923,44
7743638,174104,70
7743638,174515,100
7743638,175119,50
7743638,177424,57
7743638,177454,100
7743638,177706,100
7743638,177982,60
7743638,180881,97
7743638,180891,60
7743638,181294,50
7743638,181518,60
7743638,181712,100
7743638,182000,50
7743638,182139,90
7743638,182852,100
7743638,183285,70
7743638,183459,60
7743638,183705,50
7743638,184347,100
7743638,184476,90
7743638,185925,50
7743638,186019,70
7743638,186549,80
7743638,186907,80
7743638,186963,79
7743638,187172,100
7743638,187427,70
7743638,187961,70
7743638,188114,76
7743638,188155,91
7743638,188157,60
7743638,188355,60
7743638,188885,80
7743638,189148,90
7743638,189264,67
7743638,189360,70
7743638,189808,37
7743638,190365,52
7743638,191112,60
7743638,191701,80
7743638,193375,50
7743638,194523,100
7743638,194696,80
7743638,195690,60
7743638,195914,40
7743638,197550,93
7743638,198232,70
7743638,198410,50
7743638,198931,100
7743638,199036,60
7743638,200460,53
7743638,202221,50
7743638,202345,60
7743638,202499,60
7743638,202549,40
7743638,202843,100
7743638,202986,70
7743638,203154,60
7743638,203471,50
7743638,203797,40
7743638,203958,90
7743638,203977,50
7743638,204079,66
7743638,204126,100
7743638,204291,100
7743638,204586,100
7743638,204974,100
7743638,205171,50
7743638,205969,40
7743638,206766,50
7743638,207089,92
7743638,207433,55
7743638,208159,50
7743638,208208,100
7743638,208364,50
7743638,209104,60
7743638,210492,70
7743638,211153,70
7743638,211365,50
7743638,211415,63
7743638,211510,80
7743638,211683,100
7743638,211799,100
7743638,212562,100
7743638,212665,52
7743638,213203,40
7743638,213806,47
7743638,213863,70
7743638,213942,90
7743638,214050,95
7743638,214065,58
7743638,214120,80
7743638,214220,80
7743638,214417,92
7743638,214453,61
7743638,214618,80
547086,30002,80
547086,30011,70
547086,30013,100
547086,30025,80
547086,30026,100
547086,30642,80
547086,30656,100
547086,30705,100
547086,30933,70
547086,31133,100
547086,31706,100
547086,33008,90
547086,33009,70
547086,33526,70
547086,37519,100
547086,54457,80
547086,61499,60
547086,63327,90
547086,66131,80
547086,74347,70
547086,74489,90
547086,75996,70
547086,85136,70
547086,85364,100
547086,86218,90
547086,86399,80
547086,87170,100
547086,87216,100
547086,87423,80
547086,97852,40
547086,98235,60
547086,98416,80
547086,98587,90
547086,99183,80
547086,100230,80
547086,100664,80
547086,101233,80
547086,101724,70
547086,105778,100
237617,30002,100
237617,30401,70
237617,31461,100
237617,35806,85
237617,42269,75
237617,55096,100
237617,62137,95
237617,75613,60
237617,75757,100
237617,85135,100
237617,85736,80
237617,85885,60
237617,86964,90
237617,87416,85
237617,94677,85
237617,97770,80
237617,97999,70
237617,99571,55
237617,100954,90
237617,101870,60
237617,104271,90
237617,105398,90
237617,105664,80
237617,105778,90
237617,107518,85
237617,107720,100
237617,110806,50
237617,112197,90
237617,113666,80
237617,117536,85
237617,118593,60
237617,118655,70
237617,119175,75
237617,122110,65
237617,125653,75
237617,130222,75
237617,135015,100
237617,135317,70
237617,136331,65
237617,140407,100
237617,145966,70
237617,147636,65
237617,148091,90
7640279,30024,100
7640279,33031,60
7640279,33866,90
7640279,54294,70
7640279,79865,90
7640279,85141,70
7640279,86848,70
7640279,87216,90
7640279,89313,70
7640279,97830,80
7640279,97843,70
7640279,98263,80
7640279,98535,70
7640279,98620,90
7640279,100885,60
7640279,100954,60
7640279,103854,70
7640279,104973,80
7640279,105398,80
7640279,106098,100
7640279,106929,80
7640279,107521,60
7640279,107918,60
7640279,109269,70
7640279,111335,70
7640279,113634,70
7640279,115387,70
7640279,116133,100
7640279,116264,70
7640279,116562,70
7640279,116600,90
7640279,117339,60
7640279,117540,70
7640279,117581,70
7640279,120918,70
7640279,121276,80
7640279,121482,60
7640279,122653,80
7640279,123573,60
7640279,124481,70
7640279,126297,70
7640279,127108,50
7640279,127276,60
7640279,127868,70
7640279,128403,70
7640279,128435,80
7640279,128634,70
7640279,128642,80
7640279,128826,90
7640279,128942,70
7640279,129407,80
7640279,129605,60
7640279,129774,80
7640279,130229,80
7640279,132144,100
7640279,132165,90
7640279,133038,70
7640279,133797,80
7640279,139463,70
7640279,140475,80
7640279,142045,60
7640279,143638,70
7640279,144208,80
7640279,144209,70
7640279,147587,70
7640279,159930,80
6354825,45821,10
6354825,105398,85
6354825,110462,95
6354825,118408,80
6354825,119257,80
6354825,119276,86
6354825,120435,83
6354825,120980,87
6354825,123573,78
6354825,129579,80
6354825,129632,80
6354825,130149,70
6354825,130511,78
6354825,132144,87
6354825,133708,63
6354825,138366,70
6354825,139572,76
6354825,140407,99
6354825,141007,97
6354825,142253,76
6354825,143056,84
6354825,143117,57
6354825,145757,70
6354825,146139,90
6354825,147027,90
6354825,149286,80
6354825,149332,83
6354825,149624,70
6354825,150170,80
6354825,150744,87
6354825,151025,78
6354825,151212,60
6354825,151457,69
6354825,151512,82
6354825,152128,81
6354825,153284,80
6354825,153880,89
6354825,153883,97
6354825,153987,82
6354825,153994,80
6354825,155485,80
6354825,155490,74
6354825,155967,78
6354825,158221,76
6354825,159121,70
6354825,159438,70
6354825,159439,80
6354825,159441,86
6354825,159930,79
6354825,161749,80
6354825,163824,90
6354825,164122,84
6354825,164838,78
6354825,166635,92
15039,30002,90
15039,30011,80
15039,30014,100
15039,30015,90
15039,30032,70
15039,30047,90
15039,30102,80
15039,30105,70
15039,30136,80
15039,30160,80
15039,30336,90
15039,30424,70
15039,30446,100
15039,30583,90
15039,30615,90
15039,30616,90
15039,30738,80
15039,30894,80
15039,30895,70
15039,30933,70
15039,31044,80
15039,31414,100
15039,31456,90
15039,31716,70
15039,31745,60
15039,31926,90
15039,32572,70
15039,32921,90
15039,32966,90
15039,33033,60
15039,33194,70
15039,33254,90
15039,33403,60
15039,33537,70
15039,33822,90
15039,35638,80
15039,35664,80
15039,36969,70
15039,37075,90
15039,37519,70
15039,37716,80
15039,38144,70
15039,38341,80
15039,38483,100
15039,38586,90
15039,40010,80
15039,40552,90
15039,41294,90
15039,43702,90
15039,43949,70
15039,44710,80
15039,44790,90
15039,49358,80
15039,50553,50
15039,51525,80
15039,51614,70
15039,51860,80
15039,52651,90
15039,53717,70
15039,55096,100
15039,55338,80
15039,56584,70
15039,56769,70
15039,58226,80
15039,61497,100
15039,61499,90
15039,64377,70
15039,65003,80
15039,66933,90
15039,67885,70
15039,72451,80
15039,73967,80
15039,74485,90
15039,75275,80
15039,75757,90
15039,85135,70
15039,85139,80
15039,85151,80
15039,85216,80
15039,85227,60
15039,85249,80
15039,85611,70
15039,85849,90
15039,85871,80
15039,85952,100
15039,86044,90
15039,86045,80
15039,86171,60
15039,86469,70
15039,86559,100
15039,87054,70
15039,87213,100
15039,87216,90
15039,87395,90
15039,93684,60
15039,97999,60
15039,98587,90
15039,98858,90
15039,99183,80
15039,99316,70
15039,99851,90
15039,101030,90
15039,101583,80
15039,101805,80
15039,104271,100
15039,116401,90
5142888,30021,90
5142888,52638,85
5142888,65243,100
5142888,74155,75
5142888,78151,70
5142888,85345,80
5142888,85435,90
5142888,85486,100
5142888,85564,100
5142888,86008,70
5142888,86300,95
5142888,86399,100
5142888,86952,100
5142888,87216,100
5142888,96834,100
5142888,97305,95
5142888,97852,90
5142888,98014,98
5142888,98188,100
5142888,98466,100
5142888,99352,100
5142888,100187,100
5142888,100209,80
5142888,100557,100
5142888,100664,100
5142888,100962,100
5142888,101517,80
5142888,101583,100
5142888,101754,100
5142888,103084,100
5142888,103111,100
5142888,103238,95
5142888,103294,100
5142888,103621,97
5142888,104853,100
5142888,104864,95
5142888,105011,100
5142888,105097,93
5142888,105577,95
5142888,105641,100
5142888,105718,90
5142888,105778,97
5142888,105791,95
5142888,106064,100
5142888,106130,100
5142888,106454,100
5142888,106890,95
5142888,107365,90
5142888,107504,100
5142888,107540,95
5142888,107603,100
5142888,107780,90
5142888,107987,95
5142888,108069,100
5142888,108070,95
5142888,108105,100
5142888,108556,95
5142888,108919,100
5142888,109017,90
5142888,109056,95
5142888,109232,95
5142888,109868,100
5142888,110516,95
5142888,110530,100
5142888,110819,98
5142888,111168,90
5142888,111233,100
5142888,111403,100
5142888,111464,100
5142888,112378,100
5142888,112621,100
5142888,112981,90
5142888,113076,100
5142888,113501,100
5142888,113801,100
5142888,113802,99
5142888,114416,95
5142888,114903,95
5142888,117252,100
5142888,117584,100
5142888,117620,85
5142888,118226,100
5142888,119832,100
5142888,121643,95
5142888,121703,100
5142888,121766,100
5142888,122344,100
5142888,122706,95
5142888,122838,100
5142888,123089,90
5142888,123164,80
5142888,123238,100
5142888,124885,90
5142888,126722,95
5142888,127894,90
5142888,128160,98
5142888,129345,90
5142888,129506,100
5142888,130598,80
5142888,131769,90
5142888,132029,100
5142888,132182,100
5142888,135083,90
5142888,137518,95
5142888,137714,100
5142888,138648,100
5142888,144946,97
5142888,177096,90
160847,30047,100
160847,30642,90
160847,35627,90
160847,38456,50
160847,38586,100
160847,38848,80
160847,38967,90
160847,41652,90
160847,42586,80
160847,43949,90
160847,44065,80
160847,44222,70
160847,44440,80
160847,51419,80
160847,52651,100
160847,55132,60
160847,56441,50
160847,63327,90
160847,72451,100
160847,73525,70
160847,75275,90
160847,79361,40
160847,85141,80
160847,85143,90
160847,85155,80
160847,85201,70
160847,85222,80
160847,85250,60
160847,85310,60
160847,85400,40
160847,85442,80
160847,85467,30
160847,85495,70
160847,85563,60
160847,85564,100
160847,85611,80
160847,85843,70
160847,85849,100
160847,85952,80
160847,85978,40
160847,86113,70
160847,86300,80
160847,86338,60
160847,86399,90
160847,86511,50
160847,86681,70
160847,86707,40
160847,86719,90
160847,86797,80
160847,86952,90
160847,87164,70
160847,87170,60
160847,87225,60
160847,87293,60
160847,87382,60
160847,87395,100
160847,95098,40
160847,96344,40
160847,96798,50
160847,96834,70
160847,97277,60
160847,97371,80
160847,97836,70
160847,97852,100
160847,97884,60
160847,97925,50
160847,98068,60
160847,98201,50
160847,98328,80
160847,98466,80
160847,98801,40
160847,98900,70
160847,98982,50
160847,99024,60
160847,99324,100
160847,99351,60
160847,99410,60
160847,99462,60
160847,99482,50
160847,99571,30
160847,99602,60
160847,99775,80
160847,99920,60
160847,99931,70
160847,100114,60
160847,100192,40
160847,100207,90
160847,100214,40
160847,100230,90
160847,100319,70
160847,100456,50
160847,100476,40
160847,100664,90
160847,100843,40
160847,100954,90
160847,101134,70
160847,101177,70
160847,101233,80
160847,101242,60
160847,101315,90
160847,101408,60
160847,101418,90
160847,101419,50
160847,101434,80
160847,101516,60
160847,101521,80
160847,101557,80
160847,101679,50
160847,101686,70
160847,101727,50
160847,101746,60
160847,101793,70
160847,102207,70
160847,102583,70
160847,102738,50
160847,102799,40
160847,102861,60
160847,103156,80
160847,103203,70
160847,103238,60
160847,103294,70
160847,103308,30
160847,103570,70
160847,103850,50
160847,104063,90
160847,104271,90
160847,104494,70
160847,104503,90
160847,104757,50
160847,105011,80
160847,105040,50
160847,105097,80
160847,105279,40
160847,105393,100
160847,105395,70
160847,105398,100
160847,105447,40
160847,105484,40
160847,105778,90
160847,105791,60
160847,106259,40
160847,106301,20
160847,106758,50
160847,106820,60
160847,107087,40
160847,107098,90
160847,107120,60
160847,107305,30
160847,107521,80
160847,107524,40
160847,107540,80
160847,107611,70
160847,107700,60
160847,107976,70
160847,108011,60
160847,108196,90
160847,108292,20
160847,108347,30
160847,108556,100
160847,108841,60
160847,108984,50
160847,109111,40
160847,109140,50
160847,109874,60
160847,110042,70
160847,110462,60
160847,110744,30
160847,110769,50
160847,110837,70
160847,110942,70
160847,110989,50
160847,111083,50
160847,111149,90
160847,111154,80
160847,111233,80
160847,111297,40
160847,111366,50
160847,111573,30
160847,111590,70
160847,111735,60
160847,111747,50
160847,112116,50
160847,112147,70
160847,112241,20
160847,112538,50
160847,112832,20
160847,113632,20
160847,113666,70
160847,113987,30
160847,114605,80
160847,116353,70
160847,116506,70
160847,116675,20
160847,116809,60
160847,117460,80
160847,117536,70
160847,118177,60
160847,118267,60
160847,118586,80
160847,118655,50
160847,119191,50
160847,119257,100
160847,119276,50
160847,119363,90
160847,119474,30
160847,119521,80
160847,120235,50
160847,120302,30
160847,120475,60
160847,120811,50
160847,120980,70
160847,121753,70
160847,121792,20
160847,122180,50
160847,123089,60
160847,123264,70
160847,123463,70
160847,123573,60
160847,123582,80
160847,124832,50
160847,126297,70
160847,127353,50
160847,128067,100
160847,128882,80
160847,129632,70
160847,129918,80
160847,130511,50
160847,135325,70
160847,136761,30
160847,137280,90
160847,138222,90
160847,138704,70
160847,138726,90
160847,139195,60
160847,139572,70
160847,140407,80
160847,141076,90
160847,141316,60
160847,141705,90
160847,142144,60
160847,143117,90
160847,145966,50
160847,146017,60
160847,149332,90
160847,152128,90
160847,152654,70
160847,153284,80
160847,153513,80
160847,154499,20
160847,155485,90
160847,155950,60
160847,156193,60
160847,156477,80
160847,156629,50
160847,159385,70
160847,159397,80
160847,159441,100
160847,160980,30
160847,161749,80
160847,164857,90
160847,166635,60
160847,167649,80
160847,167834,70
160847,172619,90
160847,175262,60
160847,179655,90
6063098,30011,100
6063098,30013,90
6063098,30042,90
6063098,30656,100
6063098,61499,40
6063098,65719,63
6063098,76716,80
6063098,82741,50
6063098,85486,90
6063098,85533,90
6063098,85898,90
6063098,86508,80
6063098,86635,90
6063098,87194,100
6063098,87216,90
6063098,97553,90
6063098,97852,80
6063098,98030,100
6063098,99982,100
6063098,101141,90
6063098,101177,80
6063098,101517,100
6063098,101625,70
6063098,101754,80
6063098,102907,80
6063098,103866,70
6063098,104660,90
6063098,104778,95
6063098,104896,90
6063098,105004,50
6063098,105577,70
6063098,105641,80
6063098,106660,85
6063098,109728,90
6063098,111189,60
6063098,112598,70
6063098,112981,100
6063098,113076,80
6063098,113701,60
6063098,115937,50
6063098,118194,85
6063098,118959,70
6063098,122123,80
6063098,123164,90
6063098,128064,90
6063098,132722,100
6063098,134988,60
6063098,137714,80
6063098,138123,67
6063098,139323,60
6063098,139966,80
6063098,140961,85
6063098,148054,70
6063098,148082,80
6063098,149337,85
6063098,155441,70
6063098,157751,90
6063098,163317,50
6063098,164163,50
6063098,166117,10
6063098,167434,50
6063098,169355,80
6063098,170575,80
6063098,170875,87
6063098,172110,20
6063098,172729,90
6063098,172872,70
6063098,173062,90
6063098,174790,90
6063098,176739,80
6063098,180125,80
6063098,180740,80
7228127,30936,70
7228127,57679,100
7228127,66099,10
7228127,85141,60
7228127,86099,100
7228127,86607,70
7228127,94490,100
7228127,99536,10
7228127,100568,80
7228127,100954,100
7228127,108952,10
7228127,108984,10
7228127,129579,60
7228127,129632,70
7228127,131135,70
7228127,132093,70
7228127,137375,60
7228127,138624,10
7228127,140407,100
7228127,150836,100
7228127,153682,100
7228127,153869,100
7228127,153987,100
7228127,154836,10
7228127,165202,10
7228127,170688,10
7228127,188168,10
7740384,51525,90
7740384,86123,90
7740384,87154,90
7740384,99022,100
7740384,102259,80
7740384,104973,80
7740384,105398,90
7740384,105823,80
7740384,106929,90
7740384,107521,85
7740384,107918,70
7740384,108774,100
7740384,109728,90
7740384,111075,100
7740384,117540,80
7740384,118408,100
7740384,119257,100
7740384,119521,90
7740384,121482,70
7740384,121565,100
7740384,122060,100
7740384,122976,90
7740384,126297,70
7740384,128591,90
7740384,128963,100
7740384,129039,100
7740384,130149,80
7740384,130429,90
7740384,131128,100
7740384,133038,100
7740384,133797,100
7740384,133837,90
7740384,134556,100
7740384,137595,70
7740384,138363,90
7740384,140407,100
7740384,143099,100
7740384,145538,90
7740384,147567,100
7740384,147586,100
7740384,148347,100
7740384,150170,100
7740384,150836,90
7740384,151565,100
7740384,152128,100
7740384,154361,100
7740384,154429,90
7740384,156477,100
7740384,159186,100
7740384,159441,100
7740384,159636,95
7740384,159930,80
7740384,161715,100
7740384,163272,90
7740384,168656,90
7740384,172619,60
7740384,173329,100
7740384,176071,100
7740384,179079,100
7740384,180121,100
7740384,180411,80
7740384,180671,100
7740384,181531,100
7740384,181542,100
7740384,182066,100
7740384,183367,100
7740384,186503,70
7740384,187189,100
7740384,187490,100
7740384,187904,100
7740384,188566,80
7740384,189664,80
7740384,192125,80
7740384,194180,100
7740384,197840,50
7740384,199642,95
7740384,202572,100
122210,30021,90
122210,30669,70
122210,34164,80
122210,50715,80
122210,53390,90
122210,54508,80
122210,59211,80
122210,63059,100
122210,63327,70
122210,72451,100
122210,73661,80
122210,75757,80
122210,79661,70
122210,80217,70
122210,83813,80
122210,85143,90
122210,85533,90
122210,85564,90
122210,85915,70
122210,86279,90
122210,86399,90
122210,86635,100
122210,86639,90
122210,87056,80
122210,87160,70
122210,87216,80
122210,87225,80
122210,87377,90
122210,87468,80
122210,88244,60
122210,90310,70
122210,91392,80
122210,91393,60
122210,91951,80
122210,92509,60
122210,93557,90
122210,94594,80
122210,95392,80
122210,96756,80
122210,97830,90
122210,97852,100
122210,98176,80
122210,98686,80
122210,98816,90
122210,99183,100
122210,99437,70
122210,99472,80
122210,99549,80
122210,99587,70
122210,99609,100
122210,100080,80
122210,100230,90
122210,100476,70
122210,100664,80
122210,101177,80
122210,101315,90
122210,101557,90
122210,101583,90
122210,101774,70
122210,101802,80
122210,102490,80
122210,103214,80
122210,103592,90
122210,104616,80
122210,104660,70
122210,104822,80
122210,104977,70
122210,105361,60
122210,105398,100
122210,105552,80
122210,105577,90
122210,105578,80
122210,105641,80
122210,105778,100
122210,105790,70
122210,106473,70
122210,106660,70
122210,107282,80
122210,107559,70
122210,108105,90
122210,108556,90
122210,108558,60
122210,108724,70
122210,109735,70
122210,110111,80
122210,110175,70
122210,110760,70
122210,110763,70
122210,111233,80
122210,111403,80
122210,111456,80
122210,112598,90
122210,112671,80
122210,112981,100
122210,113144,80
122210,113454,70
122210,113501,80
122210,117349,50
122210,118068,80
122210,118290,80
122210,118977,60
122210,119257,90
122210,119464,80
122210,119721,70
122210,119798,80
122210,119800,70
122210,119802,70
122210,119913,70
122210,120760,80
122210,122200,70
122210,123164,80
122210,125280,80
122210,127471,70
122210,127778,70
122210,128067,80
122210,128678,70
122210,129725,70
122210,131171,70
122210,131211,70
122210,131310,70
122210,131822,90
122210,132018,80
122210,132029,90
122210,132723,80
122210,133126,70
122210,133617,100
122210,133624,70
122210,133628,90
122210,134369,90
122210,135680,70
122210,135714,80
122210,135802,60
122210,136737,80
122210,137714,90
122210,138818,80
122210,140407,95
122210,140475,90
122210,149544,80
122210,152914,80
122210,153284,80
122210,159930,100
122210,178379,70
122210,187944,90
122210,197272,70
122210,201773,80
355251,30004,100
355251,30104,100
355251,30436,80
355251,30909,70
355251,31249,70
355251,31303,100
355251,31344,80
355251,31410,70
355251,31551,70
355251,31754,100
355251,33285,80
355251,33322,70
355251,34632,90
355251,37375,80
355251,38967,90
355251,66413,90
355251,71957,70
355251,74489,100
355251,85294,90
355251,87170,90
355251,87459,80
355251,100238,80
355251,105778,80
355251,111457,80
355251,114640,60
355251,129574,80
5483882,30001,100
5483882,30002,90
5483882,30007,70
5483882,30013,90
5483882,30026,100
5483882,30043,80
5483882,30051,100
5483882,30336,80
5483882,30481,60
5483882,30656,100
5483882,30657,80
5483882,30745,70
5483882,31014,100
5483882,33572,100
5483882,33573,100
5483882,33574,100
5483882,34632,100
5483882,37375,90
5483882,40884,90
5483882,41054,100
5483882,53390,40
5483882,63031,80
5483882,65243,90
5483882,74347,70
5483882,85811,30
5483882,86569,100
5483882,87216,40
5483882,105398,30
5483882,105778,50
5483882,106130,50
5483882,107279,80
5483882,114960,70
5483882,119257,40
5483882,120760,50
5483882,130511,30
5483882,140837,20
6097541,30011,85
6097541,30012,92
6097541,30021,95
6097541,30044,86
6097541,30085,69
6097541,30336,100
6097541,30339,70
6097541,30375,99
6097541,30572,78
6097541,30587,62
6097541,30664,94
6097541,30874,80
6097541,31102,75
6097541,31505,70
6097541,33082,80
6097541,33526,82
6097541,33866,93
6097541,34505,60
6097541,40354,89
6097541,41210,72
6097541,42379,52
6097541,43450,84
6097541,43645,10
6097541,43702,87
6097541,43872,86
6097541,43992,75
6097541,44110,85
6097541,44531,83
6097541,44721,86
6097541,45715,82
6097541,46922,79
6097541,47536,87
6097541,49017,62
6097541,50855,78
6097541,51697,80
6097541,52660,83
6097541,54037,58
6097541,55637,66
6097541,56771,80
6097541,61079,79
6097541,63327,95
6097541,66131,85
6097541,67755,90
6097541,71949,76
6097541,73661,60
6097541,75353,82
6097541,75559,93
6097541,75757,84
6097541,76182,75
6097541,76368,79
6097541,77102,76
6097541,78347,69
6097541,78649,89
6097541,82257,82
6097541,85136,78
6097541,85217,68
6097541,85339,84
6097541,85457,89
6097541,85486,86
6097541,85666,72
6097541,85702,75
6097541,85934,96
6097541,86160,90
6097541,86303,80
6097541,86481,80
6097541,86864,88
6097541,87132,63
6097541,87216,85
6097541,88609,89
6097541,88933,72
6097541,89086,66
6097541,89087,69
6097541,90808,79
6097541,90809,76
6097541,90975,83
6097541,93469,70
6097541,93940,80
6097541,94989,85
6097541,96748,69
6097541,97080,69
6097541,97842,76
6097541,98351,63
6097541,98686,79
6097541,99173,80
6097541,99603,62
6097541,100560,80
6097541,100754,74
6097541,100756,74
6097541,100930,100
6097541,101177,85
6097541,101464,69
6097541,101517,92
6097541,102170,52
6097541,103252,86
6097541,103253,78
6097541,104473,66
6097541,104689,82
6097541,104773,58
6097541,105469,85
6097541,105757,71
6097541,105758,63
6097541,105759,70
6097541,106989,85
6097541,107262,74
6097541,108105,86
6097541,108556,93
6097541,108619,82
6097541,108817,81
6097541,110009,50
6097541,110338,89
6097541,111620,83
6097541,112539,77
6097541,112821,69
6097541,113005,78
6097541,113066,81
6097541,114584,76
6097541,115002,80
6097541,117681,71
6097541,117736,76
6097541,117737,79
6097541,118210,82
6097541,118940,62
6097541,118991,85
6097541,119247,71
6097541,119746,90
6097541,120636,86
6097541,122364,85
6097541,122663,68
6097541,123911,78
6097541,125511,76
6097541,125848,81
6097541,126279,89
6097541,126445,70
6097541,128430,20
6097541,128434,74
6097541,131850,70
6097541,131940,87
6097541,132342,69
6097541,135321,72
6097541,137440,61
6097541,141127,89
6097541,142617,87
6097541,147879,70
6097541,148473,72
6097541,155714,68
6097541,155715,60
6097541,155717,58
6202540,30013,70
6202540,30436,100
6202540,30909,60
6202540,30912,70
6202540,31470,60
6202540,31487,10
6202540,31595,60
6202540,31702,50
6202540,33104,50
6202540,33126,30
6202540,33992,80
6202540,38560,10
6202540,38967,100
6202540,41114,70
6202540,41734,90
6202540,48991,70
6202540,51467,100
6202540,54808,80
6202540,58361,100
6202540,67885,10
6202540,76716,20
6202540,82435,70
6202540,85644,50
6202540,87216,30
6202540,87459,60
6202540,99456,60
6202540,101683,20
6202540,102120,90
6202540,105054,30
6202540,108948,50
6202540,122278,60
6202540,133945,50
6202540,141157,60
6202540,150378,50
6891591,30002,100
6891591,30051,100
6891591,30336,90
6891591,30375,100
6891591,30642,100
6891591,30727,80
6891591,30838,70
6891591,31414,90
6891591,33033,80
6891591,33285,90
6891591,34632,100
6891591,37375,80
6891591,38848,80
6891591,63327,90
6891591,78479,70
6891591,85135,100
6891591,86056,80
6891591,86136,50
6891591,86265,90
6891591,86677,60
6891591,86964,90
6891591,87182,80
6891591,94490,80
6891591,100994,90
6891591,101233,90
6891591,102988,60
6891591,105778,90
6891591,108196,100
6891591,109957,90
6891591,119521,80
6891591,122895,70
6891591,129006,80
6891591,136331,80
6891591,150633,90
6963987,30003,100
6963987,30013,100
6963987,30042,100
6963987,30053,100
6963987,30085,100
6963987,30396,80
6963987,30397,80
6963987,30436,80
6963987,30743,90
6963987,30749,70
6963987,30872,100
6963987,30909,70
6963987,31515,70
6963987,31517,90
6963987,31630,90
6963987,31706,100
6963987,33006,100
6963987,33008,100
6963987,33009,80
6963987,33578,80
6963987,34218,70
6963987,35157,100
6963987,37760,100
6963987,38773,60
6963987,41425,90
6963987,41726,70
6963987,45104,90
6963987,45916,70
6963987,55515,70
6963987,63675,80
6963987,66099,90
6963987,77022,80
6963987,84627,60
6963987,85155,70
6963987,85165,90
6963987,85189,100
6963987,85316,100
6963987,86265,90
6963987,87170,70
6963987,87216,90
6963987,87340,70
6963987,96987,70
6963987,98030,70
6963987,98188,90
6963987,101517,70
6963987,103111,90
6963987,103180,80
6963987,106454,70
6963987,106660,90
6963987,108982,70
6963987,110140,80
6963987,111403,90
6963987,112981,90
6963987,114960,90
6963987,116411,80
6963987,123164,80
6963987,132557,100
6963987,138070,80
6963987,146662,80
6963987,156656,70
6963987,169100,70
7233033,105398,100
7233033,107763,80
7233033,107918,60
7233033,109269,100
7233033,111103,80
7233033,116382,60
7233033,117540,60
7233033,117581,80
7233033,118437,80
7233033,120088,40
7233033,120440,80
7233033,120806,60
7233033,121276,60
7233033,124474,60
7233033,124783,100
7233033,125697,80
7233033,126284,60
7233033,126944,100
7233033,128435,80
7233033,128589,40
7233033,128591,60
7233033,128998,60
7233033,129758,60
7233033,129796,60
7233033,129881,80
7233033,130300,80
7233033,132156,60
7233033,133021,80
7233033,133038,100
7233033,136874,80
7233033,136937,40
7233033,138655,60
7233033,139293,80
7233033,139660,80
7233033,140465,60
7233033,141105,60
7233033,141613,60
7233033,142372,80
7233033,142894,80
7233033,143003,80
7233033,143137,100
7233033,144090,80
7233033,145306,80
7233033,145610,60
7233033,146060,80
7233033,146089,40
7233033,146498,60
7233033,146517,60
7233033,147278,100
7233033,147281,80
7233033,148368,80
7233033,149624,40
7233033,150663,100
7233033,153273,80
7233033,153788,40
7233033,154152,40
7233033,154775,80
7233033,155251,80
7233033,155417,60
7233033,155459,60
7233033,156560,60
7233033,156601,60
7233033,158601,80
7233033,158602,60
7233033,159399,40
7233033,159435,60
7233033,159442,80
7233033,163536,80
7233033,163824,80
7233033,163988,40
7233033,164521,60
7233033,164599,80
7233033,168352,40
7233033,168656,100
7233033,169280,80
7233033,169882,80
7233033,172287,80
7233033,172316,60
7233033,173485,60
7233033,178048,80
7233033,182066,100
7233033,192022,40
7233033,193073,60
7492092,97216,100
7492092,106758,100
7492092,114542,90
7492092,127783,80
7492092,128067,100
7492092,137304,90
7492092,150836,90
7492092,153513,90
7492092,158766,90
7492092,159441,90
7492092,160454,90
7492092,163824,80
7492092,170400,90
7492092,172619,90
7492092,173020,90
7492092,173233,80
7492092,178379,80
7492092,183285,90
7492092,184502,80
7492092,187427,80
81756,30002,100
81756,30007,90
81756,30026,90
81756,30051,100
81756,30074,80
81756,30145,90
81756,30149,100
81756,30375,70
81756,30401,90
81756,30642,90
81756,30644,60
81756,30656,10
81756,30664,100
81756,30731,90
81756,31101,80
81756,31183,70
81756,31184,70
81756,31185,70
81756,31461,100
81756,31534,70
81756,32109,70
81756,32924,100
81756,33285,80
81756,33713,80
81756,35651,80
81756,37375,90
81756,42451,80
81756,49611,70
81756,54294,80
81756,59609,90
81756,61185,70
214378,101686,70
214378,104503,90
214378,111075,90
214378,111590,90
214378,116382,90
214378,118586,80
214378,118601,100
214378,120688,90
214378,124846,80
214378,125658,80
214378,128963,90
214378,129796,80
214378,130300,70
214378,130870,80
214378,133381,80
214378,137868,80
214378,138222,80
214378,140159,70
214378,140407,90
214378,140658,80
214378,141007,90
214378,143956,80
214378,145269,90
214378,145966,90
214378,147027,70
214378,150170,90
214378,150836,90
214378,153848,95
214378,153869,80
214378,154258,80
214378,154361,80
214378,163824,90
214378,166658,80
8152739,30591,50
8152739,31224,80
8152739,31706,85
8152739,54294,30
8152739,56769,80
8152739,59211,85
8152739,60315,70
8152739,61499,80
8152739,65003,50
8152739,65243,90
8152739,65719,65
8152739,74347,70
8152739,75143,85
8152739,85135,85
8152739,85247,50
8152739,86279,80
8152739,86481,70
8152739,86635,90
8152739,86717,72
8152739,87216,70
8152739,87468,75
8152739,98686,74
8152739,101517,70
8152739,101557,70
8152739,105398,50
8152739,105577,80
8152739,105641,90
8152739,105778,70
8152739,106130,75
8152739,106454,78
8152739,106660,75
8152739,109501,70
8152739,109728,74
8152739,110140,80
8152739,111075,60
8152739,111189,80
8152739,111233,88
8152739,112981,75
8152739,116333,72
8152739,117195,77
8152739,118408,80
8152739,119363,30
8152739,119701,95
8152739,121565,85
8152739,123625,70
8152739,127778,70
8152739,128448,80
8152739,132029,74
8152739,132182,80
8152739,138380,60
8152739,138705,60
8152739,140475,85
8152739,142568,80
8152739,146267,60
8152739,147149,80
8152739,147997,80
8152739,148082,75
8152739,169904,80
8152739,172729,75
8152739,174790,74
8152739,178202,20
8152739,180422,80
8152739,180752,75
8152739,187944,72
8152739,191203,80
8152739,201773,70
427177,30001,100
427177,30002,100
427177,30004,100
427177,30028,100
427177,30031,100
427177,30036,70
427177,30149,90
427177,30429,80
427177,30443,80
427177,30466,50
427177,30475,80
427177,30527,70
427177,30610,100
427177,30651,100
427177,30655,90
427177,30698,70
427177,30877,60
427177,30923,80
427177,30974,100
427177,31023,70
427177,31072,100
427177,31075,100
427177,31216,100
427177,31409,60
427177,31410,70
427177,31419,70
427177,31477,70
427177,31506,80
427177,31588,60
427177,31896,50
427177,33191,80
427177,33780,70
427177,37024,70
427177,37321,70
427177,40573,70
427177,41734,70
427177,42040,60
427177,42569,70
427177,47465,70
427177,48763,70
427177,48764,70
427177,48768,60
427177,51525,100
427177,52305,70
427177,65573,70
427177,66267,70
427177,67705,70
427177,69325,70
427177,78347,80
427177,79865,70
427177,85135,70
427177,85165,65
427177,85567,70
427177,85614,30
427177,85616,70
427177,85617,70
427177,86115,70
427177,86360,70
427177,86549,70
427177,86703,70
427177,87208,80
427177,87216,50
427177,87459,80
427177,95290,70
427177,97871,70
427177,97973,50
427177,98020,60
427177,98048,70
427177,98154,80
427177,98620,80
427177,99897,90
427177,100470,80
427177,100941,70
427177,100942,70
427177,100943,70
427177,101463,60
427177,101644,60
427177,102988,70
427177,104973,40
427177,107521,50
427177,108451,30
427177,109285,90
427177,110059,70
427177,111335,80
427177,112485,80
427177,114330,70
427177,115000,80
427177,115610,60
427177,116382,40
427177,116600,40
427177,117820,60
427177,118408,70
427177,119462,70
427177,119841,50
427177,120526,60
427177,120649,80
427177,120918,100
427177,121058,70
427177,121060,80
427177,121632,70
427177,121747,40
427177,122060,70
427177,123172,70
427177,125167,80
427177,125238,70
427177,125531,70
427177,125599,50
427177,126107,80
427177,128963,70
427177,128965,50
427177,129020,70
427177,129443,50
427177,129532,80
427177,130181,50
427177,130182,50
427177,130665,80
427177,134456,70
427177,136177,50
427177,139872,60
427177,140951,80
427177,141683,70
427177,142347,70
427177,144627,80
427177,145399,70
427177,145551,20
427177,146238,90
427177,147142,80
427177,149544,80
427177,155004,80
427177,155165,70
427177,157555,40
427177,159142,90
427177,164263,80
427177,164701,80
427177,183236,50
550195,30085,95
550195,43884,90
550195,51419,80
550195,70865,70
550195,85697,80
550195,99609,90
550195,101120,80
550195,101583,80
550195,102989,90
550195,103219,70
550195,105778,80
550195,106688,70
550195,110205,70
550195,110473,80
550195,111168,70
550195,111233,90
550195,116827,80
550195,117195,80
550195,120760,70
550195,123823,60
550195,132029,80
550195,132182,80
550195,134760,60
550195,142568,80
550195,154249,65
550195,156656,60
550195,160923,70
550195,163317,50
550195,163340,70
550195,178202,60
6278319,30657,90
6278319,32701,80
6278319,46276,90
6278319,54903,80
6278319,86099,80
6278319,86559,80
6278319,86770,90
6278319,86848,70
6278319,86994,80
6278319,87020,80
6278319,98154,70
6278319,98263,80
6278319,99404,70
6278319,99897,80
6278319,100109,70
6278319,100568,70
6278319,102742,70
6278319,102810,60
6278319,103610,80
6278319,103995,40
6278319,104596,80
6278319,105778,90
6278319,106130,80
6278319,106929,80
6278319,108027,80
6278319,108264,80
6278319,108832,90
6278319,109398,80
6278319,110472,80
6278319,111189,80
6278319,112216,80
6278319,112886,70
6278319,113055,80
6278319,114027,90
6278319,114542,80
6278319,114791,70
6278319,115000,100
6278319,116170,100
6278319,116762,70
6278319,117663,70
6278319,117918,70
6278319,119174,100
6278319,119701,80
6278319,119968,60
6278319,120760,70
6278319,121991,80
6278319,123739,70
6278319,124577,80
6278319,124840,80
6278319,125828,80
6278319,126297,80
6278319,126396,70
6278319,127868,80
6278319,128328,90
6278319,128521,80
6278319,128642,80
6278319,128882,80
6278319,130149,80
6278319,131640,70
6278319,132182,70
6278319,133021,70
6278319,134191,60
6278319,135083,80
6278319,136025,70
6278319,137714,70
6278319,138478,90
6278319,138603,80
6278319,139572,70
6278319,139735,80
6278319,140407,90
6278319,140475,80
6278319,142372,80
6278319,143079,80
6278319,143489,80
6278319,143817,90
6278319,144006,70
6278319,144946,90
6278319,147329,80
6278319,147468,80
6278319,149544,80
6278319,150378,90
6278319,153669,70
6278319,153948,90
6278319,154159,80
6278319,155301,80
6278319,157815,30
6278319,157871,80
6278319,159142,90
6278319,164263,70
6278319,164274,90
6278319,165907,70
6278319,166352,100
6278319,166719,90
6278319,168843,80
6278319,168984,90
6278319,169008,90
6278319,170688,80
6278319,178692,90
6278319,181982,80
6278319,182801,70
6278319,185702,90
6278319,186826,80
6278319,186964,80
6278319,186967,80
6278319,187324,90
6278319,187912,80
6278319,192049,70
6278319,193819,70
6278319,194533,80
6278319,197889,80
6278319,198752,70
6278319,199496,80
6278319,200205,80
6278319,205473,90
6278319,205969,80
6278319,206432,90
6278319,207220,70
6278319,210043,80
6278319,210601,80
6278319,212689,80
6632025,30932,10
6632025,30933,10
6632025,30936,40
6632025,30958,20
6632025,31649,10
6632025,31702,10
6632025,33285,30
6632025,33731,10
6632025,35709,10
6632025,38967,30
6632025,39982,30
6632025,43290,40
6632025,43731,20
6632025,43949,20
6632025,47353,10
6632025,51419,40
6632025,52305,10
6632025,52638,30
6632025,53390,10
6632025,53979,10
6632025,54561,20
6632025,54808,10
6632025,59931,10
6632025,66267,30
6632025,74155,50
6632025,76282,40
6632025,77363,40
6632025,85138,50
6632025,85181,30
6632025,85282,40
6632025,86136,10
6632025,86673,10
6632025,86850,10
6632025,88559,10
6632025,90310,10
6632025,95719,10
6632025,96518,60
6632025,97553,40
6632025,98397,20
6632025,101667,10
6632025,107266,10
6632025,111900,10
6632025,116534,10
6632025,127340,10
6632025,128163,40
6632025,129006,10
7660412,30001,80
7660412,30021,73
7660412,30026,92
7660412,30051,95
7660412,30318,55
7660412,30401,79
7660412,31706,85
7660412,35806,75
7660412,46081,80
7660412,46144,80
7660412,50647,72
7660412,51498,80
7660412,51499,75
7660412,53390,89
7660412,53900,86
7660412,64053,88
7660412,78649,88
7660412,85412,98
7660412,86082,98
7660412,86551,82
7660412,87170,82
7660412,91824,73
7660412,98587,82
7660412,102989,72
7660412,105778,78
7660412,106331,78
7660412,107649,50
7660412,124139,84
7660412,181248,60
5750497,30021,100
5750497,30102,90
5750497,30107,80
5750497,30436,80
5750497,39699,90
5750497,67601,70
5750497,85486,90
5750497,86549,70
5750497,89313,70
5750497,99752,80
5750497,101270,60
5750497,105778,80
5750497,108067,70
5750497,114027,90
5750497,114780,80
5750497,139855,80
5750497,141157,80
5750497,142568,80
5750497,174604,70
5750497,189163,70
5750497,200479,90
5840568,129579,100
5840568,140407,100
5840568,145205,100
5840568,147102,100
5840568,149332,60
5840568,150836,100
5840568,151121,100
5840568,151130,82
5840568,151512,99
5840568,152128,100
5840568,152422,100
5840568,152608,100
5840568,153468,100
5840568,155487,100
5840568,158221,100
5840568,158448,70
5840568,166658,100
5840568,167649,100
5840568,168187,100
5840568,168337,100
5840568,170688,100
5840568,173020,100
5840568,188071,50
5840568,195820,100
5840568,203197,20
6316075,30002,90
6316075,30013,100
6316075,30436,90
6316075,30651,100
6316075,30660,100
6316075,31249,70
6316075,31363,100
6316075,31419,90
6316075,31469,80
6316075,31517,50
6316075,33024,70
6316075,33600,60
6316075,41514,100
6316075,41566,70
6316075,42666,70
6316075,48752,70
6316075,54705,80
6316075,57317,100
6316075,66267,80
6316075,80145,50
6316075,85399,70
6316075,85533,80
6316075,85835,80
6316075,86008,60
6316075,86218,80
6316075,86262,50
6316075,86434,60
6316075,86708,70
6316075,86728,60
6316075,86937,80
6316075,87208,70
6316075,87423,50
6316075,87454,60
6316075,87455,70
6316075,92973,70
6316075,93880,50
6316075,94425,70
6316075,98397,90
6316075,99086,70
6316075,99703,90
6316075,101120,90
6316075,102047,60
6316075,102070,70
6316075,103801,70
6316075,103884,40
6316075,104641,70
6316075,105778,90
6316075,105935,80
6316075,105948,70
6316075,105949,60
6316075,106000,70
6316075,106232,70
6316075,107365,80
6316075,107987,80
6316075,108068,80
6316075,108203,70
6316075,108556,90
6316075,108919,60
6316075,109056,90
6316075,110205,80
6316075,110396,80
6316075,110972,80
6316075,111474,60
6316075,111477,70
6316075,111914,40
6316075,111969,70
6316075,112621,70
6316075,113510,60
6316075,114003,90
6316075,115093,60
6316075,115254,50
6316075,115629,50
6316075,115640,80
6316075,116534,100
6316075,116559,80
6316075,116737,90
6316075,117925,60
6316075,118225,70
6316075,118377,70
6316075,118378,60
6316075,118629,80
6316075,118695,80
6316075,119506,80
6316075,119650,70
6316075,120112,80
6316075,120649,80
6316075,120741,60
6316075,122993,80
6316075,124676,80
6316075,125504,60
6316075,126292,90
6316075,128839,70
6316075,128964,40
6316075,128983,60
6316075,130551,60
6316075,130753,50
6316075,131166,70
6316075,132029,80
6316075,132732,80
6316075,134248,80
6316075,134249,80
6316075,134443,40
6316075,134878,70
6316075,135802,80
6316075,136508,60
6316075,136739,60
6316075,137303,70
6316075,137623,80
6316075,141529,40
6316075,141627,80
6316075,141947,80
6316075,146486,70
6316075,146507,80
6316075,146508,80
6316075,146509,80
6316075,146510,60
6316075,146682,80
6316075,146725,70
6316075,146726,70
6316075,146727,70
6316075,146728,70
6316075,148305,60
6316075,148311,60
6316075,150835,70
6316075,152156,70
6316075,152157,70
6316075,152158,70
6316075,152703,40
6316075,154008,60
6316075,157133,70
6316075,157551,80
6316075,161477,80
6316075,161772,90
6316075,165417,60
6348378,30012,100
6348378,30564,100
6348378,39711,100
6348378,53390,90
6348378,63327,80
6348378,70175,100
6348378,74485,54
6348378,75757,89
6348378,85417,99
6348378,85611,100
6348378,85666,100
6348378,86310,87
6348378,87216,84
6348378,87423,90
6348378,98235,74
6348378,99943,60
6348378,100230,64
6348378,101517,100
6348378,102988,64
6348378,105398,99
6348378,105778,70
6348378,111297,64
6348378,120760,80
6348378,123760,100
5329008,30001,85
5329008,30008,85
5329008,30009,85
5329008,30010,85
5329008,30011,85
5329008,30012,35
5329008,30013,85
5329008,30019,60
5329008,30020,85
5329008,30021,85
5329008,30022,60
5329008,30023,85
5329008,30024,85
5329008,30025,85
5329008,30028,60
5329008,30038,85
5329008,30039,85
5329008,30042,85
5329008,30044,60
5329008,30047,35
5329008,30050,85
5329008,30053,85
5329008,30054,85
5329008,30074,85
5329008,30075,35
5329008,30077,60
5329008,30080,60
5329008,30085,85
5329008,30090,85
5329008,30091,85
5329008,30092,85
5329008,30099,85
5329008,30102,85
5329008,30104,60
5329008,30106,85
5329008,30107,85
5329008,30108,85
5329008,30109,85
5329008,30113,85
5329008,30119,85
5329008,30125,60
5329008,30128,85
5329008,30145,85
5329008,30157,85
5329008,30162,85
5329008,30179,85
5329008,30196,35
5329008,30212,85
5329008,30217,85
5329008,30218,85
5329008,30230,85
5329008,30233,85
5329008,30236,85
5329008,30237,85
5329008,30238,85
5329008,30239,85
5329008,30241,85
5329008,30246,85
5329008,30247,85
5329008,30248,85
5329008,30249,85
5329008,30254,85
5329008,30264,35
5329008,30267,85
5329008,30277,60
5329008,30281,85
5329008,30284,85
5329008,30290,60
5329008,30294,85
5329008,30298,85
5329008,30303,85
5329008,30309,85
5329008,30314,85
5329008,30332,85
5329008,30333,85
5329008,30348,60
5329008,30358,85
5329008,30386,85
5329008,30387,85
5329008,30405,35
5329008,30418,85
5329008,30419,85
5329008,30422,60
5329008,30424,85
5329008,30441,60
5329008,30467,85
5329008,30493,85
5329008,30496,60
5329008,30500,85
5329008,30509,85
5329008,30512,85
5329008,30526,60
5329008,30527,60
5329008,30546,85
5329008,30554,85
5329008,30555,85
5329008,30573,85
5329008,30583,85
5329008,30598,85
5329008,30646,85
5329008,30651,85
5329008,30666,85
5329008,30676,85
5329008,30697,85
5329008,30698,85
5329008,30746,85
5329008,30756,35
5329008,30760,60
5329008,30765,60
5329008,30777,60
5329008,30790,35
5329008,30823,85
5329008,30837,85
5329008,30854,85
5329008,30857,60
5329008,30873,60
5329008,30892,85
5329008,30912,85
5329008,30918,85
5329008,30968,85
5329008,30971,60
5329008,31016,85
5329008,31019,85
5329008,31033,85
5329008,31076,85
5329008,31085,85
5329008,31097,85
5329008,31104,85
5329008,31109,85
5329008,31157,85
5329008,31161,85
5329008,31208,85
5329008,31268,85
5329008,31318,85
5329008,31345,85
5329008,31349,85
5329008,31350,60
5329008,31351,85
5329008,31463,85
5329008,31468,85
5329008,31507,85
5329008,31520,85
5329008,31538,85
5329008,31545,85
5329008,31583,85
5329008,31584,85
5329008,31709,85
5329008,31859,85
5329008,31863,85
5329008,31953,60
5329008,31980,85
5329008,31981,85
5329008,31995,85
5329008,32081,85
5329008,32083,85
5329008,32084,85
5329008,32085,85
5329008,32087,85
5329008,32088,60
5329008,32089,85
5329008,32091,85
5329008,32180,85
5329008,32214,85
5329008,32328,60
5329008,32448,60
5329008,32459,85
5329008,32481,60
5329008,32552,60
5329008,32611,60
5329008,32627,60
5329008,32683,85
5329008,32714,60
5329008,32744,85
5329008,32763,60
5329008,32764,60
5329008,32818,60
5329008,32895,85
5329008,32950,60
5329008,33053,85
5329008,33102,85
5329008,33189,85
5329008,33276,85
5329008,33366,60
5329008,33436,85
5329008,33470,60
5329008,33774,85
5329008,33784,85
5329008,33866,85
5329008,33889,85
5329008,33909,85
5329008,33926,85
5329008,33986,85
5329008,34313,85
5329008,34459,85
5329008,34583,85
5329008,35113,85
5329008,35494,35
5329008,35627,85
5329008,35638,60
5329008,35664,35
5329008,35725,60
5329008,36314,60
5329008,36960,60
5329008,37081,85
5329008,38157,85
5329008,38164,35
5329008,38356,85
5329008,38371,60
5329008,38456,85
5329008,38706,85
5329008,38902,85
5329008,38922,60
5329008,38947,85
5329008,39084,85
5329008,39296,85
5329008,39487,85
5329008,39632,85
5329008,39643,85
5329008,39699,85
5329008,39711,35
5329008,39895,85
5329008,40398,85
5329008,40549,85
5329008,40805,85
5329008,40819,85
5329008,40974,85
5329008,41377,35
5329008,41652,85
5329008,41860,85
5329008,42495,60
5329008,42672,35
5329008,42837,35
5329008,43022,85
5329008,43059,60
5329008,43171,85
5329008,43340,85
5329008,43492,85
5329008,43702,85
5329008,44498,85
5329008,44535,85
5329008,44654,85
5329008,44659,60
5329008,44748,85
5329008,44770,85
5329008,44790,35
5329008,44841,85
5329008,45094,85
5329008,47207,60
5329008,47335,85
5329008,47666,60
5329008,47780,60
5329008,47791,85
5329008,48030,85
5329008,48200,85
5329008,48792,85
5329008,49266,85
5329008,49588,60
5329008,50904,85
5329008,51019,60
5329008,51391,85
5329008,51696,85
5329008,51710,60
5329008,51732,85
5329008,51809,60
5329008,52031,85
5329008,53208,85
5329008,53347,85
5329008,53640,85
5329008,54039,85
5329008,54308,85
5329008,54457,85
5329008,54692,85
5329008,54908,85
5329008,55077,85
5329008,55081,85
5329008,55109,85
5329008,55352,60
5329008,55682,85
5329008,56214,85
5329008,56260,85
5329008,56324,85
5329008,57489,85
5329008,57695,85
5329008,58533,85
5329008,59983,60
5329008,60599,60
5329008,61909,85
5329008,62037,85
5329008,63251,85
5329008,63327,60
5329008,64451,85
5329008,64755,85
5329008,65211,85
5329008,65243,35
5329008,65761,85
5329008,65803,85
5329008,66213,85
5329008,71405,85
5329008,71419,85
5329008,72053,60
5329008,72323,60
5329008,72451,85
5329008,73415,60
5329008,73661,60
5329008,74347,85
5329008,74485,85
5329008,75699,85
5329008,75757,60
5329008,76038,85
5329008,77767,85
5329008,78445,85
5329008,78649,85
5329008,78725,85
5329008,78881,85
5329008,80145,35
5329008,80733,85
5329008,81357,85
5329008,81475,60
5329008,82009,85
5329008,82267,85
5329008,84553,85
5329008,84561,85
5329008,84779,85
5329008,84817,85
5329008,85143,60
5329008,85173,85
5329008,85189,85
5329008,85307,85
5329008,85331,60
5329008,85402,85
5329008,85435,85
5329008,85486,85
5329008,85521,60
5329008,85604,85
5329008,85609,85
5329008,85611,85
5329008,85614,85
5329008,85685,85
5329008,85734,85
5329008,85741,85
5329008,85850,85
5329008,85882,85
5329008,85898,60
5329008,85922,85
5329008,85934,60
5329008,85987,35
5329008,85994,85
5329008,86029,85
5329008,86051,85
5329008,86123,85
5329008,86218,85
5329008,86231,85
5329008,86296,85
5329008,86326,85
5329008,86338,35
5329008,86460,60
5329008,86476,85
5329008,86538,85
5329008,86544,85
5329008,86549,85
5329008,86570,60
5329008,86579,85
5329008,86604,85
5329008,86698,85
5329008,86720,85
5329008,86751,85
5329008,86770,85
5329008,86849,85
5329008,86874,35
5329008,86952,85
5329008,86992,60
5329008,87092,35
5329008,87154,85
5329008,87216,60
5329008,87295,85
5329008,87311,85
5329008,87316,85
5329008,87347,85
5329008,87356,85
5329008,87380,85
5329008,87409,85
5329008,87423,60
5329008,87431,85
5329008,87459,85
5329008,89382,35
5329008,89583,85
5329008,90260,60
5329008,93686,60
5329008,93801,85
5329008,94427,85
5329008,94645,85
5329008,96494,85
5329008,96564,85
5329008,97514,85
5329008,97626,60
5329008,97699,85
5329008,97746,85
5329008,97787,85
5329008,97849,85
5329008,97871,85
5329008,97872,85
5329008,97883,85
5329008,97884,60
5329008,97897,60
5329008,97973,85
5329008,98055,35
5329008,98061,85
5329008,98067,85
5329008,98098,60
5329008,98123,85
5329008,98148,85
5329008,98175,85
5329008,98233,85
5329008,98254,85
5329008,98265,60
5329008,98334,85
5329008,98370,85
5329008,98535,85
5329008,98561,85
5329008,98569,35
5329008,98570,60
5329008,98585,60
5329008,98589,60
5329008,98591,85
5329008,98608,85
5329008,98620,85
5329008,98649,85
5329008,98789,85
5329008,98792,85
5329008,98793,85
5329008,98801,85
5329008,98809,85
5329008,98819,85
5329008,98842,85
5329008,98848,85
5329008,98899,85
5329008,99005,85
5329008,99061,60
5329008,99218,60
5329008,99287,85
5329008,99307,85
5329008,99312,85
5329008,99321,60
5329008,99356,85
5329008,99418,60
5329008,99429,85
5329008,99469,85
5329008,99489,35
5329008,99509,60
5329008,99628,85
5329008,99838,85
5329008,99975,35
5329008,100019,85
5329008,100051,60
5329008,100052,85
5329008,100149,85
5329008,100312,85
5329008,100404,35
5329008,100473,60
5329008,100529,85
5329008,100549,85
5329008,100592,85
5329008,100662,60
5329008,100680,85
5329008,100705,60
5329008,100775,85
5329008,100776,35
5329008,100777,60
5329008,100805,85
5329008,100824,85
5329008,100868,85
5329008,100918,85
5329008,100920,85
5329008,100932,85
5329008,100969,60
5329008,100994,85
5329008,101005,85
5329008,101018,60
5329008,101050,85
5329008,101149,60
5329008,101172,85
5329008,101175,60
5329008,101233,85
5329008,101236,85
5329008,101288,60
5329008,101307,60
5329008,101311,85
5329008,101325,85
5329008,101341,85
5329008,101377,35
5329008,101438,60
5329008,101460,85
5329008,101504,60
5329008,101517,85
5329008,101540,60
5329008,101644,85
5329008,101840,85
5329008,101886,85
5329008,102047,85
5329008,102246,35
5329008,102338,60
5329008,102745,85
5329008,102804,85
5329008,102854,60
5329008,102895,85
5329008,103034,60
5329008,103036,85
5329008,103207,85
5329008,103232,60
5329008,103252,85
5329008,103287,85
5329008,103556,85
5329008,103617,85
5329008,103854,60
5329008,104149,85
5329008,104203,85
5329008,104677,85
5329008,105169,85
5329008,105175,85
5329008,105398,85
5329008,105435,85
5329008,105589,85
5329008,105592,85
5329008,105649,85
5329008,105700,85
5329008,105778,85
5329008,105821,85
5329008,105850,85
5329008,106250,85
5329008,106671,85
5329008,107140,85
5329008,107310,85
5329008,107392,85
5329008,107429,60
5329008,107598,60
5329008,107616,85
5329008,107658,85
5329008,107683,85
5329008,107711,60
5329008,107958,85
5329008,108126,60
5329008,108127,85
5329008,108281,85
5329008,108404,85
5329008,108429,60
5329008,108588,85
5329008,108741,60
5329008,108912,85
5329008,108959,35
5329008,108974,85
5329008,108975,60
5329008,108976,85
5329008,109132,60
5329008,109160,85
5329008,109164,60
5329008,109177,85
5329008,109197,85
5329008,109263,60
5329008,109384,85
5329008,109501,85
5329008,109511,85
5329008,109549,85
5329008,109579,60
5329008,109602,85
5329008,109791,85
5329008,109804,85
5329008,109921,85
5329008,110040,85
5329008,110084,85
5329008,110138,85
5329008,110191,85
5329008,110468,85
5329008,110540,85
5329008,110616,85
5329008,110676,85
5329008,110690,85
5329008,110791,60
5329008,110812,85
5329008,110933,60
5329008,110961,85
5329008,111212,85
5329008,111332,85
5329008,111406,85
5329008,111407,60
5329008,111413,85
5329008,111415,85
5329008,111493,85
5329008,111581,85
5329008,111583,85
5329008,111743,85
5329008,112061,85
5329008,112066,60
5329008,112263,60
5329008,112267,35
5329008,112317,85
5329008,112475,85
5329008,112485,60
5329008,112613,60
5329008,112828,60
5329008,112944,85
5329008,113029,35
5329008,113191,85
5329008,113229,60
5329008,113252,60
5329008,113352,85
5329008,113424,85
5329008,113921,85
5329008,113975,35
5329008,114155,35
5329008,114329,85
5329008,114551,60
5329008,114580,60
5329008,114603,85
5329008,114741,60
5329008,114833,85
5329008,114849,85
5329008,114885,60
5329008,114903,85
5329008,114960,85
5329008,115058,85
5329008,115391,85
5329008,115531,85
5329008,115608,85
5329008,115729,85
5329008,116506,85
5329008,116562,85
5329008,116762,85
5329008,116942,85
5329008,116981,85
5329008,117090,60
5329008,117213,85
5329008,117247,85
5329008,117324,85
5329008,117436,60
5329008,117744,85
5329008,117788,85
5329008,117877,85
5329008,117953,85
5329008,117998,60
5329008,118070,60
5329008,118121,60
5329008,118275,85
5329008,118276,85
5329008,118514,85
5329008,118772,85
5329008,119378,85
5329008,119419,60
5329008,119655,60
5329008,119745,85
5329008,119830,85
5329008,119877,85
5329008,119967,85
5329008,120092,35
5329008,120171,85
5329008,120526,60
5329008,120760,85
5329008,120879,85
5329008,121000,85
5329008,121001,85
5329008,121018,85
5329008,121320,85
5329008,121364,85
5329008,121378,85
5329008,121473,85
5329008,121747,60
5329008,121939,60
5329008,122289,85
5329008,122297,60
5329008,122404,60
5329008,122407,60
5329008,122581,85
5329008,122837,85
5329008,122902,60
5329008,122909,85
5329008,123090,35
5329008,123108,85
5329008,123305,85
5329008,123321,85
5329008,123459,60
5329008,123554,85
5329008,123565,85
5329008,123573,85
5329008,123739,85
5329008,123748,85
5329008,123796,85
5329008,123900,85
5329008,123902,85
5329008,124006,85
5329008,124098,85
5329008,124273,35
5329008,124448,85
5329008,124552,85
5329008,124599,85
5329008,124613,85
5329008,124619,85
5329008,124639,85
5329008,124841,85
5329008,124848,85
5329008,124957,85
5329008,125009,85
5329008,125078,85
5329008,125116,35
5329008,125167,85
5329008,125209,85
5329008,125622,60
5329008,125648,85
5329008,125787,85
5329008,125789,85
5329008,126107,85
5329008,126247,60
5329008,126298,85
5329008,126443,85
5329008,126702,60
5329008,126769,85
5329008,126801,60
5329008,126836,85
5329008,126987,85
5329008,127083,85
5329008,127108,35
5329008,127191,85
5329008,127260,85
5329008,127276,85
5329008,127395,85
5329008,127424,85
5329008,127440,85
5329008,127548,60
5329008,127594,85
5329008,127674,85
5329008,127886,85
5329008,127922,85
5329008,128230,85
5329008,128393,85
5329008,128475,85
5329008,128519,85
5329008,128529,85
5329008,128592,60
5329008,128596,85
5329008,128661,85
5329008,128830,85
5329008,128942,60
5329008,129384,85
5329008,129407,85
5329008,129484,85
5329008,129605,85
5329008,129606,60
5329008,129774,85
5329008,129776,85
5329008,129781,60
5329008,129792,85
5329008,129900,85
5329008,130010,85
5329008,130103,60
5329008,130147,85
5329008,130158,85
5329008,130422,85
5329008,130486,85
5329008,130532,85
5329008,130606,85
5329008,130644,60
5329008,130664,85
5329008,130665,85
5329008,130924,35
5329008,131093,85
5329008,131526,60
5329008,131632,85
5329008,131640,60
5329008,131651,85
5329008,131898,85
5329008,131946,60
5329008,131988,35
5329008,132004,60
5329008,132023,85
5329008,132078,85
5329008,132087,60
5329008,132120,60
5329008,132165,60
5329008,132403,85
5329008,132443,85
5329008,132553,85
5329008,132623,85
5329008,132650,85
5329008,132686,85
5329008,132954,85
5329008,133030,85
5329008,133064,85
5329008,133268,85
5329008,133443,85
5329008,133476,60
5329008,133801,85
5329008,133972,85
5329008,134091,85
5329008,134132,85
5329008,134189,85
5329008,134235,85
5329008,134367,85
5329008,134406,85
5329008,134776,60
5329008,135018,85
5329008,135021,60
5329008,135074,85
5329008,135116,85
5329008,135387,85
5329008,135547,85
5329008,135783,35
5329008,135816,85
5329008,135824,60
5329008,135958,85
5329008,136325,85
5329008,136858,60
5329008,136960,85
5329008,137064,85
5329008,137258,35
5329008,137262,60
5329008,137299,60
5329008,137354,85
5329008,137420,85
5329008,137515,85
5329008,137548,85
5329008,137646,85
5329008,137957,35
5329008,138051,85
5329008,138163,35
5329008,138191,85
5329008,138387,60
5329008,138423,85
5329008,138574,85
5329008,138603,85
5329008,138765,85
5329008,138811,35
5329008,139073,85
5329008,139227,60
5329008,139333,85
5329008,139463,85
5329008,139537,85
5329008,139552,85
5329008,139605,85
5329008,139639,85
5329008,139872,85
5329008,140205,85
5329008,140564,35
5329008,140767,60
5329008,140951,85
5329008,141144,60
5329008,141148,85
5329008,141171,60
5329008,141354,35
5329008,141488,60
5329008,141520,60
5329008,141663,60
5329008,141784,85
5329008,141790,60
5329008,141958,85
5329008,142141,85
5329008,142413,85
5329008,142416,85
5329008,142623,85
5329008,142746,60
5329008,142913,60
5329008,143141,85
5329008,143268,85
5329008,143403,35
5329008,143623,60
5329008,143637,85
5329008,143817,85
5329008,143927,85
5329008,143976,85
5329008,144049,60
5329008,144208,85
5329008,144209,85
5329008,144245,35
5329008,144333,85
5329008,144335,85
5329008,144483,85
5329008,144484,85
5329008,144542,85
5329008,144574,60
5329008,144651,60
5329008,144927,85
5329008,144931,85
5329008,145107,85
5329008,145169,85
5329008,145342,85
5329008,145344,85
5329008,145380,60
5329008,145390,85
5329008,145395,60
5329008,145473,85
5329008,145671,60
5329008,145710,35
5329008,145741,60
5329008,145785,85
5329008,145875,85
5329008,146255,85
5329008,146642,60
5329008,146757,85
5329008,146998,85
5329008,146999,85
5329008,147093,60
5329008,147158,85
5329008,147336,35
5329008,147413,85
5329008,147456,85
5329008,147498,85
5329008,147515,85
5329008,147521,85
5329008,147730,85
5329008,147767,85
5329008,147852,85
5329008,148195,85
5329008,148207,60
5329008,148713,85
5329008,148739,85
5329008,149898,85
5329008,150159,85
5329008,150162,85
5329008,150572,85
5329008,151007,85
5329008,151033,85
5329008,151457,85
5329008,152036,60
5329008,152464,60
5329008,152618,60
5329008,152760,85
5329008,152841,85
5329008,153154,85
5329008,153600,85
5329008,153726,85
5329008,153926,85
5329008,154144,60
5329008,154149,35
5329008,154355,85
5329008,154410,85
5329008,154420,35
5329008,154480,85
5329008,155100,60
5329008,155166,85
5329008,155224,85
5329008,155710,85
5329008,155743,85
5329008,156066,85
5329008,156493,85
5329008,156788,85
5329008,156829,85
5329008,157073,85
5329008,157080,85
5329008,157115,60
5329008,157248,85
5329008,157250,85
5329008,157254,85
5329008,157376,85
5329008,158395,60
5329008,158465,85
5329008,159300,85
5329008,159679,85
5329008,159709,85
5329008,159835,60
5329008,159930,60
5329008,159984,60
5329008,160458,85
5329008,160470,85
5329008,160480,85
5329008,160503,60
5329008,160518,85
5329008,160766,35
5329008,160846,60
5329008,161448,35
5329008,161548,60
5329008,161557,85
5329008,161654,85
5329008,161904,35
5329008,162036,85
5329008,162101,35
5329008,162420,60
5329008,162622,60
5329008,162781,85
5329008,162920,60
5329008,162935,85
5329008,163075,60
5329008,163461,85
5329008,163486,85
5329008,163817,85
5329008,163819,35
5329008,164706,85
5329008,164969,85
5329008,165674,85
5329008,165743,35
5329008,165928,85
5329008,166385,35
5329008,166615,60
5329008,166619,85
5329008,167372,85
5329008,167582,85
5329008,167669,60
5329008,168264,85
5329008,168422,85
5329008,168508,85
5329008,168724,85
5329008,168935,85
5329008,168984,85
5329008,169083,60
5329008,169263,60
5329008,169704,85
5329008,170039,60
5329008,170422,85
5329008,170680,60
5329008,170871,85
5329008,171424,85
5329008,172041,60
5329008,172072,85
5329008,172792,85
5329008,172904,85
5329008,173281,60
5329008,174154,85
5329008,174237,85
5329008,174294,60
5329008,174604,85
5329008,174696,85
5329008,174714,85
5329008,175775,85
5329008,175965,85
5329008,176251,85
5329008,176531,85
5329008,177032,85
5329008,177070,85
5329008,177510,85
5329008,177539,85
5329008,177606,85
5329008,177638,85
5329008,177649,85
5329008,177661,85
5329008,177662,35
5329008,177791,85
5329008,178198,85
5329008,178820,85
5329008,179185,60
5329008,179400,35
5329008,180096,60
5329008,180190,35
5329008,180313,60
5329008,180550,85
5329008,180960,85
5329008,180964,85
5329008,180996,60
5329008,181026,85
5329008,181287,85
5329008,181313,85
5329008,182185,85
5329008,182685,60
5329008,182845,85
5329008,182852,35
5329008,183298,85
5329008,183523,85
5329008,183639,85
5329008,184348,60
5329008,184885,85
5329008,186115,85
5329008,186415,85
5329008,186553,60
5329008,186868,60
5329008,186880,85
5329008,186961,60
5329008,186970,85
5329008,187117,35
5329008,187569,85
5329008,187741,35
5329008,187743,60
5329008,188420,85
5329008,188602,85
5329008,189246,60
5329008,189455,60
5329008,189790,85
5329008,189830,85
5329008,189884,85
5329008,189908,35
5329008,190811,85
5329008,190913,60
5329008,190933,85
5329008,191071,85
5329008,191632,60
5329008,191732,85
5329008,192560,85
5329008,193020,85
5329008,193021,60
5329008,193162,85
5329008,193677,85
5329008,194304,60
5329008,194882,60
5329008,195249,85
5329008,195530,85
5329008,196176,85
5329008,196183,85
5329008,196321,85
5329008,196918,60
5329008,198058,85
5329008,198209,85
5329008,198284,60
5329008,198330,35
5329008,198735,85
5329008,199130,60
5329008,199646,85
5329008,199914,60
5329008,201034,60
5329008,201166,85
5329008,202192,85
5329008,203940,85
5329008,204017,85
5329008,205123,85
5329008,205473,60
6695481,44790,90
6695481,85173,85
6695481,85847,80
6695481,87216,80
6695481,98055,60
6695481,100805,80
6695481,101517,65
6695481,105778,70
6695481,117877,75
6695481,120440,85
6695481,121364,80
6695481,124443,80
6695481,125828,5
6695481,126399,80
6695481,127395,75
6695481,128170,80
6695481,128998,85
6695481,129384,80
6695481,129774,90
6695481,130665,75
6695481,135822,100
6695481,143003,70
6695481,143268,80
6695481,144006,100
6695481,144333,65
6695481,144341,95
6695481,145551,80
6695481,146139,85
6695481,146656,90
6695481,148516,80
6695481,149756,90
6695481,159685,75
6695481,161560,85
6695481,163402,75
6695481,165674,90
6695481,166359,70
6695481,168264,90
6695481,170784,80
6695481,175005,65
6695481,178058,75
8113172,69883,90
8113172,85486,60
8113172,85911,60
8113172,97553,60
8113172,98397,70
8113172,100994,80
8113172,101517,80
8113172,105469,80
8113172,105778,70
8113172,108196,70
8113172,114791,70
8113172,117195,80
8113172,120760,70
8113172,156656,60
8113172,160880,70
8113172,169100,50
8113172,170141,70
8113172,172904,60
8113172,174358,60
8113172,174545,50
8113172,174546,60
8113172,175386,80
8113172,175426,60
8113172,175486,60
8113172,176152,50
8113172,176526,60
8113172,176834,60
8113172,177453,60
8113172,178070,60
8113172,180453,50
8113172,180539,50
8113172,181289,75
8113172,182704,50
8113172,182911,60
8113172,185081,50
8113172,194190,70
8113172,195273,40
8113172,198372,70
8113172,206011,10
6591239,30756,80
6591239,30868,80
6591239,30923,45
6591239,30929,80
6591239,40750,50
6591239,43801,80
6591239,46285,70
6591239,72001,90
6591239,85748,80
6591239,86399,90
6591239,86559,90
6591239,86648,80
6591239,87466,80
6591239,98262,90
6591239,105398,90
6591239,107521,80
6591239,112326,90
6591239,119257,90
6591239,124522,80
6591239,129758,80
6591239,132029,90
6591239,132144,90
6591239,140407,90
6591239,144866,100
170717,30002,85
170717,30011,64
170717,30025,90
170717,30042,85
170717,30401,73
170717,30642,85
170717,30660,70
170717,30729,95
170717,30872,74
170717,30908,77
170717,31133,83
170717,31149,75
170717,31517,70
170717,31630,74
170717,33006,86
170717,33468,52
170717,41514,90
170717,53390,70
170717,55057,77
170717,57231,72
170717,61185,80
170717,66413,85
170717,78347,85
170717,85135,87
170717,107521,80
5516037,30001,100
5516037,30011,90
5516037,30012,100
5516037,30013,100
5516037,30021,90
5516037,30026,100
5516037,30051,100
5516037,30436,60
5516037,30564,100
5516037,30583,80
5516037,30598,70
5516037,30642,90
5516037,30656,100
5516037,30664,90
5516037,30698,80
5516037,30872,70
5516037,30908,100
5516037,30912,50
5516037,30936,80
5516037,31303,100
5516037,31517,60
5516037,31630,60
5516037,31706,100
5516037,33006,85
5516037,33008,80
5516037,33009,80
5516037,33282,40
5516037,34632,90
5516037,37375,90
5516037,38848,50
5516037,38967,70
5516037,41734,60
5516037,46765,100
5516037,47465,90
5516037,53390,90
5516037,55515,80
5516037,61853,70
5516037,63327,90
5516037,65243,100
5516037,66903,90
5516037,72451,80
5516037,74155,60
5516037,74347,90
5516037,74485,70
5516037,74489,90
5516037,75757,60
5516037,79865,90
5516037,80145,70
5516037,80217,60
5516037,85135,100
5516037,85141,80
5516037,85143,100
5516037,85412,65
5516037,85486,70
5516037,85522,70
5516037,85564,60
5516037,85611,100
5516037,85911,70
5516037,86099,100
5516037,86123,80
5516037,86265,60
5516037,86279,90
5516037,86310,90
5516037,86399,80
5516037,86568,90
5516037,86635,100
5516037,86637,50
5516037,86707,70
5516037,86717,50
5516037,86770,80
5516037,86848,90
5516037,86964,85
5516037,87170,80
5516037,87178,80
5516037,87216,70
5516037,87459,60
5516037,91260,60
5516037,97337,60
5516037,97553,75
5516037,97830,70
5516037,97852,80
5516037,98328,60
5516037,98416,70
5516037,99324,80
5516037,99609,80
5516037,99943,70
5516037,100230,90
5516037,100293,70
5516037,100568,90
5516037,100664,30
5516037,100807,70
5516037,100991,90
5516037,100994,90
5516037,101233,70
5516037,101517,80
5516037,101583,80
5516037,102988,1
5516037,103082,1
5516037,103252,70
5516037,104494,90
5516037,105393,75
5516037,105398,80
5516037,105429,90
5516037,105469,90
5516037,105778,90
5516037,106064,70
5516037,106130,80
5516037,106758,80
5516037,106929,90
5516037,107098,70
5516037,107237,70
5516037,107279,70
5516037,107282,70
5516037,107327,60
5516037,108556,95
5516037,108817,50
5516037,109957,80
5516037,110218,70
5516037,110462,70
5516037,110605,90
5516037,111233,90
5516037,112326,40
5516037,112579,60
5516037,112981,80
5516037,113076,70
5516037,113485,90
5516037,113501,70
5516037,113607,60
5516037,113666,80
5516037,114553,50
5516037,114960,60
5516037,116186,50
5516037,116353,95
5516037,116382,80
5516037,116827,20
5516037,117195,90
5516037,117460,70
5516037,117802,80
5516037,118424,75
5516037,118586,100
5516037,118991,50
5516037,119174,80
5516037,119257,100
5516037,119363,100
5516037,119521,90
5516037,120760,90
5516037,120980,80
5516037,122063,100
5516037,122706,60
5516037,123164,70
5516037,123573,90
5516037,125636,80
5516037,126297,75
5516037,127819,60
5516037,127993,90
5516037,128067,95
5516037,129574,100
5516037,130346,70
5516037,130511,70
5516037,130566,70
5516037,130870,90
5516037,132029,70
5516037,132093,90
5516037,132144,90
5516037,135318,60
5516037,136220,90
5516037,136331,80
5516037,137280,90
5516037,137595,75
5516037,137714,70
5516037,138222,90
5516037,138366,60
5516037,139572,60
5516037,139741,90
5516037,140065,60
5516037,140407,100
5516037,140475,100
5516037,141479,75
5516037,142287,70
5516037,143117,70
5516037,144079,60
5516037,144946,90
5516037,144957,80
5516037,145966,80
5516037,146017,70
5516037,149332,100
5516037,150836,100
5516037,151025,70
5516037,151460,80
5516037,151512,80
5516037,152128,90
5516037,153284,70
5516037,153432,90
5516037,153880,70
5516037,153987,70
5516037,153994,60
5516037,154258,80
5516037,155618,70
5516037,156193,80
5516037,156558,80
5516037,158448,90
5516037,159385,60
5516037,159438,80
5516037,159439,70
5516037,159441,90
5516037,159930,90
5516037,160001,70
5516037,160693,80
5516037,160750,90
5516037,160890,80
5516037,160980,70
5516037,162190,80
5516037,162199,90
5516037,163824,90
5516037,164222,70
5516037,164857,80
5516037,165182,80
5516037,165287,80
5516037,166635,80
5516037,167649,70
5516037,167834,80
5516037,168337,90
5516037,168468,80
5516037,168823,70
5516037,169355,70
5516037,170400,95
5516037,170688,90
5516037,170894,70
5516037,171810,10
5516037,171818,80
5516037,172619,100
5516037,173020,80
5516037,173186,70
5516037,177706,70
5516037,177982,70
5516037,178379,100
5516037,179445,85
5516037,179963,70
5516037,180752,90
5516037,180891,60
5516037,181511,60
5516037,181714,70
5516037,182516,70
5516037,183698,80
5516037,184653,70
5516037,185978,60
5516037,185979,70
5516037,187427,80
5516037,198372,80
5516037,201009,80
5516037,202549,80
5516037,208208,60
5516037,209644,60
5516037,210001,60
5516037,210074,70
5516037,211365,60
223122,30001,90
223122,30011,90
223122,30012,80
223122,30014,70
223122,30025,90
223122,30043,70
223122,30047,80
223122,30327,80
223122,30598,80
223122,30653,70
223122,30669,70
223122,30671,70
223122,30696,90
223122,30705,80
223122,30988,80
223122,33438,80
223122,33986,80
223122,37519,90
223122,37887,80
223122,40010,80
223122,40552,90
223122,42586,70
223122,43001,70
223122,44790,80
223122,51614,80
223122,52519,80
223122,55132,70
223122,55679,80
223122,61499,80
223122,63327,80
223122,65003,80
223122,66413,90
223122,68071,90
223122,69325,90
223122,69883,80
223122,73967,80
223122,74347,100
223122,81855,70
223122,81857,80
223122,85135,80
223122,85189,80
223122,85215,100
223122,85412,70
223122,85489,70
223122,85736,100
223122,85814,100
223122,85887,70
223122,86171,80
223122,86368,70
223122,86383,70
223122,86551,100
223122,87164,90
223122,87170,60
223122,87395,100
223122,87459,100
223122,93780,70
223122,100230,80
223122,100467,50
434183,30011,60
434183,30016,20
434183,30024,40
434183,30025,90
434183,30026,80
434183,30029,70
434183,30070,30
434183,30338,60
434183,30406,60
434183,30429,70
434183,30448,20
434183,30554,55
434183,30556,60
434183,30583,80
434183,30674,60
434183,30705,60
434183,30772,75
434183,30782,40
434183,30852,50
434183,30908,70
434183,30912,65
434183,30964,60
434183,31047,70
434183,31061,60
434183,31258,30
434183,31262,35
434183,31263,75
434183,31264,50
434183,31265,60
434183,31299,70
434183,31350,60
434183,31702,60
434183,31706,50
434183,32939,70
434183,33009,40
434183,33031,100
434183,33446,40
434183,33749,60
434183,33986,70
434183,35000,60
434183,35115,50
434183,35273,70
434183,35427,65
434183,39547,70
434183,39548,70
434183,39711,10
434183,39738,75
434183,40010,80
434183,40548,60
434183,40600,70
434183,42123,30
434183,42292,60
434183,42757,30
434183,43492,60
434183,44770,50
434183,46081,70
434183,46144,80
434183,46159,50
434183,46692,65
434183,47018,70
434183,47910,70
434183,50283,50
434183,51111,50
434183,51498,80
434183,51499,70
434183,51525,70
434183,53614,60
434183,53900,70
434183,54295,30
434183,54457,70
434183,54801,75
434183,55191,90
434183,55204,65
434183,55916,70
434183,56292,30
434183,60139,60
434183,60381,40
434183,61499,30
434183,62425,30
434183,63223,80
434183,63327,60
434183,64053,100
434183,67999,50
434183,68105,70
434183,69325,70
434183,71681,60
434183,71957,70
434183,72707,50
434183,74319,90
434183,74485,30
434183,75996,70
434183,76954,70
434183,77198,75
434183,77551,50
434183,78441,80
434183,79265,30
434183,85135,80
434183,85247,30
434183,85435,50
434183,85506,40
434183,85736,40
434183,85922,70
434183,86082,100
434183,86452,60
434183,86532,50
434183,86549,70
434183,86718,60
434183,86770,60
434183,86788,60
434183,86896,20
434183,86904,85
434183,87208,80
434183,87363,50
434183,87459,80
434183,88233,55
434183,89217,60
434183,90391,55
434183,90393,70
434183,91113,55
434183,93003,70
434183,93006,80
434183,95358,60
434183,95409,60
434183,97671,50
434183,97852,50
434183,98007,60
434183,98175,50
434183,98789,30
434183,99140,75
434183,99891,50
434183,99965,35
434183,100239,50
434183,100284,55
434183,100365,70
434183,101517,75
434183,101563,70
434183,101646,70
434183,102043,70
434183,102844,60
434183,103029,60
434183,103146,50
434183,104614,60
434183,104878,80
434183,105111,80
434183,105469,70
434183,105778,70
434183,106232,70
434183,107279,40
434183,109535,50
434183,110288,50
434183,110539,70
434183,111085,60
434183,111970,70
434183,112579,80
434183,114003,80
434183,116166,70
434183,118165,75
434183,118250,70
434183,121146,60
434183,121166,70
434183,121771,70
434183,126064,75
434183,129502,70
434183,131338,100
434183,133075,70
434183,133859,50
434183,134406,70
434183,140109,70
434183,142961,40
434183,145612,65
434183,147535,70
434183,150070,75
434183,169531,70
434183,170350,60
7185067,105398,100
7185067,119257,100
7185067,119276,100
7185067,124577,100
7185067,126297,100
7185067,126733,100
7185067,129632,100
7185067,137280,100
7185067,139572,100
7185067,141958,100
7185067,144957,100
7185067,146017,100
7185067,147102,100
7185067,151025,100
7185067,152608,100
7185067,155950,100
7185067,155967,100
7185067,159121,100
7185067,159439,100
7185067,159441,100
7185067,163820,100
7185067,167372,100
7185067,170163,100
7185067,170724,100
7185067,170894,80
7185067,172583,100
7185067,172703,90
7185067,173384,100
7185067,177012,100
7185067,185383,80
7185067,191101,80
7185067,193816,80
919122,30463,60
919122,30745,90
919122,30838,90
919122,31101,70
919122,31345,100
919122,31517,80
919122,31926,100
919122,33575,90
919122,35806,70
919122,36248,90
919122,40010,100
919122,42586,90
919122,44154,100
919122,44357,80
919122,48597,100
919122,50593,90
919122,51860,100
919122,54561,80
919122,56769,100
919122,56857,70
919122,58091,20
919122,61185,90
919122,62081,80
919122,66723,100
919122,66933,90
919122,68071,90
919122,71723,40
919122,73967,70
919122,77487,20
919122,79017,80
919122,80767,100
919122,85138,100
919122,85215,60
919122,85290,70
919122,85343,70
919122,85407,70
919122,85467,40
919122,85533,100
919122,85567,80
919122,85671,40
919122,85915,75
919122,86279,100
919122,86297,70
919122,86399,80
919122,86462,60
919122,86647,60
919122,86681,70
919122,86719,80
919122,86720,90
919122,86737,100
919122,86850,70
919122,86898,90
919122,86952,90
919122,87216,80
919122,87315,90
919122,87375,80
919122,87409,100
919122,87423,70
919122,87468,90
919122,87471,100
919122,95434,70
919122,95813,70
919122,96737,60
919122,96767,60
919122,97371,70
919122,97396,80
919122,97553,90
919122,97701,70
919122,97770,90
919122,97836,70
919122,97852,90
919122,97923,100
919122,97999,60
919122,98068,80
919122,98171,80
919122,98204,70
919122,98226,90
919122,98334,40
919122,98382,60
919122,98608,80
919122,98625,100
919122,98686,90
919122,98801,60
919122,98808,80
919122,99024,70
919122,99300,80
919122,99340,40
919122,99365,100
919122,99465,60
919122,99549,100
919122,99769,80
919122,99771,80
919122,99851,70
919122,99931,60
919122,99943,60
919122,100254,30
919122,100293,90
919122,100309,80
919122,100319,60
919122,100497,80
919122,100554,80
919122,100557,70
919122,100568,90
919122,100664,90
919122,100809,75
919122,100937,70
919122,100954,100
919122,100962,70
919122,101073,80
919122,101144,80
919122,101242,70
919122,101434,80
919122,101449,70
919122,101515,60
919122,101557,100
919122,101583,100
919122,101604,60
919122,101625,60
919122,101626,60
919122,101642,80
919122,101679,70
919122,101724,90
919122,101746,60
919122,101793,60
919122,101864,80
919122,101867,90
919122,102150,70
919122,102189,80
919122,102205,40
919122,102738,80
919122,102988,80
919122,102989,80
919122,103046,80
919122,103058,70
919122,103084,70
919122,103111,100
919122,103156,90
919122,103203,90
919122,103204,80
919122,103205,80
919122,103214,100
919122,103238,50
919122,103294,80
919122,103609,80
919122,103613,90
919122,103866,90
919122,104033,70
919122,104209,90
919122,104271,80
919122,104494,90
919122,104539,100
919122,104608,80
919122,104685,60
919122,104689,90
919122,104730,80
919122,104757,90
919122,104884,60
919122,105097,100
919122,105125,60
919122,105140,70
919122,105304,70
919122,105332,90
919122,105398,70
919122,105484,50
919122,105577,90
919122,105641,85
919122,105717,40
919122,105748,70
919122,105778,60
919122,106058,80
919122,106144,90
919122,106233,90
919122,106434,70
919122,106660,90
919122,106688,80
919122,106706,70
919122,106757,70
919122,106760,70
919122,106820,70
919122,106831,80
919122,107053,30
919122,107120,80
919122,107282,100
919122,107285,60
919122,107305,70
919122,107445,100
919122,107485,70
919122,107518,70
919122,107540,60
919122,107603,60
919122,107611,80
919122,107729,80
919122,107780,80
919122,107887,70
919122,108050,70
919122,108164,60
919122,108257,60
919122,108324,60
919122,108379,90
919122,108768,70
919122,108834,80
919122,109111,70
919122,109235,80
919122,109285,50
919122,109402,60
919122,109494,60
919122,109605,40
919122,109705,70
919122,109849,70
919122,109901,80
919122,109957,70
919122,110042,70
919122,110060,75
919122,110075,70
919122,110140,90
919122,110418,70
919122,110462,80
919122,110473,80
919122,110512,60
919122,110515,90
919122,110742,70
919122,110750,60
919122,110760,100
919122,110763,80
919122,110769,60
919122,110806,60
919122,110872,70
919122,110926,50
919122,110964,70
919122,110989,70
919122,111233,90
919122,111297,80
919122,111366,60
919122,111370,80
919122,111381,70
919122,111404,70
919122,111423,70
919122,111577,80
919122,111624,70
919122,111764,90
919122,112114,40
919122,112116,80
919122,112197,90
919122,112269,70
919122,112304,70
919122,112342,90
919122,112429,80
919122,112481,60
919122,112956,70
919122,112981,90
919122,113071,80
919122,113340,90
919122,113629,70
919122,113634,90
919122,113647,90
919122,113801,80
919122,113802,40
919122,113892,60
919122,113998,60
919122,114164,90
919122,114198,60
919122,114388,90
919122,114403,80
919122,114415,70
919122,114568,70
919122,114605,80
919122,114627,60
919122,114645,70
919122,114662,85
919122,114830,70
919122,114913,90
919122,114960,80
919122,115102,40
919122,115149,80
919122,115150,70
919122,115209,40
919122,115356,85
919122,115357,60
919122,115411,50
919122,115735,90
919122,115897,60
919122,115937,70
919122,115939,70
919122,115969,60
919122,116077,70
919122,116177,70
919122,116333,90
919122,116401,70
919122,116411,80
919122,116506,70
919122,116551,70
919122,116640,60
919122,116662,70
919122,116671,40
919122,116976,80
919122,117207,80
919122,117342,90
919122,117540,70
919122,117629,90
919122,117663,90
919122,117728,40
919122,117785,90
919122,118084,70
919122,118172,80
919122,118194,70
919122,118270,50
919122,118585,60
919122,118606,80
919122,118608,60
919122,118647,80
919122,118655,50
919122,118683,80
919122,118751,60
919122,118918,40
919122,118930,80
919122,118959,60
919122,118968,70
919122,118993,70
919122,119238,80
919122,119257,90
919122,119267,80
919122,119397,80
919122,119497,80
919122,119507,70
919122,119521,70
919122,119523,70
919122,119618,75
919122,119701,80
919122,120285,90
919122,120385,80
919122,120808,70
919122,120963,60
919122,120980,90
919122,121276,80
919122,121426,80
919122,121443,80
919122,121753,80
919122,121762,70
919122,121971,60
919122,122060,90
919122,122069,70
919122,122123,100
919122,122270,80
919122,122337,70
919122,122360,50
919122,122362,80
919122,122604,50
919122,122634,90
919122,122651,90
919122,122663,60
919122,122706,90
919122,122710,70
919122,122948,60
919122,122970,80
919122,123004,70
919122,123067,70
919122,123089,60
919122,123111,70
919122,123164,60
919122,123181,90
919122,123261,70
919122,123286,60
919122,123372,80
919122,123463,50
919122,123544,70
919122,123573,90
919122,123582,70
919122,123625,80
919122,123747,70
919122,123920,90
919122,124219,85
919122,124242,80
919122,124427,70
919122,124524,65
919122,124535,80
919122,124577,70
919122,124586,70
919122,124832,90
919122,124846,70
919122,124853,100
919122,125316,80
919122,125342,70
919122,125353,80
919122,125512,70
919122,125619,70
919122,125624,80
919122,125626,80
919122,125726,90
919122,125999,70
919122,126078,70
919122,126148,70
919122,126298,70
919122,126302,80
919122,126361,100
919122,126634,80
919122,126755,90
919122,126922,80
919122,127029,80
919122,127064,100
919122,127079,100
919122,127169,70
919122,127224,70
919122,127307,90
919122,127683,70
919122,127755,70
919122,127778,80
919122,127893,40
919122,127927,70
919122,128067,90
919122,128165,70
919122,128273,80
919122,128305,80
919122,128343,80
919122,128413,30
919122,128521,80
919122,128896,70
919122,128963,70
919122,129022,80
919122,129023,70
919122,129039,80
919122,129632,70
919122,129876,50
919122,129882,80
919122,130048,80
919122,130566,50
919122,130717,30
919122,130868,90
919122,130913,40
919122,130942,70
919122,130971,80
919122,131140,90
919122,131238,80
919122,131395,60
919122,131401,80
919122,131462,40
919122,132144,80
919122,132182,40
919122,132510,70
919122,132657,80
919122,132854,70
919122,132982,80
919122,133436,50
919122,133467,80
919122,133578,70
919122,133681,60
919122,133837,90
919122,134141,80
919122,134166,60
919122,134369,50
919122,134635,90
919122,134954,80
919122,135015,90
919122,135206,70
919122,135317,70
919122,135325,80
919122,135369,70
919122,135378,90
919122,135390,75
919122,135531,60
919122,136026,70
919122,136158,70
919122,136220,70
919122,136305,70
919122,136331,80
919122,136346,70
919122,136499,80
919122,136510,80
919122,137023,75
919122,137280,70
919122,137304,60
919122,137429,70
919122,137434,70
919122,137518,70
919122,137520,70
919122,137987,90
919122,138123,80
919122,138222,70
919122,138347,80
919122,138373,80
919122,138436,70
919122,138443,50
919122,138553,70
919122,138594,70
919122,138598,50
919122,138648,60
919122,138719,80
919122,138830,80
919122,138863,60
919122,138917,70
919122,139031,60
919122,139194,70
919122,139465,90
919122,139600,75
919122,139604,70
919122,139841,90
919122,139966,60
919122,140159,60
919122,140407,90
919122,140427,80
919122,140475,80
919122,140527,70
919122,140961,80
919122,141007,80
919122,141479,40
919122,141581,90
919122,141954,70
919122,141958,70
919122,142021,60
919122,142103,50
919122,142165,80
919122,142403,70
919122,142568,70
919122,142603,60
919122,142980,90
919122,143025,90
919122,143031,90
919122,143265,90
919122,143516,50
919122,143936,80
919122,144201,70
919122,144293,50
919122,144374,40
919122,144629,70
919122,144861,70
919122,144957,70
919122,145134,80
919122,145143,70
919122,145365,60
919122,145369,80
919122,145528,70
919122,145572,85
919122,145675,80
919122,145827,70
919122,146064,70
919122,146139,80
919122,146168,90
919122,146532,70
919122,147102,60
919122,147149,90
919122,147255,90
919122,147277,70
919122,147583,80
919122,147636,80
919122,147685,50
919122,147879,50
919122,148026,70
919122,148054,90
919122,148138,60
919122,148278,70
919122,148305,90
919122,148499,40
919122,148533,30
919122,148674,90
919122,149291,90
919122,149337,90
919122,149342,50
919122,149497,90
919122,149544,60
919122,149640,30
919122,149666,70
919122,149690,90
919122,149747,50
919122,150131,70
919122,150170,70
919122,150193,80
919122,150378,70
919122,150440,60
919122,150463,60
919122,150498,80
919122,150520,70
919122,150684,70
919122,150836,80
919122,150850,20
919122,150890,90
919122,150907,40
919122,151212,70
919122,151512,80
919122,151532,80
919122,151669,70
919122,151693,90
919122,151865,50
919122,151925,70
919122,152283,40
919122,152298,90
919122,152483,90
919122,152855,70
919122,152891,80
919122,152914,50
919122,153101,80
919122,153513,70
919122,153542,80
919122,153816,50
919122,153904,60
919122,153994,60
919122,154058,60
919122,154234,70
919122,154342,40
919122,154474,80
919122,154705,80
919122,154909,20
919122,155490,70
919122,155936,70
919122,155950,90
919122,156303,80
919122,156477,80
919122,156621,50
919122,156780,50
919122,157065,80
919122,157277,70
919122,157681,70
919122,157751,80
919122,157893,75
919122,158424,70
919122,158432,80
919122,158457,70
919122,158459,70
919122,158628,60
919122,158653,70
919122,158733,70
919122,158972,40
919122,159098,70
919122,159112,30
919122,159126,70
919122,159187,60
919122,159302,50
919122,159308,60
919122,159364,80
919122,159378,80
919122,159470,70
919122,159488,80
919122,159549,60
919122,159658,90
919122,159870,20
919122,159930,80
919122,160172,80
919122,160462,20
919122,160465,76
919122,160486,60
919122,160717,80
919122,160718,80
919122,160750,90
919122,160919,80
919122,161120,70
919122,161167,60
919122,161177,50
919122,161389,60
919122,161707,80
919122,162045,80
919122,162093,70
919122,162109,70
919122,162115,40
919122,162123,70
919122,162149,70
919122,162150,60
919122,162151,80
919122,162385,30
919122,162447,70
919122,163216,80
919122,163290,80
919122,163342,60
919122,163447,80
919122,163465,90
919122,163536,50
919122,163547,90
919122,163629,70
919122,163733,70
919122,163844,40
919122,163851,50
919122,164076,40
919122,164102,80
919122,164163,70
919122,164301,70
919122,164306,80
919122,164356,60
919122,164519,80
919122,164586,80
919122,164599,80
919122,164605,80
919122,164678,70
919122,164770,40
919122,164971,70
919122,164973,70
919122,165065,90
919122,165085,80
919122,165133,70
919122,165307,90
919122,165422,90
919122,165464,80
919122,166117,70
919122,166367,70
919122,166481,80
919122,166482,80
919122,166485,80
919122,166486,80
919122,166488,80
919122,166490,80
919122,166554,90
919122,166603,70
919122,166648,60
919122,166649,70
919122,166650,70
919122,166655,70
919122,166830,90
919122,166962,70
919122,167324,90
919122,167604,70
919122,168000,80
919122,168106,60
919122,168162,80
919122,168346,90
919122,168383,80
919122,168533,90
919122,168615,80
919122,168629,70
919122,168643,70
919122,168653,80
919122,168726,70
919122,168744,80
919122,168924,40
919122,169152,60
919122,169392,80
919122,169393,70
919122,169548,70
919122,170050,80
919122,170144,80
919122,170575,90
919122,170818,40
919122,170901,75
919122,171022,70
919122,171151,70
919122,171335,80
919122,171719,70
919122,171917,70
919122,171950,70
919122,172111,50
919122,172383,50
919122,172623,50
919122,173235,70
919122,173518,70
919122,173532,90
919122,174175,30
919122,174176,90
919122,174578,80
919122,174621,60
919122,174798,70
919122,174857,90
919122,174932,80
919122,175247,80
919122,175800,80
919122,175946,60
919122,176501,70
919122,176548,80
919122,177134,80
919122,177483,30
919122,177532,70
919122,178121,70
919122,178165,80
919122,178494,60
919122,178693,70
919122,179006,80
919122,179585,60
919122,180031,10
919122,180125,70
919122,180130,80
919122,180217,70
919122,180392,80
919122,180396,70
919122,180414,30
919122,180454,60
919122,180541,40
919122,180761,40
919122,180780,80
919122,180807,60
919122,180921,90
919122,181021,80
919122,181022,80
919122,181407,85
919122,181545,10
919122,182704,80
919122,182952,80
919122,185707,80
919122,186512,70
919122,186788,70
919122,186898,40
919122,187023,70
919122,187189,90
919122,187309,70
919122,188906,70
919122,189356,80
919122,190497,70
919122,191630,50
919122,193090,70
919122,193908,60
919122,194024,10
919122,194075,80
919122,195548,20
919122,195696,70
919122,196258,70
919122,198039,70
919122,201772,70
919122,202368,80
919122,203670,60
919122,204275,60
919122,205571,70
919122,206373,50
919122,207023,90
919122,207735,40
919122,208452,80
919122,209027,70
919122,209628,80
919122,213264,70
5646073,30003,70
5646073,30401,90
5646073,30436,90
5646073,30642,100
5646073,30656,100
5646073,30743,40
5646073,31133,100
5646073,31534,60
5646073,34632,80
5646073,37375,80
5646073,44790,70
5646073,53390,100
5646073,63327,90
5646073,67755,100
5646073,69139,70
5646073,74347,100
5646073,79865,80
5646073,85199,80
5646073,85226,90
5646073,85611,90
5646073,86082,100
5646073,87170,80
5646073,87216,90
5646073,87423,70
5646073,101233,100
5646073,101517,70
5646073,102988,50
5646073,105398,100
5646073,105778,100
5646073,125828,100
663144,30909,90
663144,56479,78
663144,72451,18
663144,79017,53
663144,85616,85
663144,85617,87
663144,85734,97
663144,85850,100
663144,85899,78
663144,86360,89
663144,86364,63
663144,86549,100
663144,86819,70
663144,86820,100
663144,87098,50
663144,87208,99
663144,87347,100
663144,87390,65
663144,96246,41
663144,97724,11
663144,97897,78
663144,98168,52
663144,98334,100
663144,98397,100
663144,98620,89
663144,98848,78
663144,99022,100
663144,100052,75
663144,100159,82
663144,100758,100
663144,100805,98
663144,100885,34
663144,100954,85
663144,101517,84
663144,104677,95
663144,105398,80
663144,105469,96
663144,105778,100
663144,105862,72
663144,106033,60
663144,107237,100
663144,107658,78
663144,108965,72
663144,108974,100
663144,110262,71
663144,110671,60
663144,111621,85
663144,112066,70
663144,112378,55
663144,112885,45
663144,113289,92
663144,113350,81
663144,113551,52
663144,114551,90
663144,115326,83
663144,118174,38
663144,118853,45
663144,118988,45
663144,120957,90
663144,122817,87
663144,123687,53
663144,124246,43
663144,124639,80
663144,124848,89
663144,127122,82
663144,128963,70
663144,129369,100
663144,129574,100
663144,132682,100
887822,30007,100
887822,30009,100
887822,30013,100
887822,30025,100
887822,30026,100
887822,30027,90
887822,30053,100
887822,30080,80
887822,30085,100
887822,30106,100
887822,30107,60
887822,30109,70
887822,30118,80
887822,30127,40
887822,30133,80
887822,30418,80
887822,30441,60
887822,30500,80
887822,30511,70
887822,30642,80
887822,30660,80
887822,30698,80
887822,30726,80
887822,30745,90
887822,30749,80
887822,30756,80
887822,30793,70
887822,31133,90
887822,31149,70
887822,31422,90
887822,31658,70
887822,31859,80
887822,31902,70
887822,32127,50
887822,32561,80
887822,33031,100
887822,34632,80
887822,35655,80
887822,38878,100
887822,39699,60
887822,40884,100
887822,42994,80
887822,43513,80
887822,43801,60
887822,44440,70
887822,44902,70
887822,45094,60
887822,48200,70
887822,53208,80
887822,54457,70
887822,54692,100
887822,66933,70
887822,67707,60
887822,71471,60
887822,74933,80
887822,78151,100
887822,78347,80
887822,81747,80
887822,85135,90
887822,85165,80
887822,85189,90
887822,85226,80
887822,85307,100
887822,85503,100
887822,85649,70
887822,85736,70
887822,85814,70
887822,85821,80
887822,85850,80
887822,86123,90
887822,86310,80
887822,86508,70
887822,86526,70
887822,86551,80
887822,86559,70
887822,86569,100
887822,86652,80
887822,87216,100
887822,87296,90
887822,87347,80
887822,87423,100
887822,96791,80
887822,97337,90
887822,98416,90
887822,98587,90
887822,101517,100
887822,105398,70
887822,107470,80
5323857,31702,80
5323857,35806,90
5323857,39057,90
5323857,40970,75
5323857,54457,95
5323857,63687,70
5323857,70175,95
5323857,72333,90
5323857,75721,95
5323857,85471,90
5323857,85598,90
5323857,85666,90
5323857,85671,98
5323857,86206,100
5323857,86655,100
5323857,87186,85
5323857,87315,75
5323857,87460,100
5323857,92494,100
5323857,92676,90
5323857,95719,90
5323857,96162,90
5323857,98112,100
5323857,99334,85
5323857,99340,70
5323857,99738,80
5323857,99869,90
5323857,99870,90
5323857,99943,55
5323857,100197,80
5323857,100664,80
5323857,100827,80
5323857,101315,70
5323857,101515,90
5323857,101683,80
5323857,101724,70
5323857,101795,60
5323857,101850,85
5323857,102137,90
5323857,102184,100
5323857,102841,90
5323857,103082,100
5323857,103309,80
5323857,103849,80
5323857,104031,90
5323857,104225,90
5323857,105004,80
5323857,105791,90
5323857,106688,80
5323857,106726,100
5323857,109714,80
5323857,109909,80
5323857,110210,80
5323857,110396,100
5323857,110763,100
5323857,111403,95
5323857,111404,100
5323857,111968,80
5323857,112342,90
5323857,113492,85
5323857,113505,90
5323857,113801,99
5323857,114416,70
5323857,115356,60
5323857,115374,90
5323857,115969,80
5323857,115993,70
5323857,116266,90
5323857,116822,75
5323857,117091,90
5323857,117230,100
5323857,118084,80
5323857,118585,85
5323857,119194,90
5323857,119733,100
5323857,119767,85
5323857,119966,90
5323857,120841,90
5323857,123164,100
5323857,125489,90
5323857,125854,85
5323857,126338,100
5323857,126372,80
5323857,127378,100
5323857,128260,95
5323857,149544,95
5805478,48597,75
5805478,85748,80
5805478,85978,86
5805478,86626,75
5805478,97553,85
5805478,97701,80
5805478,99461,65
5805478,101238,75
5805478,101625,75
5805478,101722,78
5805478,103308,75
5805478,106233,70
5805478,107120,100
5805478,107540,80
5805478,110769,70
5805478,116062,75
5805478,117964,70
5805478,122180,70
5805478,125342,75
5805478,137513,80
5805478,139339,8
5805478,139465,75
5805478,141425,70
5343535,30002,80
5343535,30003,60
5343535,30004,75
5343535,30007,78
5343535,30011,55
5343535,30012,69
5343535,30013,75
5343535,30042,95
5343535,30104,75
5343535,30336,80
5343535,30418,75
5343535,30509,60
5343535,30510,60
5343535,30642,70
5343535,30656,90
5343535,30657,80
5343535,30740,55
5343535,30928,100
5343535,31257,80
5343535,31258,80
5343535,31260,75
5343535,31261,50
5343535,31262,85
5343535,31265,75
5343535,31303,85
5343535,31408,75
5343535,31649,75
5343535,31706,82
5343535,31789,50
5343535,31791,50
5343535,33009,50
5343535,33031,95
5343535,34632,75
5343535,35655,60
5343535,37375,75
5343535,38967,70
5343535,43290,70
5343535,43949,90
5343535,51499,90
5343535,51729,40
5343535,53390,75
5343535,54705,40
5343535,56769,60
5343535,61029,90
5343535,61499,50
5343535,62937,75
5343535,63031,75
5343535,63327,65
5343535,64053,98
5343535,64167,45
5343535,65243,70
5343535,65719,30
5343535,71629,90
5343535,72451,50
5343535,73967,45
5343535,74489,70
5343535,79809,70
5343535,79865,70
5343535,85135,75
5343535,85165,65
5343535,85307,50
5343535,85449,95
5343535,85486,60
5343535,85533,65
5343535,85611,95
5343535,86045,77
5343535,86279,85
5343535,86300,70
5343535,86481,60
5343535,86507,75
5343535,86508,40
5343535,86559,73
5343535,86635,100
5343535,86719,70
5343535,87015,75
5343535,87178,30
5343535,87216,25
5343535,87217,75
5343535,87395,75
5343535,87423,30
5343535,87468,40
5343535,96798,20
5343535,97836,70
5343535,97852,50
5343535,98030,70
5343535,98235,95
5343535,98372,100
5343535,98686,60
5343535,98836,90
5343535,99183,98
5343535,99536,70
5343535,99549,70
5343535,99943,12
5343535,100230,50
5343535,100664,50
5343535,100962,70
5343535,100995,75
5343535,101311,80
5343535,101517,75
5343535,101557,30
5343535,101583,60
5343535,101754,30
5343535,102988,30
5343535,103111,72
5343535,103214,60
5343535,103899,50
5343535,105398,35
5343535,105577,85
5343535,105641,80
5343535,105778,72
5343535,106130,50
5343535,106662,60
5343535,107237,75
5343535,107282,75
5343535,107559,40
5343535,107729,90
5343535,108105,60
5343535,108700,70
5343535,109285,80
5343535,110926,70
5343535,112304,70
5343535,112598,50
5343535,112981,70
5343535,113076,40
5343535,113801,60
5343535,114416,80
5343535,115098,70
5343535,116266,30
5343535,117195,60
5343535,117347,75
5343535,117675,70
5343535,118084,60
5343535,118584,40
5343535,119121,60
5343535,119311,70
5343535,120545,75
5343535,121017,90
5343535,123130,60
5343535,125316,75
5343535,125489,65
5343535,126488,70
5343535,126629,60
5343535,127778,60
5343535,128160,50
5343535,129194,50
5343535,129506,20
5343535,130157,85
5343535,130548,50
5343535,132182,80
5343535,132332,70
5343535,134369,45
5343535,136312,70
5343535,140475,80
5343535,143031,65
5343535,149557,100
5343535,163754,80
5454508,30004,100
5454508,30028,80
5454508,30029,80
5454508,30030,86
5454508,30071,60
5454508,30076,90
5454508,30079,70
5454508,30083,70
5454508,30102,95
5454508,30133,85
5454508,30320,80
5454508,30357,50
5454508,30392,85
5454508,30429,70
5454508,30443,80
5454508,30452,50
5454508,30475,80
5454508,30495,60
5454508,30559,70
5454508,30586,70
5454508,30591,85
5454508,30610,90
5454508,30618,70
5454508,30655,85
5454508,30660,87
5454508,30729,90
5454508,30756,90
5454508,30772,60
5454508,30851,60
5454508,30923,90
5454508,30974,90
5454508,31075,100
5454508,31133,90
5454508,31216,86
5454508,31249,75
5454508,31372,60
5454508,31410,70
5454508,31419,82
5454508,31506,80
5454508,31802,85
5454508,31929,60
5454508,33104,70
5454508,33274,80
5454508,33378,85
5454508,34011,85
5454508,34018,90
5454508,34268,80
5454508,37558,80
5454508,37630,85
5454508,38042,60
5454508,38652,90
5454508,38990,60
5454508,39152,80
5454508,39280,85
5454508,39607,60
5454508,39699,80
5454508,40557,84
5454508,41514,100
5454508,41866,81
5454508,41998,70
5454508,42052,60
5454508,42386,70
5454508,42568,70
5454508,42586,60
5454508,42888,70
5454508,43881,80
5454508,44909,80
5454508,45475,80
5454508,45515,90
5454508,46593,80
5454508,46732,70
5454508,46922,90
5454508,47030,75
5454508,48200,80
5454508,48896,80
5454508,50453,80
5454508,50907,87
5454508,51525,80
5454508,52973,60
5454508,52986,70
5454508,52987,75
5454508,53390,70
5454508,53519,88
5454508,54294,60
5454508,54705,70
5454508,54934,60
5454508,57231,70
5454508,57331,70
5454508,58393,90
5454508,61097,50
5454508,65573,70
5454508,66277,70
5454508,68105,70
5454508,69513,70
5454508,69565,70
5454508,69731,70
5454508,74307,100
5454508,74671,80
5454508,76814,90
5454508,79017,70
5454508,80217,70
5454508,84779,70
5454508,85135,80
5454508,85296,80
5454508,85817,80
5454508,85875,60
5454508,86082,90
5454508,86243,80
5454508,86283,20
5454508,86567,60
5454508,86639,80
5454508,86645,70
5454508,86691,70
5454508,86717,80
5454508,86958,70
5454508,87020,100
5454508,87120,10
5454508,87176,80
5454508,87350,80
5454508,87459,80
5454508,90348,80
5454508,92973,80
5454508,93841,75
5454508,97472,70
5454508,97646,50
5454508,97871,80
5454508,97872,60
5454508,97897,70
5454508,98204,80
5454508,98334,75
5454508,98388,75
5454508,98587,70
5454508,99267,80
5454508,99346,90
5454508,99358,81
5454508,99386,80
5454508,99435,85
5454508,99640,85
5454508,99745,80
5454508,99771,70
5454508,99897,75
5454508,100126,70
5454508,100470,90
5454508,100568,80
5454508,100973,20
5454508,101011,90
5454508,101159,80
5454508,101202,70
5454508,101645,60
5454508,101671,80
5454508,101700,100
5454508,103192,84
5454508,103646,50
5454508,104233,90
5454508,104596,60
5454508,104677,85
5454508,104726,70
5454508,105093,80
5454508,105332,86
5454508,105516,70
5454508,105947,85
5454508,106331,90
5454508,106884,70
5454508,107416,70
5454508,108068,70
5454508,108228,80
5454508,108360,85
5454508,108900,70
5454508,109285,85
5454508,109307,85
5454508,109602,70
5454508,109921,85
5454508,110399,75
5454508,110410,70
5454508,110720,70
5454508,111075,90
5454508,111085,60
5454508,111168,81
5454508,111189,80
5454508,111197,85
5454508,111283,85
5454508,111406,70
5454508,111424,70
5454508,111453,80
5454508,111474,70
5454508,111489,90
5454508,111658,60
5454508,111685,87
5454508,112544,80
5454508,112579,80
5454508,113245,80
5454508,113966,70
5454508,114003,85
5454508,114714,75
5454508,115790,30
5454508,116170,90
5454508,116737,75
5454508,116935,85
5454508,118165,60
5454508,118173,60
5454508,120179,60
5454508,120502,70
5454508,120649,85
5454508,120768,80
5454508,120808,70
5454508,120977,60
5454508,121558,80
5454508,122226,70
5454508,122294,65
5454508,122739,70
5454508,123172,80
5454508,124043,90
5454508,124599,95
5454508,125238,95
5454508,126768,75
5454508,127210,70
5454508,127217,90
5454508,127462,20
5454508,128435,80
5454508,129877,70
5454508,129929,70
5454508,131128,90
5454508,131220,60
5454508,132364,90
5454508,132919,80
5454508,132926,70
5454508,135096,90
5454508,136943,70
5454508,138272,80
5454508,139571,50
5454508,141530,87
5454508,142254,80
5454508,142310,70
5454508,142464,10
5454508,142505,75
5454508,143079,80
5454508,143817,70
5454508,143882,90
5454508,144383,60
5454508,145470,85
5454508,146238,90
5454508,146314,85
5454508,155301,70
5454508,156031,60
5454508,158946,80
5454508,159142,50
5454508,159425,50
5454508,159637,90
5454508,160229,85
5454508,163465,85
5454508,169386,70
5454508,169675,80
5454508,170735,80
5454508,174603,80
5454508,182293,80
5454508,182532,50
5454508,201161,90
5981054,31926,82
5981054,49896,74
5981054,85577,64
5981054,87015,77
5981054,94095,69
5981054,95977,72
5981054,97460,68
5981054,98235,74
5981054,100827,67
5981054,101122,63
5981054,101552,71
5981054,101586,69
5981054,101754,75
5981054,101828,72
5981054,104608,76
5981054,105990,70
5981054,107978,71
5981054,109494,78
5981054,109809,73
5981054,111073,72
5981054,111139,74
5981054,112168,76
5981054,119733,77
5981054,127310,66
5981054,133681,58
5981054,146082,70
5981054,146256,67
151117,30564,70
151117,31331,100
151117,31474,100
151117,31501,50
151117,31926,40
151117,33008,70
151117,33515,100
151117,34632,100
151117,37519,50
151117,38947,80
151117,41180,20
151117,42629,40
151117,44115,40
151117,45189,20
151117,47353,100
151117,48992,100
151117,51419,90
151117,52638,80
151117,53979,30
151117,57989,10
151117,58091,70
151117,59931,30
151117,60315,60
151117,67871,30
151117,67885,10
151117,71535,80
151117,72545,60
151117,74155,80
151117,80331,50
151117,85178,70
151117,85189,90
151117,85336,70
151117,85533,40
151117,86395,50
151117,86508,70
151117,86894,60
151117,99242,90
151117,100293,10
151117,101176,100
494612,30357,63
494612,30629,73
494612,35994,71
494612,38042,70
494612,51151,72
494612,60079,82
494612,61857,72
494612,65035,70
494612,72451,87
494612,77649,62
494612,79183,60
494612,82405,53
494612,85747,78
494612,85829,73
494612,87384,85
494612,97212,100
494612,100730,63
494612,103917,60
494612,105398,90
494612,107649,70
494612,116264,65
5333068,30564,80
5333068,46688,50
5333068,51019,80
5333068,58361,70
5333068,75275,75
5333068,79017,55
5333068,80857,50
5333068,85779,60
5333068,86429,70
5333068,86650,80
5333068,86964,85
5333068,87294,75
5333068,87508,60
5333068,95719,70
5333068,97553,95
5333068,97646,65
5333068,97727,80
5333068,97797,65
5333068,98102,85
5333068,98781,60
5333068,99218,80
5333068,99666,65
5333068,99892,50
5333068,100444,70
5333068,101315,80
5333068,101507,65
5333068,101822,70
5333068,102186,65
5333068,102215,90
5333068,103111,77
5333068,103213,85
5333068,104488,70
5333068,104693,90
5333068,104763,60
5333068,105332,80
5333068,105429,85
5333068,105896,60
5333068,106260,65
5333068,107281,80
5333068,107720,75
5333068,108099,60
5333068,108116,65
5333068,108940,80
5333068,109327,65
5333068,109735,60
5333068,110472,75
5333068,111444,75
5333068,111970,65
5333068,112250,90
5333068,112579,65
5333068,113310,80
5333068,113340,95
5333068,113501,90
5333068,113534,60
5333068,115000,75
5333068,115790,65
5333068,116774,75
5333068,117324,90
5333068,117951,75
5333068,118517,65
5333068,118776,85
5333068,118993,80
5333068,119257,90
5333068,119316,60
5333068,119733,75
5333068,119913,85
5333068,120841,60
5333068,121506,80
5333068,121977,70
5333068,121991,75
5333068,122161,90
5333068,122257,70
5333068,124441,65
5333068,124764,55
5333068,125229,100
5333068,125291,70
5333068,125457,75
5333068,125710,70
5333068,127154,80
5333068,127328,65
5333068,127941,80
5333068,128477,75
5333068,129808,85
5333068,129964,70
5333068,130229,75
5333068,130455,75
5333068,130456,80
5333068,131794,65
5333068,131965,75
5333068,132793,80
5333068,132970,75
5333068,133979,68
5333068,134771,90
5333068,134970,80
5333068,135280,60
5333068,136331,70
5333068,139640,75
5333068,142895,60
5333068,143978,75
5333068,144076,65
5333068,144224,80
5333068,144615,75
5333068,145213,90
5333068,147741,70
5333068,157094,70
5333068,159806,80
5333068,174177,60
5333068,187127,70
5333068,187347,75
5333068,187427,75
7115589,33031,100
7115589,34632,60
7115589,35709,50
7115589,43881,90
7115589,47904,90
7115589,54808,95
7115589,66267,80
7115589,85165,85
7115589,86082,100
7115589,86559,85
7115589,86568,95
7115589,87208,95
7115589,87217,75
7115589,98263,100
7115589,98544,85
7115589,114003,85
7115589,116534,90
7115589,123687,50
7115589,124382,90
7115589,125851,90
7115589,126135,85
7115589,133919,80
7115589,134255,80
7115589,135083,100
7115589,138603,95
7115589,185129,5
6878847,30642,100
6878847,63327,80
6878847,65243,80
6878847,72451,80
6878847,85611,60
6878847,86635,80
6878847,86785,80
6878847,86964,60
6878847,100954,60
6878847,101517,80
6878847,105398,80
6878847,106130,100
6878847,106929,80
6878847,114960,80
6878847,120385,100
6878847,126297,100
6878847,128067,100
6878847,137280,80
6878847,140407,80
6878847,149332,100
6878847,151512,80
6878847,159441,100
134403,30002,85
134403,30015,60
134403,30025,100
134403,30106,95
134403,30698,85
134403,31224,100
134403,31257,85
134403,31258,85
134403,31260,85
134403,31261,85
134403,31262,85
134403,31263,85
134403,31706,100
134403,33006,96
134403,33009,85
134403,33256,80
134403,33731,85
134403,33749,85
134403,39547,85
134403,39548,85
134403,39738,85
134403,43026,90
134403,44440,60
134403,46081,85
134403,46144,85
134403,46688,58
134403,51467,98
134403,51499,85
134403,53284,85
134403,53390,35
134403,54705,85
134403,61029,85
134403,65243,100
134403,69883,88
134403,74489,85
134403,85135,95
134403,85316,85
134403,86082,85
134403,86136,60
134403,86559,85
134403,87170,85
134403,87208,85
134403,87216,85
134403,87423,75
134403,87459,85
134403,98334,100
134403,98397,85
134403,98674,83
134403,101884,80
134403,103807,85
134403,104140,85
134403,105778,85
134403,106331,85
134403,110473,85
134403,116534,85
134403,124382,85
134403,132288,60
134403,138070,85
134403,144866,85
134403,213820,85
476222,30003,88
476222,30004,77
476222,30012,50
476222,30025,86
476222,30028,76
476222,30042,60
476222,30051,90
476222,30053,60
476222,30081,90
476222,30104,90
476222,30336,70
476222,30348,75
476222,30463,50
476222,30598,40
476222,30656,98
476222,30745,80
476222,31183,85
476222,31649,70
476222,33008,70
476222,33009,69
476222,33731,70
476222,33986,50
476222,52986,73
476222,55297,80
476222,63327,83
476222,65003,60
476222,66413,80
476222,68071,72
476222,72545,57
476222,75757,60
476222,79865,72
476222,85611,60
476222,86159,65
476222,86265,73
476222,87170,69
476222,87213,50
476222,87395,85
476222,87423,70
476222,97553,70
476222,98235,60
476222,98334,50
476222,98416,60
476222,99943,40
476222,100230,50
476222,100994,78
476222,101233,64
476222,102423,70
476222,102988,45
476222,103081,70
476222,104277,40
476222,105332,67
476222,105398,50
476222,105778,87
476222,108556,75
5263422,30001,96
5263422,30012,86
5263422,30013,100
5263422,30026,90
5263422,30029,80
5263422,30039,70
5263422,30051,98
5263422,30113,83
5263422,30149,80
5263422,30564,90
5263422,30614,60
5263422,30642,100
5263422,30657,100
5263422,30745,87
5263422,31303,100
5263422,31400,70
5263422,31706,100
5263422,33009,86
5263422,33285,85
5263422,33731,83
5263422,34632,90
5263422,41734,86
5263422,53390,95
5263422,54705,85
5263422,54903,65
5263422,58361,70
5263422,63327,95
5263422,65243,100
5263422,66099,72
5263422,72451,86
5263422,74489,97
5263422,78025,85
5263422,79865,84
5263422,85165,85
5263422,85189,87
5263422,85215,75
5263422,85257,60
5263422,85319,70
5263422,85412,95
5263422,85486,88
5263422,85611,98
5263422,86123,78
5263422,86218,87
5263422,86310,77
5263422,86551,94
5263422,87170,70
5263422,87216,77
5263422,97553,86
5263422,98148,70
5263422,98328,84
5263422,98587,86
5263422,98674,80
5263422,99609,75
5263422,100128,50
5263422,100568,86
5263422,100994,85
5263422,101517,85
5263422,102988,70
5263422,103252,65
5263422,103255,84
5263422,105398,82
5263422,105469,77
5263422,105778,90
5263422,106130,85
5263422,106726,84
5263422,107098,84
5263422,109174,75
5263422,114791,85
5263422,114960,75
5263422,117195,90
5263422,117802,75
5263422,118371,96
5263422,119174,83
5263422,120760,75
5263422,122823,72
5263422,128899,55
5263422,132284,50
5263422,135981,50
5263422,136290,70
5263422,140475,87
5263422,141261,65
5263422,142568,75
5263422,167022,75
5263422,181289,70
5263422,182515,70
5263422,182696,70
6167932,30012,90
6167932,30024,100
6167932,30025,100
6167932,30026,100
6167932,30053,90
6167932,30642,90
6167932,31224,90
6167932,33006,90
6167932,33008,90
6167932,33009,90
6167932,43492,90
6167932,63327,100
6167932,65243,100
6167932,74489,90
6167932,85307,90
6167932,85486,90
6167932,100991,90
6167932,101311,90
6167932,101517,90
6167932,105778,90
6167932,107237,90
6167932,126693,90
5709741,30003,100
5709741,30021,80
5709741,30142,80
5709741,30396,70
5709741,30463,80
5709741,30743,80
5709741,30745,70
5709741,30909,40
5709741,31373,70
5709741,31517,80
5709741,32436,50
5709741,33614,70
5709741,33731,100
5709741,33986,60
5709741,34632,100
5709741,35293,30
5709741,38967,70
5709741,39700,70
5709741,41054,90
5709741,41699,70
5709741,41734,70
5709741,42585,60
5709741,43290,90
5709741,45355,50
5709741,47353,70
5709741,47465,70
5709741,51467,80
5709741,53390,70
5709741,53419,40
5709741,54705,90
5709741,55245,70
5709741,56491,50
5709741,58361,50
5709741,65573,70
5709741,66099,90
5709741,80145,10
5709741,80217,80
5709741,82267,60
5709741,85135,70
5709741,85165,90
5709741,85215,80
5709741,85412,60
5709741,85616,70
5709741,85734,70
5709741,86360,50
5709741,86770,80
5709741,86833,90
5709741,87208,50
5709741,87412,20
5709741,87459,80
5709741,98023,40
5709741,98263,90
5709741,98674,70
5709741,100159,60
5709741,100387,60
5709741,100568,70
5709741,100664,60
5709741,101233,60
5709741,105435,20
5709741,108948,80
5709741,112579,80
5709741,114027,90
6050823,30598,100
6050823,43492,90
6050823,53718,100
6050823,55132,100
6050823,61499,100
6050823,73661,100
6050823,82267,70
6050823,85400,100
6050823,86310,90
6050823,86399,100
6050823,87216,90
6050823,91171,100
6050823,99886,100
6050823,100868,100
6050823,100994,100
6050823,105398,100
6050823,105778,90
6050823,114613,100
6050823,114614,100
6050823,114960,80
6050823,120760,100
6050823,127778,90
6050823,132182,100
6050823,144946,100
6050823,160923,100
6050823,169272,100
7353092,86510,87
7353092,106929,97
7353092,114605,98
7353092,119257,100
7353092,128067,100
7353092,135397,90
7353092,143056,78
7353092,151615,94
7353092,153883,80
7353092,154836,92
7353092,155950,85
7353092,159439,65
7353092,159441,96
7353092,159930,96
7353092,163824,85
7353092,170400,91
7353092,170894,73
7353092,171056,87
7353092,172583,80
7353092,172619,90
7353092,173020,89
7353092,174104,85
7353092,174515,92
7353092,176812,85
7353092,177982,72
7353092,183855,81
216795,30001,89
216795,30002,95
216795,30003,88
216795,30007,97
216795,30009,82
216795,30010,68
216795,30011,89
216795,30012,86
216795,30013,100
216795,30014,78
216795,30019,63
216795,30020,92
216795,30021,92
216795,30022,70
216795,30023,80
216795,30025,93
216795,30026,70
216795,30030,42
216795,30039,64
216795,30040,78
216795,30041,74
216795,30042,92
216795,30043,89
216795,30044,57
216795,30047,70
216795,30048,49
216795,30049,78
216795,30051,96
216795,30052,87
216795,30053,87
216795,30054,80
216795,30074,70
216795,30081,64
216795,30091,80
216795,30102,86
216795,30104,92
216795,30106,87
216795,30124,72
216795,30134,83
216795,30336,78
216795,30436,87
216795,30481,63
216795,30564,72
216795,30583,83
216795,30598,77
216795,30610,58
216795,30614,72
216795,30642,72
216795,30653,81
216795,30664,77
216795,30674,82
216795,30676,78
216795,30724,73
216795,30793,76
216795,30796,77
216795,30869,83
216795,30872,76
216795,30877,84
216795,30894,75
216795,30912,78
216795,30915,82
216795,30922,72
216795,30933,87
216795,30988,80
216795,31030,58
216795,31045,82
216795,31047,75
216795,31061,78
216795,31149,75
216795,31303,93
216795,31322,74
216795,31414,54
216795,31505,84
216795,31517,75
216795,31625,72
216795,31630,78
216795,31709,80
216795,31789,80
216795,31790,75
216795,31791,75
216795,31792,70
216795,31902,75
216795,31925,89
216795,33006,72
216795,33008,74
216795,33031,52
216795,33041,84
216795,33159,83
216795,33378,87
216795,33403,81
216795,33866,53
216795,33986,77
216795,34571,52
216795,34611,75
216795,35157,79
216795,35254,77
216795,35664,75
216795,36132,75
216795,37378,87
216795,37519,73
216795,37760,74
216795,37887,82
216795,38848,71
216795,39699,74
216795,39711,84
216795,40010,81
216795,40884,82
216795,41327,92
216795,41425,81
216795,41558,86
216795,41652,87
216795,43245,87
216795,43492,75
216795,43513,70
216795,43558,66
216795,43897,93
216795,43949,45
216795,44568,86
216795,44790,70
216795,45372,71
216795,46110,60
216795,46668,75
216795,46765,94
216795,46794,77
216795,48200,75
216795,48795,70
216795,50598,55
216795,50787,65
216795,53390,70
216795,53627,86
216795,54294,86
216795,54915,64
216795,55096,64
216795,56373,70
216795,61185,82
216795,61499,70
216795,62913,86
216795,63327,84
216795,65243,83
216795,65573,84
216795,66277,68
216795,66413,85
216795,67303,66
216795,67601,62
216795,67755,47
216795,68071,91
216795,69883,70
216795,70167,63
216795,71575,63
216795,72695,65
216795,72707,76
216795,73661,75
216795,74347,100
216795,74485,77
216795,74501,83
216795,75221,60
216795,75757,76
216795,76258,85
216795,78025,67
216795,78151,74
216795,80133,76
216795,81233,77
216795,83567,51
216795,84627,60
216795,85139,80
216795,85189,88
216795,85197,70
216795,85215,80
216795,85227,83
216795,85247,79
216795,85276,74
216795,85319,78
216795,85437,75
216795,85442,73
216795,85486,86
216795,85522,82
216795,85611,77
216795,85612,80
216795,85624,88
216795,85849,84
216795,86082,55
216795,86123,88
216795,86265,55
216795,86279,62
216795,86284,78
216795,86399,85
216795,86508,90
216795,86526,67
216795,86559,74
216795,86562,83
216795,86569,78
216795,86589,78
216795,86600,82
216795,86635,59
216795,86778,77
216795,87170,82
216795,87178,78
216795,87213,74
216795,87216,91
216795,87340,79
216795,87386,78
216795,87423,87
216795,87439,51
216795,87442,93
216795,87510,57
216795,87531,72
216795,87532,77
216795,90035,68
216795,91171,66
216795,91693,44
216795,92930,65
216795,94490,91
216795,94918,78
216795,95866,78
216795,97337,90
216795,97842,70
216795,98030,75
216795,98235,81
216795,98263,87
216795,98334,93
216795,98351,87
216795,98388,86
216795,98416,72
216795,98466,76
216795,98544,65
216795,98587,84
216795,98652,75
216795,98842,63
216795,99324,74
216795,99609,94
216795,99752,86
216795,99943,65
216795,100230,50
216795,100664,78
216795,100991,62
216795,100994,41
216795,101233,77
216795,101517,64
216795,101860,74
216795,101954,73
216795,102088,61
216795,102232,78
216795,102988,83
216795,102989,73
216795,103083,50
216795,103252,73
216795,104209,70
216795,104210,41
216795,104604,60
216795,104966,56
216795,105097,79
216795,105398,94
216795,105469,81
216795,105778,96
216795,105780,60
216795,105781,68
216795,106130,79
216795,106453,61
216795,106531,88
216795,106654,61
216795,106683,57
216795,107098,74
216795,107154,61
216795,107279,88
216795,107446,76
216795,107448,82
216795,107449,59
216795,107463,54
216795,107544,84
216795,107750,74
216795,108075,64
216795,108179,51
216795,108199,76
216795,108556,94
216795,108832,83
216795,108846,64
216795,109172,55
216795,109173,72
216795,109310,61
216795,110262,77
216795,110329,77
216795,110764,84
216795,111149,72
216795,111233,78
216795,111325,71
216795,111961,83
216795,112235,59
216795,112673,67
216795,113245,72
216795,113426,72
216795,113512,68
216795,113531,58
216795,113629,45
216795,114494,82
216795,114791,51
216795,114960,82
216795,115106,72
216795,116827,83
216795,117195,54
216795,117521,71
216795,117958,71
216795,118548,52
216795,118586,63
216795,118644,78
216795,119004,84
216795,119493,62
216795,119495,59
216795,119497,82
216795,119499,48
216795,120734,71
216795,120760,91
216795,122823,67
216795,123790,53
216795,124015,64
216795,124895,66
216795,125624,41
216795,125628,72
216795,125828,84
216795,125829,62
216795,126445,78
216795,126559,86
216795,126693,78
216795,126770,72
216795,127778,71
216795,127819,75
216795,128666,57
216795,128896,63
216795,128899,71
216795,129117,82
216795,132029,96
216795,132182,93
216795,132284,76
216795,135083,82
216795,135981,68
216795,136290,55
216795,137267,55
216795,138817,76
216795,139358,56
216795,139855,72
216795,140169,89
216795,140475,88
216795,140482,76
216795,141087,82
216795,141157,75
216795,141262,72
216795,141263,15
216795,143056,80
216795,143516,85
216795,144866,73
216795,145612,74
216795,146030,79
216795,146064,76
216795,147329,56
216795,148315,63
216795,150105,56
216795,150440,79
216795,150441,66
216795,154249,48
216795,154272,63
216795,154551,81
216795,155139,68
216795,156656,73
216795,156668,33
216795,159025,81
216795,160595,55
216795,161658,37
216795,162322,62
216795,163148,38
216795,163156,58
216795,163496,67
216795,163497,55
216795,164696,46
216795,164708,89
216795,165668,83
216795,165829,86
216795,166138,51
216795,167822,42
216795,168468,86
216795,169100,39
216795,169354,66
216795,169355,87
216795,169719,78
216795,170141,71
216795,170755,74
216795,171004,87
216795,171081,55
216795,174358,88
216795,174545,54
216795,175424,66
216795,176832,58
216795,176834,48
216795,177579,63
216795,178096,88
216795,178202,76
216795,178204,48
216795,178509,77
216795,179445,86
216795,179837,81
216795,180335,73
216795,180734,81
216795,180752,92
216795,181892,55
216795,182228,76
216795,182704,65
216795,183543,92
216795,184160,63
216795,185081,49
216795,186356,73
216795,186515,52
216795,191509,88
216795,192764,71
216795,194356,72
216795,194579,67
5111158,30002,95
5111158,30149,72
5111158,30642,87
5111158,30745,87
5111158,30909,54
5111158,31649,80
5111158,31706,90
5111158,33009,82
5111158,33285,89
5111158,34632,100
5111158,44440,64
5111158,53390,91
5111158,54705,76
5111158,74489,93
5111158,85486,68
5111158,85802,69
5111158,86635,89
5111158,86717,80
5111158,87216,75
5111158,87423,60
5111158,97553,90
5111158,98397,73
5111158,99943,79
5111158,100230,56
5111158,105398,83
5111158,105778,80
5111158,106454,77
5111158,107098,70
5111158,112981,74
5111158,114383,68
5111158,118586,85
6382329,30002,100
6382329,74347,100
6382329,85869,40
6382329,100954,100
6382329,101134,100
6382329,103156,70
6382329,105398,100
6382329,110462,50
6382329,117536,70
6382329,118424,70
6382329,119257,90
6382329,120980,80
6382329,125828,100
6382329,128067,60
6382329,130229,90
6382329,130511,90
6382329,136220,90
6382329,141392,80
6382329,144946,90
6382329,153284,80
6382329,156553,70
6382329,159441,70
6382329,159930,60
876135,30030,80
876135,46794,89
876135,61499,80
876135,69291,85
876135,72451,97
876135,85802,20
876135,85849,98
876135,86279,80
876135,86300,80
876135,86481,90
876135,86635,95
876135,86703,80
876135,97337,97
876135,97553,100
876135,98235,80
876135,98416,97
876135,98695,84
876135,99609,100
876135,100230,70
876135,100664,90
876135,101315,70
876135,101434,87
876135,101583,90
876135,102047,70
876135,102259,90
876135,103854,100
876135,104973,100
876135,105332,80
876135,105577,60
876135,107918,90
876135,109219,90
876135,109269,75
876135,110095,98
876135,111403,83
876135,111799,60
876135,114383,75
876135,117195,98
7320345,30724,90
7320345,30726,70
7320345,30749,70
7320345,30793,70
7320345,31023,100
7320345,31133,90
7320345,31420,70
7320345,31422,70
7320345,31902,70
7320345,32561,70
7320345,32563,70
7320345,33239,70
7320345,33274,80
7320345,35939,70
7320345,41999,60
7320345,43513,70
7320345,44106,60
7320345,44394,70
7320345,45853,70
7320345,46038,70
7320345,46942,60
7320345,53333,70
7320345,54679,80
7320345,67561,90
7320345,70239,70
7320345,86128,80
7320345,86168,70
7320345,94658,70
7320345,95068,70
7320345,97423,70
7320345,98175,80
7320345,104988,60
7320345,111452,70
7320345,135981,60
7320345,138070,70
7320345,157494,90
7320345,167850,80
7320345,182095,80
7320345,199283,80
6922775,63327,80
6922775,86635,100
6922775,100994,80
6922775,101177,90
6922775,105011,90
6922775,109501,85
6922775,113076,85
6922775,117195,100
6922775,132144,95
6922775,132182,90
6922775,136312,80
6922775,140407,100
6922775,140475,100
6922775,146267,90
6922775,148082,85
6922775,152235,80
6922775,170400,90
6922775,173062,95
6922775,174790,100
6922775,180788,90
6922775,184502,80
6922775,187944,95
6922775,191203,90
6922775,201773,90
7381199,86452,20
7381199,106929,89
7381199,114605,70
7381199,117460,67
7381199,118424,83
7381199,119521,90
7381199,120385,73
7381199,120760,80
7381199,120966,69
7381199,120980,71
7381199,123573,73
7381199,126297,92
7381199,126594,60
7381199,128067,93
7381199,129579,68
7381199,135369,60
7381199,136204,87
7381199,137280,77
7381199,137304,89
7381199,138705,62
7381199,139080,73
7381199,140407,100
7381199,140896,66
7381199,141316,71
7381199,143025,78
7381199,143056,78
7381199,143352,65
7381199,144079,70
7381199,146017,70
7381199,147027,70
7381199,149332,88
7381199,150701,77
7381199,150836,81
7381199,151025,70
7381199,153284,70
7381199,153432,80
7381199,153883,77
7381199,155485,70
7381199,155618,71
7381199,156629,70
7381199,158774,68
7381199,159385,60
7381199,159441,73
7381199,163447,60
7381199,163824,80
7381199,164222,78
7381199,164857,76
7381199,165182,62
7381199,166154,78
7381199,167109,75
7381199,167165,72
7381199,167649,79
7381199,168337,71
7381199,168823,70
7381199,170400,79
7381199,170818,70
7381199,170894,82
7381199,172619,83
7381199,173020,69
7381199,174515,68
7381199,175262,80
7381199,175946,100
7381199,176790,75
7381199,176812,71
7381199,177706,89
7381199,178208,62
7381199,178379,79
7381199,179655,72
7381199,180163,75
7381199,180752,76
7381199,180890,78
7381199,180891,84
7381199,180904,64
7381199,182066,79
7381199,182139,79
7381199,182511,60
7381199,183285,67
7381199,183376,65
7381199,183855,54
7381199,184341,61
7381199,184347,73
7381199,184502,60
7381199,185434,66
7381199,185452,64
7381199,185572,67
7381199,185816,74
7381199,185817,79
7381199,185991,67
7381199,186490,62
7381199,187172,68
7381199,187944,80
7381199,188070,66
7381199,188155,68
7381199,188216,59
7381199,188346,68
7381199,188686,69
7381199,189264,60
7381199,189380,78
7381199,189627,55
7381199,189739,61
7381199,190356,70
7381199,191680,72
7381199,193480,70
7381199,194024,63
7381199,194672,61
7381199,195257,79
7381199,195334,66
7381199,195513,60
7381199,196874,60
7381199,201755,70
7381199,202833,80
7381199,203830,72
7381199,203838,70
7381199,204974,72
7381199,205085,70
7381199,205213,70
7381199,207303,60
7381199,211928,64
5260478,30001,100
5260478,30002,100
5260478,30013,90
5260478,30229,80
5260478,30296,50
5260478,30436,90
5260478,30610,70
5260478,30894,50
5260478,30909,100
5260478,30912,90
5260478,30933,80
5260478,30936,100
5260478,30964,80
5260478,30977,50
5260478,31702,40
5260478,31706,100
5260478,33006,80
5260478,33009,90
5260478,33126,70
5260478,33403,40
5260478,33866,80
5260478,33992,80
5260478,34632,80
5260478,35709,70
5260478,38157,100
5260478,39057,70
5260478,40970,70
5260478,42549,70
5260478,46688,70
5260478,47192,70
5260478,50375,50
5260478,53390,60
5260478,54098,70
5260478,55515,100
5260478,58361,70
5260478,63327,80
5260478,82435,90
5260478,85307,80
5260478,85611,80
5260478,86770,80
5260478,87423,70
5260478,88577,90
5260478,97764,80
5260478,97897,60
5260478,98770,60
5260478,98842,70
5260478,101517,60
5260478,102988,50
5260478,103654,70
5260478,104031,60
5260478,105778,80
5260478,111621,80
5260478,113055,60
5260478,116382,80
5260478,117540,50
5260478,118408,70
5260478,129210,30
5260478,129758,30
5260478,139463,10
5260478,144209,20
5260478,145265,80
5260478,145266,80
5260478,159165,80
5260478,159399,10
5260478,159435,50
7957128,30436,100
7957128,30908,100
7957128,30912,80
7957128,63327,100
7957128,74489,100
7957128,85307,90
7957128,85486,50
7957128,86310,90
7957128,87216,70
7957128,87423,100
7957128,97842,90
7957128,98416,100
7957128,100994,90
7957128,101517,90
7957128,105778,90
7957128,111233,100
7957128,117195,80
7957128,132029,100
7957128,144946,100
7957128,185129,60
201445,30336,90
201445,33285,90
201445,38967,70
201445,54294,90
201445,60779,70
201445,68105,70
201445,72451,70
201445,72545,70
201445,73661,80
201445,81399,50
201445,85213,60
201445,85637,50
201445,97553,80
201445,97701,80
201445,97727,50
201445,103613,70
201445,104277,60
201445,105370,60
201445,107487,80
201445,111297,60
201445,111444,60
201445,156303,90
138591,30669,80
138591,38967,90
138591,42269,90
138591,51837,50
138591,52030,70
138591,66945,60
138591,71687,50
138591,78397,80
138591,81343,50
138591,82007,70
138591,82493,50
138591,85250,40
138591,85536,70
138591,85671,40
138591,87207,60
138591,87911,70
138591,97823,60
138591,99017,40
138591,99156,50
138591,99536,70
138591,101029,70
138591,101122,50
138591,101175,80
138591,101683,30
138591,101850,60
138591,101932,80
138591,105111,60
138591,106679,50
138591,108152,80
138591,109672,40
138591,110396,70
138591,110944,70
138591,111036,70
138591,111205,80
138591,111249,60
138591,116186,70
138591,117230,60
138591,117508,70
138591,117822,60
138591,119448,60
138591,122713,50
138591,123003,60
138591,128983,70
138591,138217,80
138591,139417,70
138591,139465,80
138591,139922,50
138591,142410,80
138591,142868,60
138591,145365,50
138591,147149,80
138591,147664,60
138591,160010,50
138591,181226,50
138591,189950,50
138591,190119,20
138591,193750,50
138591,195274,30
794133,30001,90
794133,30002,100
794133,30021,70
794133,30025,90
794133,30026,80
794133,30028,85
794133,30436,90
794133,30642,90
794133,30656,90
794133,30664,85
794133,30698,70
794133,30703,80
794133,30872,70
794133,30912,80
794133,30932,90
794133,31023,80
794133,31028,70
794133,31184,80
794133,31303,100
794133,31344,90
794133,31373,80
794133,31400,70
794133,31471,70
794133,31474,100
794133,31517,60
794133,31630,75
794133,31658,80
794133,31677,90
794133,31706,80
794133,32139,80
794133,33006,75
794133,33008,70
794133,33009,75
794133,33614,80
794133,33731,90
794133,34632,95
794133,36642,65
794133,37185,85
794133,39138,90
794133,40521,90
794133,43026,70
794133,43419,80
794133,43753,60
794133,45355,80
794133,46822,80
794133,47353,90
794133,49969,90
794133,51467,70
794133,52092,80
794133,52305,90
794133,53390,85
794133,54705,90
794133,56132,80
794133,60079,70
794133,70981,75
794133,76626,90
794133,79865,75
794133,85316,85
794133,85486,70
794133,85538,60
794133,87170,95
794133,87459,85
794133,98263,90
794133,98264,85
794133,98397,90
794133,99140,85
794133,100991,90
794133,103646,80
794133,105778,85
794133,120863,90
794133,121990,90
794133,125946,90
794133,133945,80
794133,139855,75
794133,141157,75
6458193,53390,100
6458193,76716,80
6458193,86635,100
6458193,87216,90
6458193,87395,100
6458193,97553,100
6458193,98648,80
6458193,99943,40
6458193,99982,80
6458193,100230,80
6458193,100277,70
6458193,101517,100
6458193,105011,100
6458193,105398,100
6458193,105469,90
6458193,105778,90
6458193,110872,70
6458193,112342,80
6458193,117195,100
6458193,119121,90
6458193,122216,80
6458193,125316,70
6458193,128448,70
6458193,132182,100
6458193,135930,80
6458193,136320,90
6458193,155441,85
7256476,30001,100
7256476,30002,100
7256476,30013,90
7256476,30656,95
7256476,74347,95
7256476,85141,90
7256476,85143,100
7256476,85155,70
7256476,86099,80
7256476,86123,90
7256476,86707,90
7256476,86848,80
7256476,86964,100
7256476,87178,85
7256476,100994,85
7256476,101625,80
7256476,105393,95
7256476,105398,100
7256476,106929,80
7256476,107720,80
7256476,109957,90
7256476,110462,80
7256476,113666,75
7256476,114960,90
7256476,116353,85
7256476,116506,80
7256476,117536,90
7256476,118424,95
7256476,119174,100
7256476,119257,95
7256476,119276,85
7256476,119521,95
7256476,120760,80
7256476,124577,80
7256476,124846,80
7256476,125636,70
7256476,126297,95
7256476,128067,85
7256476,128882,80
7256476,129632,80
7256476,130149,80
7256476,130511,80
7256476,130870,75
7256476,132457,80
7256476,135325,75
7256476,135369,80
7256476,136220,95
7256476,137280,80
7256476,137304,80
7256476,137595,80
7256476,137969,80
7256476,138222,90
7256476,138366,85
7256476,139572,80
7256476,141958,80
7256476,143056,85
7256476,144079,80
7256476,144957,85
7256476,145966,80
7256476,146017,80
7256476,149332,80
7256476,151512,80
7256476,153284,80
7256476,153432,95
7256476,159930,95
7256476,163824,80
7256476,168468,95
7256476,179445,90
6300661,30085,94
6300661,30104,96
6300661,30436,87
6300661,30909,89
6300661,31249,84
6300661,33082,95
6300661,33588,81
6300661,33992,76
6300661,41514,91
6300661,41566,82
6300661,41865,84
6300661,46804,75
6300661,46922,75
6300661,48354,80
6300661,51419,20
6300661,56973,87
6300661,58533,87
6300661,59211,92
6300661,71973,50
6300661,72451,100
6300661,73415,80
6300661,76006,73
6300661,79827,80
6300661,80217,80
6300661,80909,82
6300661,85232,75
6300661,85395,85
6300661,85412,93
6300661,85734,92
6300661,85844,80
6300661,85858,75
6300661,85898,95
6300661,86082,97
6300661,86218,87
6300661,86300,95
6300661,86717,95
6300661,86937,86
6300661,87208,83
6300661,87459,87
6300661,97258,100
6300661,97472,85
6300661,97700,100
6300661,97718,88
6300661,97721,95
6300661,97722,93
6300661,97852,75
6300661,98109,82
6300661,98188,77
6300661,98351,92
6300661,99358,87
6300661,99489,80
6300661,99649,89
6300661,99703,89
6300661,100200,85
6300661,100774,94
6300661,100801,98
6300661,101441,97
6300661,101455,89
6300661,101552,50
6300661,101557,94
6300661,102047,70
6300661,103845,85
6300661,103866,77
6300661,104112,86
6300661,104195,80
6300661,104699,83
6300661,104778,82
6300661,104782,100
6300661,105422,78
6300661,105641,90
6300661,105747,98
6300661,105997,88
6300661,106000,75
6300661,106181,40
6300661,106232,84
6300661,106331,97
6300661,106726,88
6300661,106794,85
6300661,107539,75
6300661,107751,79
6300661,107790,87
6300661,107987,88
6300661,108070,83
6300661,108318,70
6300661,108335,95
6300661,108351,77
6300661,108440,86
6300661,108919,91
6300661,109047,90
6300661,109056,75
6300661,109224,79
6300661,109285,100
6300661,109661,92
6300661,109682,80
6300661,109771,77
6300661,109868,70
6300661,109899,75
6300661,109900,84
6300661,110140,84
6300661,110209,80
6300661,110393,95
6300661,110439,94
6300661,110473,86
6300661,110530,90
6300661,110809,70
6300661,111622,83
6300661,111867,70
6300661,111899,93
6300661,111914,79
6300661,111916,70
6300661,111970,86
6300661,112184,70
6300661,112378,92
6300661,112413,80
6300661,112579,92
6300661,112621,93
6300661,113168,89
6300661,114003,92
6300661,114027,80
6300661,114164,78
6300661,114475,84
6300661,114798,90
6300661,114970,80
6300661,115233,92
6300661,115508,86
6300661,115937,73
6300661,116534,85
6300661,116723,84
6300661,116737,89
6300661,116847,84
6300661,117324,84
6300661,117329,84
6300661,117495,98
6300661,117620,100
6300661,117903,86
6300661,117925,78
6300661,118570,85
6300661,118586,96
6300661,118695,87
6300661,118721,86
6300661,119397,81
6300661,119650,83
6300661,119712,79
6300661,120026,60
6300661,120054,86
6300661,120622,83
6300661,120649,89
6300661,122109,84
6300661,122278,75
6300661,122848,70
6300661,122877,70
6300661,123004,79
6300661,123777,89
6300661,125555,79
6300661,125948,72
6300661,126135,89
6300661,126247,70
6300661,126292,83
6300661,126722,89
6300661,127440,93
6300661,127894,85
6300661,128732,92
6300661,128829,89
6300661,128983,75
6300661,129023,84
6300661,129343,87
6300661,129970,93
6300661,130711,97
6300661,130750,40
6300661,130983,70
6300661,132021,87
6300661,134255,83
6300661,134709,79
6300661,135083,90
6300661,135802,91
6300661,136109,87
6300661,136253,84
6300661,137623,88
6300661,137975,75
6300661,138012,50
6300661,138013,80
6300661,138037,73
6300661,138066,84
6300661,138071,87
6300661,138318,86
6300661,138367,85
6300661,138598,80
6300661,138603,99
6300661,138850,92
6300661,139399,75
6300661,139841,77
6300661,140269,86
6300661,140475,87
6300661,141245,84
6300661,141756,98
6300661,142945,79
6300661,143216,90
6300661,143535,84
6300661,145268,88
6300661,145473,87
6300661,146139,80
6300661,146169,84
6300661,146682,74
6300661,146908,88
6300661,147149,88
6300661,147205,84
6300661,147742,85
6300661,148311,80
6300661,149291,79
6300661,149544,96
6300661,150835,80
6300661,150890,84
6300661,151675,89
6300661,151905,70
6300661,151909,87
6300661,152127,75
6300661,153405,70
6300661,153904,70
6300661,154008,88
6300661,154909,83
6300661,155470,70
6300661,155471,96
6300661,156303,80
6300661,156348,80
6300661,156935,86
6300661,159822,83
6300661,159925,84
6300661,160880,80
6300661,161240,89
6300661,161477,84
6300661,161653,80
6300661,161772,80
6300661,162236,85
6300661,162335,70
6300661,162412,85
6300661,162671,80
6300661,163224,90
6300661,164303,78
6300661,164400,65
6300661,164581,84
6300661,164770,75
6300661,165204,82
6300661,166712,75
6300661,166869,73
6300661,166870,79
6300661,169091,87
6300661,169137,80
6300661,169254,80
6300661,169904,87
6300661,169922,86
6300661,170850,60
6300661,171087,65
6300661,171289,84
6300661,171544,90
6300661,171641,40
6300661,171729,86
6300661,171950,70
6300661,171991,83
6300661,172110,70
6300661,172369,81
6300661,173495,80
6300661,174603,90
6300661,174604,79
6300661,174798,75
6300661,174875,100
6300661,175129,65
6300661,175145,86
6300661,175451,75
6300661,176606,77
6300661,176854,77
6300661,178039,88
6300661,178041,80
6300661,178107,70
6300661,178235,80
6300661,180517,85
6300661,181042,84
6300661,181442,79
6300661,182243,84
7085271,103854,80
7085271,104271,50
7085271,105398,90
7085271,105778,90
7085271,107918,60
7085271,110605,100
7085271,111212,80
7085271,113055,70
7085271,116452,80
7085271,117460,50
7085271,119257,90
7085271,119521,100
7085271,120385,90
7085271,120980,80
7085271,123573,90
7085271,126297,80
7085271,128067,100
7085271,128882,80
7085271,130429,70
7085271,130511,60
7085271,130566,100
7085271,131263,70
7085271,132144,100
7085271,133070,70
7085271,134635,90
7085271,136204,80
7085271,136220,100
7085271,137304,90
7085271,140475,100
7085271,141076,100
7085271,141958,50
7085271,142352,80
7085271,142791,90
7085271,144658,80
7085271,146139,80
7085271,151512,90
7085271,152128,80
7085271,152397,80
7085271,152422,40
7085271,152654,50
7085271,153207,100
7085271,153432,80
7085271,153563,70
7085271,155485,70
7085271,155896,90
7085271,156193,60
7085271,158440,40
7085271,159441,90
7085271,163824,70
7085271,164122,50
7085271,164857,70
7085271,170400,80
7085271,170688,90
7085271,174054,70
7085271,174515,90
7085271,175946,90
7085271,180422,70
7085271,183285,90
7085271,185922,80
6325513,32921,100
6325513,51263,80
6325513,92405,90
6325513,96775,100
6325513,99757,100
6325513,101583,100
6325513,101745,60
6325513,105398,100
6325513,106098,80
6325513,107521,100
6325513,108152,100
6325513,110605,100
6325513,114542,90
6325513,116827,100
6325513,118408,50
6325513,120734,30
6325513,120760,100
6325513,125116,60
6325513,128067,80
6325513,128521,100
6325513,130429,80
6325513,140407,100
6325513,155855,80
6325513,159441,80
6325513,170146,100
5955497,30002,100
5955497,30011,40
5955497,30012,60
5955497,30013,80
5955497,30024,100
5955497,30026,80
5955497,30042,70
5955497,30045,50
5955497,30085,80
5955497,30872,30
5955497,31101,40
5955497,31133,50
5955497,31517,50
5955497,31630,70
5955497,31658,60
5955497,31706,100
5955497,33006,60
5955497,33008,50
5955497,33009,80
5955497,38848,20
5955497,46688,20
5955497,53390,40
5955497,54294,80
5955497,55515,50
5955497,61499,30
5955497,63327,30
5955497,85135,70
5955497,86890,90
5955497,98334,50
5955497,99609,70
5955497,101517,40
5955497,101860,10
5955497,103029,60
5955497,105778,70
5955497,106130,50
5955497,125828,40
5955497,132029,90
5955497,138072,60
5955497,164303,30
5633573,30021,90
5633573,30463,95
5633573,38967,100
5633573,39699,60
5633573,63327,80
5633573,65573,60
5633573,85135,100
5633573,85284,65
5633573,86778,70
5633573,97553,100
5633573,98305,65
5633573,98674,95
5633573,100584,75
5633573,102988,65
5633573,103111,75
5633573,111477,70
5633573,112579,75
5633573,115415,75
5633573,120641,65
5633573,124621,70
5633573,130837,45
5633573,138648,50
5633573,146256,60
7536957,30070,85
7536957,30085,80
7536957,30671,75
7536957,31133,90
7536957,31331,75
7536957,33048,75
7536957,36778,60
7536957,43731,60
7536957,44790,75
7536957,45821,55
7536957,50424,65
7536957,52519,80
7536957,55250,80
7536957,55855,70
7536957,62961,55
7536957,63699,60
7536957,66369,80
7536957,68135,65
7536957,73661,75
7536957,77949,55
7536957,79205,65
7536957,85139,80
7536957,85161,75
7536957,85196,60
7536957,85220,75
7536957,85412,80
7536957,85460,60
7536957,85495,65
7536957,85704,65
7536957,85802,70
7536957,85890,65
7536957,85973,75
7536957,85978,50
7536957,86053,60
7536957,86063,55
7536957,86082,95
7536957,86300,75
7536957,86303,75
7536957,86551,90
7536957,86590,70
7536957,86655,75
7536957,86952,75
7536957,87074,75
7536957,87160,70
7536957,87225,75
7536957,93940,70
7536957,95098,90
7536957,96754,90
7536957,96775,80
7536957,97216,80
7536957,97277,45
7536957,97529,70
7536957,97596,65
7536957,97599,80
7536957,98014,65
7536957,98109,75
7536957,98263,80
7536957,98341,75
7536957,98413,60
7536957,98625,75
7536957,98686,75
7536957,98800,35
7536957,98822,70
7536957,98842,80
7536957,99022,80
7536957,99324,90
7536957,99462,85
7536957,100080,80
7536957,100155,75
7536957,100209,75
7536957,100584,80
7536957,100664,75
7536957,100959,65
7536957,101143,70
7536957,101315,60
7536957,101335,85
7536957,101468,70
7536957,101521,75
7536957,101552,65
7536957,101557,85
7536957,101583,85
7536957,102476,70
7536957,102732,65
7536957,103111,75
7536957,103203,75
7536957,103621,65
7536957,103629,70
7536957,104197,75
7536957,104232,70
7536957,104255,70
7536957,104402,55
7536957,104672,65
7536957,104853,65
7536957,104991,75
7536957,105398,60
7536957,105791,60
7536957,105977,60
7536957,106035,85
7536957,106757,70
7536957,106758,80
7536957,106835,80
7536957,107100,60
7536957,107603,60
7536957,107700,70
7536957,107751,75
7536957,107787,65
7536957,107825,60
7536957,108011,65
7536957,108070,90
7536957,109017,90
7536957,109047,80
7536957,110617,65
7536957,110837,65
7536957,111233,90
7536957,111507,40
7536957,111577,70
7536957,112538,55
7536957,112621,80
7536957,113449,60
7536957,113624,75
7536957,113636,65
7536957,114519,70
7536957,114903,70
7536957,115149,70
7536957,115209,60
7536957,115604,60
7536957,115897,75
7536957,116180,75
7536957,116551,75
7536957,116961,70
7536957,117195,75
7536957,117347,70
7536957,117903,75
7536957,117925,75
7536957,118084,70
7536957,118519,70
7536957,118586,100
7536957,118695,85
7536957,118724,60
7536957,119309,40
7536957,119353,70
7536957,119506,90
7536957,119507,70
7536957,119650,80
7536957,119753,45
7536957,119816,65
7536957,119968,65
7536957,120112,80
7536957,120745,50
7536957,121410,60
7536957,121426,80
7536957,121443,75
7536957,121762,70
7536957,122362,75
7536957,122842,50
7536957,123261,65
7536957,123286,60
7536957,124227,60
7536957,125504,65
7536957,125555,75
7536957,125563,65
7536957,125579,65
7536957,125580,65
7536957,125726,75
7536957,126603,70
7536957,126764,65
7536957,128413,60
7536957,128666,85
7536957,129504,65
7536957,130750,80
7536957,130933,70
7536957,131140,75
7536957,132657,75
7536957,133803,70
7536957,135378,90
7536957,136495,70
7536957,136508,75
7536957,136520,60
7536957,137623,80
7536957,138136,60
7536957,138555,75
7536957,139415,55
7536957,140334,70
7536957,141152,85
7536957,141277,65
7536957,141947,65
7536957,142135,70
7536957,142144,75
7536957,142568,80
7536957,143516,90
7536957,143658,65
7536957,143874,70
7536957,144599,80
7536957,145382,55
7536957,145675,70
7536957,146682,75
7536957,146783,60
7536957,147863,75
7536957,148026,75
7536957,148305,85
7536957,148311,70
7536957,149323,80
7536957,150184,60
7536957,150186,60
7536957,150440,80
7536957,150520,60
7536957,151534,55
7536957,151750,65
7536957,151905,60
7536957,151920,60
7536957,152703,65
7536957,152913,60
7536957,153007,100
7536957,153825,75
7536957,154597,60
7536957,155855,80
7536957,155872,80
7536957,157391,70
7536957,157525,70
7536957,158407,70
7536957,158954,65
7536957,159212,80
7536957,159294,60
7536957,159547,65
7536957,159601,65
7536957,159628,50
7536957,159658,65
7536957,161039,60
7536957,161477,75
7536957,161915,50
7536957,162318,65
7536957,162325,90
7536957,163547,70
7536957,164956,60
7536957,167472,70
7536957,168346,70
7536957,168619,65
7536957,168629,65
7536957,169355,95
7536957,169548,55
7536957,169904,75
7536957,170106,60
7536957,170601,70
7536957,171701,70
7536957,171900,80
7536957,172369,75
7536957,172735,70
7536957,173022,55
7536957,173492,60
7536957,174054,65
7536957,174315,75
7536957,175209,80
7536957,175607,55
7536957,175752,75
7536957,177096,75
7536957,177117,60
7536957,177188,65
7536957,177431,75
7536957,177544,65
7536957,178114,75
7536957,178135,80
7536957,178165,65
7536957,180109,65
7536957,180209,65
7536957,180511,80
7536957,180686,75
7536957,180752,90
7536957,180780,55
7536957,181042,75
7536957,181057,75
7536957,181226,75
7536957,181741,70
7536957,182630,65
7536957,182952,65
7536957,182970,70
7536957,183115,65
7536957,183382,65
7536957,183610,70
7536957,184349,70
7536957,184637,55
7536957,184773,70
7536957,185044,70
7536957,185081,60
7536957,185742,50
7536957,186187,60
7536957,186345,75
7536957,186869,75
7536957,187039,65
7536957,187604,75
7536957,187658,65
7536957,187811,75
7536957,187863,65
7536957,189201,55
7536957,189757,60
7536957,189860,60
7536957,189898,70
7536957,189960,60
7536957,190971,80
7536957,192764,70
7536957,193357,70
7536957,193582,65
7536957,193789,55
7536957,194412,70
7536957,195083,75
7536957,195948,80
7536957,196259,70
7536957,198100,80
7536957,198584,75
7536957,198799,45
7536957,200018,70
7536957,200366,65
7536957,201643,60
7536957,201753,60
7536957,201772,70
7536957,201855,80
7536957,202332,65
7536957,203670,55
7536957,204103,65
7536957,204153,80
7536957,205515,75
7536957,205790,70
7536957,206172,35
7536957,206373,75
7536957,206707,65
7536957,207086,70
7536957,207384,70
8218318,30030,100
8218318,39699,80
8218318,42554,70
8218318,44720,80
8218318,48200,80
8218318,49549,60
8218318,49570,40
8218318,53390,100
8218318,54692,100
8218318,55081,50
8218318,56324,60
8218318,58449,100
8218318,61529,60
8218318,63327,100
8218318,66615,80
8218318,72451,80
8218318,84897,80
8218318,85307,100
8218318,85555,90
8218318,85616,90
8218318,85617,70
8218318,85734,100
8218318,85850,100
8218318,85899,70
8218318,85922,80
8218318,86003,60
8218318,86964,90
8218318,87023,70
8218318,87347,90
8218318,87463,70
8218318,94341,70
8218318,97518,80
8218318,97843,80
8218318,98359,70
8218318,98370,100
8218318,99902,60
8218318,100805,80
8218318,100994,100
8218318,101328,70
8218318,103216,60
8218318,103610,70
8218318,105850,80
8218318,107416,60
8218318,108027,90
8218318,109064,70
8218318,109226,50
8218318,110040,70
8218318,110961,70
8218318,111579,60
8218318,112484,80
8218318,113531,80
8218318,114328,80
8218318,114329,80
8218318,117875,60
8218318,120177,60
8218318,120217,80
8218318,120997,60
8218318,122095,60
8218318,122252,90
8218318,123201,90
8218318,124297,70
8218318,124639,80
8218318,126388,60
8218318,134346,100
8218318,138603,100
8218318,138632,70
8218318,143079,70
8218318,146918,90
8218318,150213,80
8218318,154355,70
8218318,155108,100
8218318,157469,80
8218318,159709,70
8218318,163002,80
8218318,165751,90
8218318,166632,70
8218318,167108,80
8218318,168002,100
8218318,170042,70
8218318,171289,100
8218318,175126,70
8218318,176767,80
8218318,181785,80
8218318,183955,90
8218318,184053,70
8218318,185944,80
8218318,187073,80
8218318,187110,70
8218318,188558,80
8218318,191289,70
8218318,191514,70
8218318,195764,70
8218318,211626,80
978953,30012,100
978953,30656,90
978953,85143,80
978953,86707,90
978953,97884,90
978953,101408,80
978953,104300,90
978953,104494,80
978953,105398,90
978953,105717,70
978953,107279,90
978953,107518,90
978953,108420,80
978953,109957,90
978953,110462,80
978953,110472,70
978953,110744,80
978953,112197,90
978953,113488,90
978953,113607,70
978953,114198,90
978953,114595,80
978953,116506,50
978953,117536,80
978953,118424,90
978953,119474,80
978953,119521,90
978953,120158,80
978953,120439,30
978953,123573,90
978953,125636,90
978953,128067,90
978953,130511,80
978953,130581,80
978953,130870,80
978953,131139,60
978953,132144,90
978953,132457,70
978953,133708,90
978953,134858,90
978953,135325,90
978953,135369,80
978953,136204,70
978953,136220,70
978953,136331,90
978953,137304,70
978953,137375,90
978953,137969,80
978953,138222,90
978953,138666,70
978953,139194,80
978953,139572,80
978953,140407,90
978953,141007,90
978953,141011,70
978953,143056,80
978953,143117,80
978953,143352,80
978953,144079,80
978953,147027,80
978953,147379,70
978953,149332,90
978953,152128,80
978953,156558,90
5539199,30001,87
5539199,30002,100
5539199,30003,100
5539199,30013,80
5539199,30026,86
5539199,30042,100
5539199,30044,97
5539199,30053,97
5539199,30344,45
5539199,30564,80
5539199,30642,100
5539199,30656,100
5539199,30664,95
5539199,30731,90
5539199,30745,95
5539199,30904,100
5539199,30936,100
5539199,31303,100
5539199,33258,97
5539199,33281,93
5539199,34632,95
5539199,35709,65
5539199,35819,95
5539199,38947,85
5539199,43290,87
5539199,43419,95
5539199,45279,97
5539199,49969,97
5539199,56322,55
5539199,85165,90
5539199,95126,95
5539199,98587,85
5539199,101233,80
6027393,30028,50
6027393,30104,90
6027393,30584,70
6027393,47731,70
6027393,55081,90
6027393,72451,90
6027393,85555,90
6027393,85625,90
6027393,85837,90
6027393,85899,90
6027393,87347,90
6027393,93158,50
6027393,96564,10
6027393,97848,50
6027393,97897,70
6027393,98620,90
6027393,99905,90
6027393,101196,90
6027393,101538,50
6027393,102738,90
6027393,103094,90
6027393,105778,70
6027393,105783,70
6027393,106884,50
6027393,107400,90
6027393,107930,70
6027393,109579,90
6027393,110041,90
6027393,111621,70
6027393,113252,50
6027393,113551,90
6027393,113746,50
6027393,114726,70
6027393,116007,90
6027393,117195,90
6027393,117712,50
6027393,118665,70
6027393,119277,90
6027393,119913,50
6027393,120171,90
6027393,121397,90
6027393,121756,70
6027393,121977,70
6027393,123177,90
6027393,124273,90
6027393,124576,90
6027393,125430,90
6027393,125599,90
6027393,129420,90
6027393,129774,90
6027393,129820,90
6027393,132120,90
6027393,133494,90
6027393,135783,90
6027393,136997,50
6027393,137971,70
6027393,139872,90
6027393,141269,90
6027393,144488,70
6027393,145984,90
6027393,150109,70
6027393,150345,10
6027393,151630,90
6027393,152647,90
6027393,156703,70
6027393,158250,90
6027393,159738,50
6027393,163534,90
6027393,164074,90
6027393,164535,70
6027393,166180,90
6027393,176263,90
12412,30160,80
12412,30318,70
12412,30447,60
12412,30615,100
12412,30910,100
12412,31087,90
12412,31088,90
12412,31096,90
12412,31142,100
12412,31143,70
12412,31282,80
12412,31339,80
12412,31394,70
12412,31501,80
12412,31717,90
12412,31877,70
12412,32572,100
12412,32921,100
12412,33048,70
12412,33093,90
12412,33102,100
12412,33288,80
12412,33697,60
12412,33758,80
12412,34077,80
12412,34293,90
12412,34515,60
12412,35194,100
12412,35257,60
12412,36778,90
12412,40706,60
12412,40846,90
12412,41081,70
12412,41187,100
12412,41566,90
12412,41811,90
12412,42090,100
12412,42629,100
12412,42756,80
12412,42885,90
12412,43273,50
12412,43731,100
12412,43883,80
12412,44386,70
12412,44457,80
12412,44657,90
12412,44710,90
12412,45221,100
12412,46688,90
12412,47169,80
12412,47900,70
12412,50580,60
12412,50755,50
12412,51419,100
12412,52638,100
12412,52996,60
12412,54397,70
12412,54441,80
12412,57615,60
12412,60123,100
12412,62379,90
12412,64253,70
12412,71573,70
12412,84517,70
5535595,30002,100
5535595,30021,90
5535595,30436,80
5535595,30651,90
5535595,30912,70
5535595,33282,90
5535595,35356,70
5535595,67439,90
5535595,69325,92
5535595,71767,85
5535595,76318,90
5535595,76936,70
5535595,80217,90
5535595,81747,100
5535595,82817,79
5535595,85135,100
5535595,85143,100
5535595,85199,80
5535595,85215,80
5535595,85496,95
5535595,85522,100
5535595,85802,99
5535595,86112,75
5535595,86123,95
5535595,86489,70
5535595,86526,82
5535595,86631,75
5535595,86635,100
5535595,86964,100
5535595,87333,80
5535595,87423,99
5535595,88577,70
5535595,95409,85
5535595,96791,70
5535595,97337,100
5535595,97553,80
5535595,97603,90
5535595,97828,85
5535595,98159,65
5535595,98848,80
5535595,99022,90
5535595,99371,96
5535595,99609,95
5535595,99853,84
5535595,100156,95
5535595,100207,90
5535595,100568,100
5535595,101088,85
5535595,101274,85
5535595,101437,90
5535595,101517,90
5535595,102966,80
5535595,102988,90
5535595,103240,70
5535595,103295,90
5535595,104227,90
5535595,104234,75
5535595,104240,100
5535595,104265,100
5535595,104279,95
5535595,104280,96
5535595,104494,100
5535595,104516,90
5535595,104966,72
5535595,105097,90
5535595,105778,100
5535595,106190,85
5535595,106301,90
5535595,106488,75
5535595,106810,83
5535595,106811,89
5535595,106947,95
5535595,106949,100
5535595,106969,100
5535595,107046,65
5535595,107048,78
5535595,107237,90
5535595,107406,80
5535595,107454,100
5535595,107731,90
5535595,107921,55
5535595,108492,100
5535595,108556,100
5535595,108682,85
5535595,109084,85
5535595,109239,90
5535595,109308,80
5535595,109320,65
5535595,109576,85
5535595,109652,65
5535595,110091,75
5535595,110167,55
5535595,110599,90
5535595,111095,96
5535595,111249,50
5535595,111748,91
5535595,112275,95
5535595,112330,90
5535595,113350,97
5535595,113473,92
5535595,113530,55
5535595,113631,70
5535595,113665,80
5535595,114235,60
5535595,114542,85
5535595,116353,100
5535595,117195,95
5535595,117752,50
5535595,117766,90
5535595,117824,90
5535595,118599,90
5535595,119439,70
5535595,119448,50
5535595,119645,30
5535595,119869,50
5535595,120166,80
5535595,120982,98
5535595,121256,70
5535595,121805,80
5535595,122696,55
5535595,122704,70
5535595,122849,55
5535595,123280,53
5535595,123409,90
5535595,123554,75
5535595,125025,70
5535595,125245,65
5535595,125584,70
5535595,125748,70
5535595,126794,85
5535595,127821,85
5535595,128636,75
5535595,128806,85
5535595,128976,85
5535595,128998,85
5535595,129574,100
5535595,129620,70
5535595,130840,90
5535595,132592,80
5535595,132794,80
5535595,134794,70
5535595,135209,81
5535595,136858,75
5535595,136980,70
5535595,137161,68
5535595,137396,75
5535595,137975,70
5535595,138513,65
5535595,139936,65
5535595,140154,70
5535595,140698,81
5535595,140745,60
5535595,141144,95
5535595,141264,80
5535595,141308,50
5535595,141617,50
5535595,141675,75
5535595,141812,59
5535595,141939,92
5535595,142005,76
5535595,142066,100
5535595,142071,87
5535595,142072,85
5535595,142073,100
5535595,142127,70
5535595,142419,70
5535595,142433,75
5535595,142557,75
5535595,142676,70
5535595,142680,70
5535595,142801,70
5535595,142913,49
5535595,143066,60
5535595,143067,60
5535595,143070,55
5535595,143093,70
5535595,143464,55
5535595,143486,70
5535595,143497,60
5535595,143595,71
5535595,143606,75
5535595,143609,60
5535595,143752,75
5535595,143830,75
5535595,143860,60
5535595,143937,60
5535595,144183,60
5535595,144500,85
5535595,144620,70
5535595,144665,60
5535595,144709,65
5535595,144860,60
5535595,144875,60
5535595,144953,70
5535595,145204,70
5535595,145312,60
5535595,145726,72
5535595,146683,80
5535595,147137,80
5535595,148115,92
5535595,149333,75
5535595,149576,60
5535595,149691,50
5535595,149693,70
5535595,149766,60
5535595,149832,70
5535595,149867,70
5535595,149894,50
5535595,149978,60
5535595,149989,50
5535595,150435,60
5763192,30029,90
5763192,30030,70
5763192,30085,80
5763192,30104,95
5763192,30463,65
5763192,30729,90
5763192,31926,65
5763192,33104,85
5763192,33731,60
5763192,34632,100
5763192,47353,75
5763192,47552,90
5763192,51419,75
5763192,51467,90
5763192,52597,75
5763192,54294,75
5763192,54705,80
5763192,54808,60
5763192,55250,80
5763192,56479,70
5763192,58303,25
5763192,58533,40
5763192,63327,70
5763192,66267,70
5763192,66595,80
5763192,71769,70
5763192,72451,80
5763192,74501,75
5763192,80145,60
5763192,85189,95
5763192,85235,70
5763192,85281,80
5763192,85282,40
5763192,85316,85
5763192,85395,80
5763192,85402,60
5763192,85419,60
5763192,85533,80
5763192,85697,80
5763192,86206,50
5763192,86218,90
5763192,86303,55
5763192,86549,80
5763192,86635,100
5763192,86717,85
5763192,86770,80
5763192,87170,50
5763192,87234,65
5763192,87423,90
5763192,87443,70
5763192,87459,80
5763192,93433,90
5763192,94490,100
5763192,96180,20
5763192,97852,40
5763192,97865,35
5763192,98112,75
5763192,98285,30
5763192,98397,60
5763192,98587,90
5763192,98686,62
5763192,99023,60
5763192,99140,70
5763192,99549,75
5763192,99851,75
5763192,99943,20
5763192,100080,40
5763192,100229,40
5763192,100230,70
5763192,100488,75
5763192,100494,65
5763192,100584,75
5763192,100664,65
5763192,101047,70
5763192,101072,100
5763192,101176,80
5763192,101233,90
5763192,101583,65
5763192,101724,60
5763192,101755,55
5763192,101774,50
5763192,101795,20
5763192,102047,70
5763192,102215,65
5763192,102271,60
5763192,102423,55
5763192,102490,69
5763192,103111,60
5763192,103213,75
5763192,103219,60
5763192,103252,77
5763192,103839,80
5763192,103845,70
5763192,104241,85
5763192,104263,33
5763192,104864,70
5763192,104977,50
5763192,104988,65
5763192,105332,90
5763192,105422,50
5763192,105438,50
5763192,105439,50
5763192,105747,80
5763192,105768,85
5763192,105778,60
5763192,105896,20
5763192,106660,43
5763192,106726,70
5763192,106867,75
5763192,107265,90
5763192,108264,45
5763192,108440,75
5763192,108556,50
5763192,108946,90
5763192,109398,75
5763192,109728,80
5763192,110140,80
5763192,110167,65
5763192,110205,75
5763192,110473,75
5763192,110742,80
5763192,111403,75
5763192,111970,75
5763192,112304,20
5763192,112579,80
5763192,113168,70
5763192,113326,40
5763192,113743,30
5763192,114003,90
5763192,115149,50
5763192,116170,100
5763192,116774,65
5763192,117073,70
5763192,117195,65
5763192,117230,65
5763192,117620,100
5763192,117785,50
5763192,118859,65
5763192,119767,70
5763192,121088,75
5763192,125828,60
5763192,126292,75
5763192,126768,70
5763192,127122,90
5763192,127340,80
5763192,128964,70
5763192,128976,40
5763192,129574,100
5763192,131013,70
5763192,133686,20
5763192,134771,80
5763192,135078,60
5763192,135356,90
5763192,135930,70
5763192,137518,70
5763192,139841,65
5763192,147149,75
5763192,147902,70
5763192,147997,55
5763192,149291,65
5763192,149544,55
5763192,152855,20
5763192,155471,70
5763192,163906,70
5763192,164708,70
5763192,167062,60
5763192,168854,70
5763192,169254,55
5763192,169675,10
5763192,180989,50
5206947,30001,90
5206947,30002,90
5206947,30012,100
5206947,30025,100
5206947,30051,100
5206947,30642,100
5206947,30656,100
5206947,46765,90
5206947,53390,100
5206947,54705,100
5206947,63327,80
5206947,65243,100
5206947,74347,100
5206947,85135,90
5206947,85486,80
5206947,85611,80
5206947,87216,90
5206947,87395,80
5206947,100568,90
5206947,102988,70
5206947,106130,90
5206947,107237,90
6457338,85911,85
6457338,86848,100
6457338,86964,100
6457338,100954,100
6457338,105398,65
6457338,106758,73
6457338,110472,85
6457338,119257,80
6457338,120585,95
6457338,123687,75
6457338,126297,90
6457338,127102,30
6457338,127783,100
6457338,128067,85
6457338,128521,70
6457338,130149,90
6457338,130229,100
6457338,132144,100
6457338,136099,75
6457338,137304,100
6457338,137595,70
6457338,140407,95
6457338,141958,90
6457338,142352,70
6457338,150744,85
6457338,150836,80
6457338,151025,65
6457338,151457,65
6457338,151512,75
6457338,152128,70
6457338,153284,80
6457338,153987,55
6457338,158448,100
6457338,160778,80
6457338,163824,70
6457338,167834,85
8771,30011,80
8771,30012,80
8771,30015,80
8771,30016,80
8771,30021,90
8771,30025,90
8771,30047,90
8771,30074,80
8771,30090,70
8771,30584,80
8771,30908,100
8771,30933,90
8771,30998,80
8771,31162,80
8771,31391,100
8771,32935,90
8771,34632,90
8771,38967,90
8771,39711,90
8771,55132,80
8771,63327,90
8771,85611,80
8771,87170,90
8771,105778,90
167501,30002,100
167501,30011,90
167501,30013,90
167501,30021,90
167501,30029,70
167501,30436,70
167501,30656,100
167501,30872,70
167501,30936,90
167501,31517,70
167501,31630,80
167501,33006,90
167501,33008,90
167501,34632,90
167501,44568,70
167501,46765,90
167501,53390,100
167501,63327,100
167501,85486,70
167501,85611,100
167501,87216,80
167501,101517,90
167501,102988,80
167501,105398,90
167501,105469,90
167501,105778,80
357733,30002,90
357733,30011,90
357733,30012,90
357733,30013,100
357733,30026,80
357733,30598,90
357733,30656,100
357733,53390,100
357733,54692,80
357733,55132,80
357733,63327,90
357733,65003,80
357733,85135,100
357733,85611,80
357733,85849,100
357733,86635,90
357733,87216,90
357733,87395,80
357733,87423,80
357733,98416,80
5569281,63327,90
5569281,85141,90
5569281,85155,70
5569281,85208,70
5569281,85869,90
5569281,86707,90
5569281,86785,70
5569281,86964,90
5569281,87216,90
5569281,97770,90
5569281,100954,90
5569281,101418,90
5569281,101517,90
5569281,104494,90
5569281,105393,90
5569281,105398,90
5569281,105778,90
5569281,106929,90
5569281,107518,70
5569281,107966,90
5569281,109957,90
5569281,110472,90
5569281,111573,90
5569281,112197,90
5569281,113607,90
5569281,113666,90
5569281,114605,90
5569281,116353,90
5569281,116506,70
5569281,116768,90
5569281,117271,90
5569281,117536,90
5569281,118177,90
5569281,118601,90
5569281,119174,90
5569281,119257,90
5569281,119276,90
5569281,119428,90
5569281,119521,90
5569281,120385,90
5569281,120907,70
5569281,120980,90
5569281,121991,70
5569281,122110,90
5569281,123573,90
5569281,125636,90
5569281,125816,90
5569281,126297,90
5569281,127102,70
5569281,128067,90
5569281,128595,70
5569281,129579,90
5569281,129918,90
5569281,130149,90
5569281,130229,90
5569281,132144,90
5569281,132457,90
5569281,137595,90
396841,30002,100
396841,30011,70
396841,30024,70
396841,30042,70
396841,30598,50
396841,31706,90
396841,33006,70
396841,33008,70
396841,33009,70
396841,34632,100
396841,35994,70
396841,47353,80
396841,51151,70
396841,51419,70
396841,53390,90
396841,54692,90
396841,54705,80
396841,55132,70
396841,55297,70
396841,59983,70
396841,63327,70
396841,72451,70
396841,74347,70
396841,74489,90
396841,74929,90
396841,75275,90
396841,76716,70
396841,85189,90
396841,85216,50
396841,85307,70
396841,85442,70
396841,85486,70
396841,85611,70
396841,85802,80
396841,86008,30
396841,86122,60
396841,86171,70
396841,86551,70
396841,86964,90
396841,87178,70
396841,87216,80
396841,87459,70
396841,97641,70
396841,100774,70
396841,101311,80
396841,101517,70
396841,105778,90
396841,116186,50
396841,118370,80
968498,30012,91
968498,30013,100
968498,30564,85
968498,30642,96
968498,30656,94
968498,63327,88
968498,65243,96
968498,73661,90
968498,74347,92
968498,85143,95
968498,85442,80
968498,85486,90
968498,85564,94
968498,86123,92
968498,86310,88
968498,87178,78
968498,87216,88
968498,99943,91
968498,101517,95
968498,101583,84
968498,102988,95
968498,105398,92
968498,105778,93
968498,107098,91
968498,116266,83
968498,116671,84
968498,120760,87
5135720,30021,90
5135720,30756,90
5135720,30912,80
5135720,31658,60
5135720,39699,90
5135720,48200,90
5135720,51525,90
5135720,53390,90
5135720,63031,80
5135720,65573,80
5135720,85135,80
5135720,85388,70
5135720,86123,80
5135720,86399,90
5135720,87014,80
5135720,87423,80
5135720,97830,80
5135720,97897,70
5135720,98370,100
5135720,98416,90
5135720,98808,80
5135720,98842,80
5135720,100052,90
5135720,100805,90
5135720,100885,80
5135720,100954,80
5135720,101233,90
5135720,101517,90
5135720,101561,80
5135720,102988,90
5135720,104063,80
5135720,104203,90
5135720,104226,80
5135720,104571,80
5135720,105398,90
5135720,105778,90
5135720,105862,80
5135720,106130,90
5135720,107098,90
5135720,107282,80
5135720,108556,90
5135720,109442,60
5135720,111593,100
5135720,114644,60
5135720,117324,100
5135720,118607,90
5135720,119968,80
5135720,129791,100
5135720,132153,70
5135720,134191,100
5135720,147796,80
5135720,162801,80
5135720,168619,80
5348440,30013,85
5348440,33378,85
5348440,33468,85
5348440,53390,85
5348440,65243,85
5348440,73661,85
5348440,74347,85
5348440,85189,85
5348440,85495,60
5348440,86549,85
5348440,87216,60
5348440,87423,85
5348440,89879,85
5348440,97852,100
5348440,98416,85
5348440,98842,85
5348440,100207,85
5348440,102988,85
5348440,107234,85
5348440,108556,85
5348440,109455,85
5348440,109512,85
5348440,144946,85
5824130,30002,100
5824130,30013,87
5824130,30267,93
5824130,30436,84
5824130,30583,91
5824130,30656,100
5824130,30751,70
5824130,33992,80
5824130,34632,94
5824130,43801,90
5824130,51525,91
5824130,54098,82
5824130,63327,95
5824130,85135,95
5824130,85412,92
5824130,85442,80
5824130,85522,80
5824130,85611,95
5824130,85802,50
5824130,86218,86
5824130,86717,80
5824130,87395,90
5824130,87409,76
5824130,97553,95
5824130,98263,91
5824130,98587,92
5824130,100568,92
5824130,100664,79
5824130,100758,80
5824130,101517,94
5824130,105398,90
5824130,105469,86
5824130,105641,80
5824130,105778,93
5824130,106794,80
5824130,107120,81
5824130,107920,75
5824130,110530,85
5824130,111434,80
5824130,117010,75
5824130,118424,85
5824130,120760,60
5824130,123625,70
5824130,126693,82
5824130,126770,75
5824130,127819,80
5824130,128162,70
5824130,132029,93
5824130,133837,82
5824130,135129,99
5824130,136220,82
5824130,140407,92
5824130,143379,68
5824130,146139,80
5824130,147149,75
5824130,149323,72
5824130,149544,85
5824130,149893,70
5824130,150170,82
5824130,150890,70
5824130,152404,81
5824130,152855,71
5824130,153904,67
5824130,154014,70
5824130,154366,69
5824130,155228,75
5824130,155936,69
5824130,156303,80
5824130,157890,65
5824130,160034,66
5824130,160465,61
5824130,161493,70
5824130,162412,79
5824130,163733,60
5824130,164836,69
5824130,165012,75
5824130,166239,69
5824130,169734,60
5824130,169904,78
5824130,170235,69
5824130,170401,62
5824130,171641,71
5824130,180752,80
6206931,34571,60
6206931,69883,78
6206931,86303,95
6206931,98842,86
6206931,99022,96
6206931,105102,87
6206931,105398,89
6206931,105778,84
6206931,107521,86
6206931,118868,88
6206931,120760,93
6206931,133575,68
6206931,138363,91
6206931,139339,75
6206931,154921,96
6206931,159399,90
6206931,170151,90
6206931,170541,96
6206931,180546,72
6206931,188072,90
6206931,205407,56
6537773,30001,100
6537773,30002,100
6537773,30003,70
6537773,30013,100
6537773,30026,90
6537773,30642,90
6537773,30745,90
6537773,41054,90
6537773,46765,90
6537773,53390,90
6537773,59983,100
6537773,63327,90
6537773,74347,80
6537773,74485,40
6537773,85143,90
6537773,85486,50
6537773,86082,90
6537773,86310,69
6537773,86399,70
6537773,86508,50
6537773,86964,80
6537773,87170,50
6537773,87216,30
6537773,87423,100
6537773,87442,80
6537773,97553,80
6537773,98263,100
6537773,98416,60
6537773,98587,70
6537773,100568,50
6537773,101076,80
6537773,101233,50
6537773,101517,50
6537773,101942,70
6537773,104063,70
6537773,105393,70
6537773,105398,100
6537773,105778,60
6537773,107720,70
6537773,108952,50
6537773,110462,50
6537773,116506,70
6537773,118586,90
6537773,119257,90
6537773,119521,90
6537773,122063,90
6537773,125828,90
6537773,128067,30
6537773,130917,70
6537773,133070,50
6537773,136087,70
6537773,137304,70
6537773,138222,90
6537773,140407,90
6537773,147329,70
6537773,151460,70
6537773,154474,50
6537773,163824,90
6537773,164222,70
6537773,166154,50
6537773,169355,90
6537773,170400,90
6537773,175946,90
6537773,182066,90
7794949,74347,100
7794949,85143,100
7794949,86707,97
7794949,86848,80
7794949,103156,100
7794949,105398,95
7794949,107521,100
7794949,116353,95
7794949,118608,85
7794949,119257,97
7794949,120980,80
7794949,121991,95
7794949,123646,93
7794949,128067,100
7794949,129632,93
7794949,132029,90
7794949,136087,100
7794949,136204,75
7794949,140407,90
7794949,140475,97
7794949,141007,80
7794949,141076,100
7794949,145538,90
7794949,147149,80
7794949,154258,80
7794949,155485,95
7794949,165182,90
7794949,166122,70
7794949,172619,94
7794949,177706,95
7794949,178379,80
7794949,183376,90
7794949,187944,100
7794949,195458,80
7794949,198931,80
7794949,201009,90
7794949,202549,80
7794949,202986,70
7794949,206766,90
7794949,208364,80
8271,30001,80
8271,30003,80
8271,30016,60
8271,30020,60
8271,30021,60
8271,30025,70
8271,30042,70
8271,30051,70
8271,30145,70
8271,30366,70
8271,30395,70
8271,30430,60
8271,30436,50
8271,30444,60
8271,30447,50
8271,30564,60
8271,30616,60
8271,30664,80
8271,30738,70
8271,30745,80
8271,30768,80
8271,30818,60
8271,30838,70
8271,31101,70
8271,31162,60
8271,31376,60
8271,31461,80
8271,31471,70
8271,31479,70
8271,31514,60
8271,31649,70
8271,31671,60
8271,32080,60
8271,33102,60
8271,33258,80
8271,33285,80
8271,33438,60
8271,34227,50
8271,35673,50
8271,35819,70
8271,36853,70
8271,37181,60
8271,38586,70
8271,38967,70
8271,39296,70
8271,39935,70
8271,40552,80
8271,40619,60
8271,41327,70
8271,41734,70
8271,43026,70
8271,43344,40
8271,47465,70
8271,48015,60
8271,48939,70
8271,49007,70
8271,50954,50
8271,53217,70
8271,55297,60
8271,55300,70
8271,55322,70
8271,56325,70
8271,56404,60
8271,56584,60
8271,65459,80
8271,73913,70
8271,73915,70
8271,74307,80
8271,76282,70
8271,80217,70
8271,84897,70
8271,85527,60
8271,85887,60
8271,86136,50
8271,86894,40
8271,87208,80
8271,94490,70
8271,97824,60
6273478,30009,100
6273478,30021,90
6273478,30025,100
6273478,30045,80
6273478,30057,90
6273478,30219,100
6273478,30366,90
6273478,30789,80
6273478,30976,100
6273478,31102,100
6273478,31271,90
6273478,31282,80
6273478,31333,90
6273478,31533,100
6273478,31908,70
6273478,32149,100
6273478,32436,90
6273478,32921,90
6273478,34077,60
6273478,34207,90
6273478,34768,90
6273478,35664,90
6273478,35801,100
6273478,36520,90
6273478,38205,90
6273478,39711,100
6273478,40010,100
6273478,42586,80
6273478,43559,80
6273478,43949,100
6273478,44710,70
6273478,45091,100
6273478,45661,70
6273478,46567,100
6273478,46815,90
6273478,47770,70
6273478,48019,80
6273478,48222,80
6273478,49098,90
6273478,49237,80
6273478,50242,90
6273478,53854,90
6273478,56144,100
6273478,56584,90
6273478,64339,60
6273478,72545,90
6273478,85214,90
6273478,85407,90
6273478,86526,90
6273478,87395,100
6273478,97371,90
6273478,100230,80
6273478,101517,90
7983307,30081,100
7983307,30124,100
7983307,31162,100
7983307,33102,100
7983307,33400,90
7983307,33731,60
7983307,33986,90
7983307,34145,80
7983307,34584,100
7983307,35000,80
7983307,35248,70
7983307,35587,90
7983307,36310,100
7983307,40846,40
7983307,40985,90
7983307,41061,100
7983307,41165,40
7983307,41187,100
7983307,41509,90
7983307,41566,100
7983307,41685,70
7983307,41734,100
7983307,41779,40
7983307,41862,90
7983307,41865,90
7983307,42384,90
7983307,42666,100
7983307,44028,70
7983307,44127,60
7983307,44670,70
7983307,44922,40
7983307,45396,90
7983307,47335,40
7983307,47552,100
7983307,47800,100
7983307,48114,90
7983307,48844,90
7983307,48969,80
7983307,49224,90
7983307,49922,100
7983307,50757,80
7983307,50954,70
7983307,51054,100
7983307,51339,100
7983307,51502,60
7983307,53212,70
7983307,53226,60
7983307,53239,70
7983307,54441,90
7983307,54455,70
7983307,54456,40
7983307,56234,90
7983307,56479,100
7983307,58659,90
7983307,59651,90
7983307,59743,70
7983307,59919,60
7983307,59931,70
7983307,60257,70
7983307,62381,70
7983307,63043,60
7983307,63327,100
7983307,63891,80
7983307,64525,90
7983307,65313,60
7983307,67499,90
7983307,68105,80
7983307,68123,90
7983307,69165,70
7983307,70481,80
7983307,71043,100
7983307,72129,100
7983307,74279,60
7983307,74319,90
7983307,74441,70
7983307,74489,90
7983307,74523,100
7983307,74929,70
7983307,75053,70
7983307,75721,40
7983307,76006,90
7983307,76070,50
7983307,76258,80
7983307,76714,100
7983307,76762,90
7983307,78055,100
7983307,79789,60
7983307,80145,90
7983307,80773,70
7983307,81099,90
7983307,81267,90
7983307,81453,90
7983307,81493,100
7983307,82257,70
7983307,85150,100
7983307,85159,40
7983307,85178,60
7983307,85190,80
7983307,85214,70
7983307,85235,80
7983307,85251,100
7983307,85277,90
7983307,85281,90
7983307,85282,60
7983307,85402,70
7983307,85412,100
7983307,85459,90
7983307,85534,60
7983307,85662,80
7983307,85663,60
7983307,85669,100
7983307,85685,80
7983307,85697,100
7983307,85818,80
7983307,85834,100
7983307,85835,80
7983307,85848,30
7983307,85858,80
7983307,85865,60
7983307,85968,60
7983307,86008,40
7983307,86156,90
7983307,86206,90
7983307,86218,90
7983307,86235,100
7983307,86244,70
7983307,86262,60
7983307,86301,70
7983307,86303,90
7983307,86376,90
7983307,86382,90
7983307,86383,60
7983307,86410,100
7983307,86434,70
7983307,86578,60
7983307,86674,70
7983307,86908,90
7983307,87074,70
7983307,87118,70
7983307,87369,90
7983307,87446,70
7983307,87451,90
7983307,88658,60
7983307,89535,70
7983307,90555,70
7983307,90680,70
7983307,94443,70
7983307,95159,80
7983307,95597,50
7983307,98777,70
7983307,98817,100
7983307,99297,80
7983307,99703,60
7983307,99852,80
7983307,100187,70
7983307,100801,90
7983307,102841,60
7983307,103056,100
7983307,103081,90
7983307,103884,80
7983307,104045,100
7983307,104151,90
7983307,105097,80
7983307,105166,70
7983307,105875,70
7983307,105977,70
7983307,106000,70
7983307,106176,100
7983307,107898,80
7983307,107987,100
7983307,108069,60
7983307,108318,60
7983307,108440,60
7983307,108919,80
7983307,109017,70
7983307,109302,100
7983307,109651,70
7983307,109661,50
7983307,110396,100
7983307,110530,80
7983307,110949,70
7983307,111168,80
7983307,111464,70
7983307,111970,80
7983307,112621,100
7983307,114970,100
7983307,117584,70
7983307,117620,100
7983307,117925,70
7983307,118695,80
7983307,119332,70
7983307,119650,70
7983307,120067,60
7983307,120112,90
7983307,120196,80
7983307,120537,80
7983307,122344,90
7983307,123777,100
7983307,124885,100
7983307,126292,90
7983307,126722,80
7983307,128839,70
7983307,132123,70
7983307,135007,60
7983307,135802,60
7983307,136109,100
7983307,136253,80
7983307,136774,60
7983307,136921,70
7983307,137145,70
7983307,137623,80
7983307,142320,90
7983307,146519,90
7983307,146682,80
7983307,148311,80
7983307,150418,80
7983307,151909,80
7983307,154014,70
7983307,157513,70
7983307,157812,60
7983307,158904,80
7983307,163180,60
7983307,164218,90
7983307,165204,70
7983307,165306,60
7983307,166198,70
7983307,171729,90
7983307,174361,80
7983307,174875,100
7983307,175145,70
7983307,175415,70
7983307,175451,80
7983307,176606,70
7983307,176854,90
7983307,177035,100
7983307,178107,70
7983307,178167,70
7983307,178230,90
7983307,178235,80
7983307,180399,70
7983307,180657,100
7983307,180856,70
7983307,181042,70
7983307,181062,90
7983307,181069,70
7983307,181543,80
7983307,181754,80
7983307,182947,70
7983307,183092,60
7983307,183482,70
7983307,183605,80
7983307,184863,100
7983307,185545,70
7983307,186345,60
7983307,186869,70
7983307,186940,90
7983307,187089,80
7983307,187604,70
7983307,187813,70
7983307,192425,80
7983307,193215,70
7983307,193277,70
7983307,193357,80
7983307,194117,60
7983307,194118,70
7983307,194290,50
7983307,194302,90
7983307,194661,90
7983307,195412,70
7983307,196146,90
7983307,196148,100
7983307,196149,100
7983307,196396,60
7983307,196673,70
7983307,197081,80
7983307,197197,90
7983307,198512,80
7983307,198798,70
7983307,201363,100
7983307,203562,90
7983307,204563,90
7983307,205515,100
7983307,206719,90
7983307,207175,90
7983307,208035,70
7983307,209943,80
150440,30014,80
150440,30030,80
150440,30047,100
150440,30074,80
150440,30102,100
150440,30104,90
150440,30396,90
150440,30598,90
150440,30705,70
150440,30726,70
150440,30749,70
150440,30894,70
150440,30908,90
150440,30928,90
150440,31397,80
150440,31470,90
150440,31624,80
150440,31749,80
150440,31750,70
150440,31859,80
150440,32060,90
150440,32561,70
150440,32921,90
150440,33299,70
150440,33403,80
150440,33408,80
150440,33537,90
150440,33631,60
150440,34358,80
150440,34571,80
150440,35255,80
150440,36320,80
150440,36774,100
150440,37627,80
150440,38157,100
150440,41701,90
150440,41782,70
150440,41896,80
150440,42384,80
150440,42451,70
150440,42994,80
150440,43492,90
150440,43702,80
150440,44236,100
150440,45469,80
150440,46036,90
150440,47207,90
150440,47394,80
150440,50208,70
150440,50561,70
150440,51525,90
150440,51614,80
150440,51860,70
150440,53217,70
150440,53661,80
150440,54692,80
150440,54767,70
150440,55132,80
150440,55148,80
150440,55810,70
150440,56736,80
150440,57231,80
150440,58174,60
150440,58863,70
150440,59211,80
150440,59887,80
150440,60315,70
150440,61497,70
150440,61499,80
150440,65003,90
150440,65309,80
150440,65719,70
150440,66723,70
150440,67707,80
150440,69237,70
150440,69325,80
150440,70053,90
150440,71957,70
150440,72451,90
150440,73661,80
150440,73855,80
150440,74155,60
150440,74733,70
150440,75335,70
150440,75499,70
150440,75757,80
150440,76896,80
150440,77873,70
150440,77977,80
150440,81123,80
150440,81267,70
150440,81315,70
150440,82047,70
150440,82277,80
150440,85139,70
150440,85223,70
150440,85257,70
150440,85310,70
150440,85319,80
150440,85369,70
150440,85392,70
150440,85395,70
150440,85400,70
150440,85410,60
150440,85433,70
150440,85434,70
150440,85435,80
150440,85442,90
150440,85489,80
150440,85529,90
150440,85632,80
150440,85734,90
150440,85843,70
150440,85849,90
150440,85891,60
150440,85920,70
150440,85959,80
150440,85963,80
150440,85981,80
150440,86030,70
150440,86113,70
150440,86139,70
150440,86156,70
150440,86171,80
150440,86218,90
150440,86239,70
150440,86310,80
150440,86376,80
150440,86437,70
150440,86522,90
150440,86614,60
150440,86691,70
150440,86898,80
150440,87138,80
150440,87216,80
150440,87363,60
150440,87379,70
150440,87382,90
150440,87384,80
150440,87415,60
150440,90314,70
150440,94819,70
150440,95209,80
150440,96574,70
150440,96668,90
150440,96842,70
150440,97080,80
150440,97212,80
150440,97925,40
150440,98014,80
150440,98201,70
150440,98219,70
150440,98367,50
150440,98370,80
150440,98490,80
150440,98587,80
150440,98694,80
150440,98806,60
150440,99023,80
150440,99086,60
150440,99560,90
150440,99632,90
150440,99886,70
150440,99891,60
150440,100948,80
150440,101860,70
150440,102271,70
150440,102492,70
150440,103194,90
150440,103255,80
150440,103843,60
150440,104045,70
150440,104484,80
150440,104988,50
150440,105941,80
150440,105949,60
150440,107238,70
150440,108318,70
150440,108542,90
150440,109285,80
150440,110951,90
150440,113754,60
150440,113982,80
150440,114483,70
150440,117584,80
150440,117620,80
150440,118226,50
150440,119041,40
150440,119301,90
150440,122128,70
150440,122344,70
150440,123004,80
150440,124885,60
150440,125078,70
150440,128906,70
150440,129345,90
150440,130799,50
150440,138830,60
150440,140169,50
150440,150378,80
150440,165840,50
150440,171729,90
150440,175752,70
150440,178107,80
150440,186869,80
6389373,30001,100
6389373,30002,100
6389373,30003,100
6389373,30007,80
6389373,30011,100
6389373,30012,100
6389373,30013,100
6389373,30014,100
6389373,30025,100
6389373,30026,100
6389373,30042,100
6389373,30043,100
6389373,30047,100
6389373,30049,80
6389373,30050,100
6389373,30051,85
6389373,30105,60
6389373,30430,85
6389373,30598,80
6389373,30642,100
6389373,30656,80
6389373,30743,80
6389373,30745,100
6389373,30869,100
6389373,30988,100
6389373,31133,100
6389373,31517,80
6389373,31630,80
6389373,37887,85
6389373,38483,100
6389373,39541,80
6389373,40010,60
6389373,41652,85
6389373,42586,85
6389373,43949,80
6389373,44790,100
6389373,46765,100
6389373,50593,40
6389373,53390,100
6389373,54692,100
6389373,55132,85
6389373,60125,60
6389373,61499,85
6389373,63327,60
6389373,65003,60
6389373,65243,100
6389373,67563,80
6389373,69883,85
6389373,73661,60
6389373,73913,85
6389373,73915,85
6389373,74347,100
6389373,74485,60
6389373,75757,80
6389373,78025,60
6389373,78151,80
6389373,85216,60
6389373,85446,60
6389373,85453,80
6389373,85486,40
6389373,86123,80
6389373,86399,80
6389373,86559,100
6389373,86624,60
6389373,86635,100
6389373,87170,80
6389373,87216,100
6389373,87395,100
6389373,87423,80
6389373,98416,85
6389373,100994,100
6389373,101517,100
6389373,101873,100
6389373,102196,60
6389373,102903,40
6389373,105398,85
6389373,105469,85
6389373,105778,100
6389373,106130,80
6389373,106929,100
6389373,107098,80
6389373,108556,100
6389373,109122,80
6389373,110605,80
6389373,114960,100
6389373,117195,80
6389373,118586,100
6389373,119257,100
6389373,119521,80
6389373,120385,100
6389373,120760,40
6389373,120980,90
6389373,125828,100
6389373,126297,60
6389373,128067,100
6389373,128882,80
6389373,132029,100
6389373,132144,100
6389373,140407,100
6389373,144957,100
6389373,146030,40
6389373,151460,100
6389373,153513,100
6389373,160693,80
6389373,165202,80
6389373,169355,100
6389373,175946,100
6389373,177706,80
6389373,179445,60
5156703,30010,100
5156703,30024,100
5156703,30051,100
5156703,30145,100
5156703,30358,100
5156703,30392,100
5156703,30443,100
5156703,30544,100
5156703,30658,100
5156703,30747,80
5156703,30923,100
5156703,30958,100
5156703,31080,80
5156703,31092,100
5156703,31133,100
5156703,33191,100
5156703,33586,100
5156703,34226,100
5156703,39699,100
5156703,45491,100
5156703,46276,100
5156703,48200,100
5156703,51525,100
5156703,67705,100
5156703,82233,100
5156703,85337,90
5156703,85617,100
5156703,85688,100
5156703,85850,100
5156703,86476,100
5156703,86568,100
5156703,86717,100
5156703,86988,100
5156703,87208,100
5156703,87347,100
5156703,87459,100
5156703,90929,100
5156703,94427,100
5156703,97931,100
5156703,98334,100
5156703,98570,100
5156703,98836,100
5156703,98842,100
5156703,99403,100
5156703,100052,100
5156703,100704,100
5156703,100941,100
5156703,100942,100
5156703,100943,100
5156703,100994,100
5156703,101517,100
5156703,102988,80
5156703,103192,100
5156703,103201,80
5156703,104060,100
5156703,104203,100
5156703,104973,100
5156703,105175,100
5156703,105678,100
5156703,106775,80
5156703,107237,100
5156703,107393,100
5156703,107521,100
5156703,108228,100
5156703,108551,100
5156703,109728,100
5156703,110084,100
5156703,110140,100
5156703,110205,100
5156703,110223,100
5156703,110961,100
5156703,111406,100
5156703,111711,100
5156703,111743,100
5156703,112335,100
5156703,113553,100
5156703,114027,100
5156703,114844,100
5156703,114964,80
5156703,115000,100
5156703,115263,100
5156703,115729,100
5156703,117339,100
5156703,117877,80
5156703,117953,80
5156703,120217,100
5156703,120528,100
5156703,120819,100
5156703,120906,100
5156703,121364,100
5156703,122823,100
5156703,123201,80
5156703,123262,100
5156703,124002,100
5156703,125167,100
5156703,125599,100
5156703,128651,100
5156703,129407,100
5156703,129685,100
5156703,130002,100
5156703,130122,100
5156703,133041,90
5156703,135074,100
5156703,135839,100
5156703,136134,80
5156703,139463,80
5156703,140428,100
5156703,148129,100
5156703,148719,100
482702,30002,100
482702,30028,99
482702,30029,80
482702,30656,90
482702,34632,95
482702,37757,75
482702,37760,84
482702,39699,79
482702,53390,84
482702,54705,79
482702,63327,80
482702,74155,33
482702,74489,95
482702,85215,81
482702,85611,100
482702,86056,70
482702,86136,78
482702,87170,90
482702,100994,63
482702,105778,93
482702,113955,100
482702,126135,90
482702,154351,75
875441,30808,69
875441,39296,100
875441,84389,80
875441,85734,100
875441,85850,100
875441,85899,100
875441,85922,100
875441,86018,87
875441,86115,100
875441,86489,96
875441,87013,90
875441,87287,75
875441,87347,100
875441,87357,95
875441,97843,40
875441,97871,80
875441,97872,80
875441,97883,83
875441,97973,100
875441,98072,89
875441,98157,90
875441,98535,90
875441,98561,100
875441,98617,100
875441,98689,90
875441,98792,80
875441,98819,85
875441,98821,100
875441,98844,100
875441,98848,100
875441,99161,100
875441,99766,84
875441,99905,94
875441,100149,90
875441,100160,90
875441,100200,96
875441,100473,90
875441,100618,90
875441,100708,90
875441,100709,70
875441,100789,90
875441,100805,100
875441,100823,100
875441,100854,100
875441,100917,99
875441,100918,90
875441,100932,90
875441,101018,80
875441,101052,85
875441,101172,90
875441,101288,80
875441,101560,80
875441,101565,84
875441,101585,92
875441,102338,95
875441,103196,77
875441,103198,90
875441,103207,86
875441,103232,80
875441,103739,100
875441,103826,80
875441,106510,90
875441,106884,90
875441,107291,80
875441,107392,90
875441,108416,100
875441,108779,99
875441,108790,96
875441,108791,100
875441,108926,90
875441,108969,100
875441,109064,100
875441,109177,80
875441,109199,100
875441,109384,100
875441,109511,90
875441,109635,90
875441,109778,90
875441,109822,100
875441,109853,90
875441,110007,80
875441,110041,80
875441,110792,73
875441,111116,90
875441,111360,90
875441,111406,100
875441,111413,93
875441,111483,87
875441,112131,95
875441,112260,90
875441,112518,90
875441,112885,90
875441,112995,90
875441,113054,100
875441,113230,95
875441,113326,90
875441,113350,100
875441,113545,90
875441,114059,90
875441,114328,100
875441,114329,100
875441,114536,70
875441,114551,80
875441,115044,95
875441,115391,100
875441,115407,70
875441,115610,80
875441,116021,80
875441,116562,90
875441,117744,83
875441,117747,90
875441,117877,100
875441,118174,60
875441,118602,90
875441,118853,90
875441,119277,80
875441,119480,97
875441,119569,85
875441,119641,100
875441,119909,100
875441,120238,80
875441,120819,90
875441,121195,100
875441,121397,85
875441,121801,80
875441,122422,90
875441,122629,90
875441,122837,90
875441,122902,100
875441,122911,100
875441,123103,100
875441,123263,95
875441,123305,80
875441,123581,100
875441,123748,92
875441,124596,100
875441,125033,90
875441,125167,83
875441,125648,90
875441,125657,70
875441,125815,80
875441,126113,90
875441,126116,70
875441,126241,90
875441,126399,95
875441,126418,80
875441,126443,70
875441,126616,93
875441,126851,90
875441,126902,100
875441,127089,80
875441,127276,80
875441,128553,80
875441,128642,90
875441,128730,80
875441,128731,80
875441,128756,90
875441,129524,90
875441,129606,84
875441,130203,87
875441,130909,90
875441,131638,88
875441,132094,92
6674547,30012,20
6674547,30013,100
6674547,30436,80
6674547,30908,100
6674547,31133,100
6674547,31504,100
6674547,31702,100
6674547,33731,90
6674547,34632,100
6674547,35427,90
6674547,38070,85
6674547,52305,60
6674547,54705,100
6674547,55250,90
6674547,66595,90
6674547,68071,90
6674547,74489,100
6674547,85412,100
6674547,85616,65
6674547,86082,100
6674547,86217,80
6674547,86218,100
6674547,86310,90
6674547,86635,100
6674547,86770,100
6674547,87079,70
6674547,87170,100
6674547,87459,100
6674547,100994,90
6674547,101517,70
6674547,105768,60
6674547,105778,100
6674547,106726,100
6674547,107967,100
6674547,111233,80
6674547,112579,90
6674547,126135,100
6674547,132029,100
6674547,141261,70
6674547,142568,90
5225709,30002,80
5225709,30004,70
5225709,31487,70
5225709,44670,70
5225709,61499,60
5225709,66369,70
5225709,67871,70
5225709,71735,60
5225709,72451,70
5225709,74347,70
5225709,80133,50
5225709,85209,80
5225709,85449,60
5225709,85486,69
5225709,85697,70
5225709,86206,70
5225709,86235,70
5225709,86292,70
5225709,86635,80
5225709,86781,70
5225709,87216,70
5225709,87319,70
5225709,87459,80
5225709,93940,70
5225709,97553,70
5225709,97842,70
5225709,98235,60
5225709,98686,60
5225709,99140,70
5225709,99943,60
5225709,100187,70
5225709,100230,80
5225709,100869,50
5225709,103081,70
5225709,103845,60
5225709,104112,60
5225709,104831,70
5225709,105122,60
5225709,105577,70
5225709,105747,80
5225709,105949,70
5225709,106000,70
5225709,106232,70
5225709,108318,60
5225709,109224,70
5225709,109406,70
5225709,110809,60
5225709,111168,60
5225709,113701,60
5225709,120948,60
5225709,127778,60
5225709,142568,70
387696,30013,80
387696,30149,100
387696,30583,90
387696,30838,70
387696,30912,40
387696,31162,60
387696,33258,80
387696,33285,100
387696,36164,70
387696,38483,80
387696,43883,50
387696,45578,80
387696,46765,70
387696,48896,60
387696,52143,70
387696,61499,70
387696,63327,90
387696,67013,70
387696,69679,50
387696,78035,80
387696,78151,70
387696,80145,50
387696,85216,70
387696,85282,30
387696,85567,70
387696,85611,90
387696,85671,50
387696,85802,70
387696,85887,40
387696,86123,70
387696,86214,60
387696,86312,50
387696,86964,90
387696,97207,60
387696,97553,80
387696,97852,80
387696,98346,50
387696,99683,50
387696,99943,70
387696,100230,70
387696,103613,40
387696,105778,70
387696,106654,50
387696,107237,70
794875,30028,98
794875,30366,60
794875,30463,70
794875,31288,60
794875,31501,80
794875,31517,70
794875,31630,68
794875,33731,75
794875,34632,100
794875,38967,95
794875,41734,70
794875,44491,10
794875,45317,30
794875,47353,70
794875,47465,80
794875,48597,42
794875,52638,70
794875,53390,67
794875,54275,30
794875,58226,60
794875,59931,10
794875,60315,72
794875,65573,70
794875,65713,50
794875,67013,60
794875,69291,87
794875,72451,80
794875,74155,60
794875,74489,80
794875,74929,50
794875,76282,92
794875,77617,70
794875,79809,60
794875,80145,90
794875,82741,50
794875,85138,100
794875,85143,100
794875,85173,72
794875,85216,40
794875,85282,70
794875,85349,73
794875,85377,40
794875,85417,92
794875,85533,70
794875,85536,10
794875,85566,40
794875,85703,50
794875,85802,70
794875,85849,90
794875,85887,70
794875,85947,40
794875,86218,90
794875,86300,70
794875,86481,90
794875,86635,95
794875,86639,85
794875,86804,50
794875,86833,79
794875,86964,72
794875,87170,80
794875,87234,60
794875,87315,60
794875,87350,85
794875,87423,54
794875,96754,80
794875,97337,60
794875,97553,100
794875,97827,40
794875,97836,57
794875,97852,70
794875,98156,43
794875,98232,60
794875,98235,70
794875,98674,75
794875,98797,60
794875,99435,50
794875,99549,80
794875,99609,70
794875,99625,63
794875,100230,80
794875,100319,50
794875,100730,70
794875,100774,50
794875,100954,50
794875,100962,59
794875,100991,80
794875,101076,70
794875,101177,100
794875,101233,90
794875,101315,70
794875,101583,70
794875,101618,60
794875,101626,60
794875,101683,20
794875,102243,61
794875,102423,70
794875,102490,85
794875,103111,80
794875,103613,48
794875,103621,30
794875,103884,80
794875,104241,60
794875,104502,10
794875,104798,75
794875,104864,60
794875,104977,30
794875,105004,70
794875,105011,70
794875,105022,73
794875,105094,50
794875,105281,62
794875,105469,76
794875,105577,90
794875,105641,60
794875,105747,87
794875,105778,97
794875,105791,80
794875,106064,40
794875,106454,80
794875,106688,51
794875,107237,100
794875,107282,90
794875,107485,70
794875,107487,40
794875,107729,60
794875,107901,40
794875,107921,70
794875,107923,68
794875,107924,50
794875,107978,50
794875,108105,60
794875,108352,60
794875,108556,70
794875,108601,50
794875,109141,33
794875,109302,85
794875,109663,65
794875,109894,50
794875,110175,71
794875,110262,35
794875,110710,42
794875,110785,65
794875,110790,40
794875,111036,44
794875,111155,37
794875,111239,50
794875,111297,47
794875,111444,66
794875,111826,40
794875,112167,15
794875,112304,50
794875,112342,50
794875,112598,53
794875,112790,60
794875,112891,10
794875,113076,70
794875,113396,35
794875,113400,82
794875,113501,60
794875,113659,60
794875,113984,30
794875,113991,61
794875,114003,68
794875,114165,65
794875,114166,65
794875,114527,50
794875,114850,95
794875,115149,50
794875,115727,50
794875,115733,52
794875,115734,40
794875,115939,79
794875,116744,80
794875,116859,67
794875,116981,75
794875,117508,58
794875,117739,30
794875,117743,60
794875,117769,65
794875,117785,70
794875,117978,73
794875,117996,55
794875,118281,50
794875,118417,71
794875,118636,30
794875,118644,42
794875,118699,50
794875,118701,55
794875,118702,50
794875,118716,50
794875,119076,30
794875,119111,65
794875,119472,70
794875,119515,75
794875,119525,60
794875,119712,63
794875,120545,74
794875,120652,65
794875,120963,68
794875,122231,55
794875,122696,60
794875,122704,20
794875,123812,78
794875,124004,63
794875,124948,39
794875,125581,40
794875,125584,50
794875,125618,70
794875,128638,70
794875,129574,100
794875,129835,76
794875,131507,62
794875,137518,50
6609051,53390,100
6609051,63327,80
6609051,72451,90
6609051,74929,80
6609051,85802,80
6609051,87216,90
6609051,87471,70
6609051,99587,70
6609051,100319,70
6609051,100937,80
6609051,100959,70
6609051,100994,90
6609051,105398,100
6609051,105778,80
6609051,116266,60
6609051,116774,80
6609051,117195,90
6609051,117728,100
6609051,119752,70
6609051,127672,70
6609051,130894,70
6609051,132793,80
6609051,143031,90
6220046,30002,70
6220046,30012,80
6220046,30013,100
6220046,30026,100
6220046,74485,70
6220046,75996,90
6220046,85486,80
6220046,86123,90
6220046,86171,70
6220046,86399,90
6220046,86508,90
6220046,87178,70
6220046,87216,70
6220046,87423,80
6220046,97830,80
6220046,101517,88
6220046,102988,70
6220046,103252,80
6220046,105469,70
6220046,105778,80
6220046,107098,90
6220046,114960,80
6220046,129117,70
6220046,135083,70
6220046,176832,78
191260,30001,80
191260,30003,80
191260,30004,80
191260,30008,80
191260,30009,70
191260,30010,80
191260,30011,80
191260,30012,70
191260,30013,80
191260,30017,80
191260,30018,90
191260,30021,80
191260,30023,80
191260,30024,80
191260,30025,90
191260,30026,80
191260,30028,70
191260,30029,70
191260,30030,90
191260,30035,70
191260,30042,70
191260,30044,80
191260,30050,90
191260,30080,80
191260,30081,80
191260,30085,80
191260,30092,90
191260,30098,90
191260,30101,80
191260,30102,80
191260,30104,90
191260,30106,100
191260,30107,80
191260,30113,70
191260,30118,80
191260,30119,70
191260,30124,80
191260,30162,70
191260,30175,70
191260,30190,60
191260,30246,70
191260,30247,70
191260,30269,60
191260,30306,70
191260,30320,90
191260,30326,80
191260,30348,80
191260,30364,80
191260,30371,70
191260,30419,90
191260,30423,70
191260,30429,80
191260,30440,70
191260,30467,50
191260,30471,70
191260,30481,70
191260,30508,70
191260,30509,70
191260,30510,70
191260,30523,60
191260,30554,80
191260,30555,60
191260,30585,80
191260,30587,80
191260,30628,60
191260,30633,80
191260,30635,70
191260,30653,80
191260,30661,60
191260,30697,70
191260,30698,80
191260,30728,80
191260,30739,60
191260,30743,80
191260,30745,80
191260,30772,70
191260,30878,80
191260,30885,70
191260,30957,70
191260,31107,60
191260,31111,80
191260,31118,70
191260,31125,40
191260,31133,90
191260,31329,70
191260,31362,80
191260,31419,70
191260,31459,80
191260,31465,80
191260,31478,60
191260,31487,70
191260,31585,60
191260,31676,80
191260,31784,80
191260,31859,90
191260,31877,80
191260,31925,80
191260,31964,70
191260,32505,70
191260,32549,80
191260,32686,70
191260,32923,70
191260,32970,70
191260,33031,80
191260,33044,70
191260,33081,90
191260,33097,80
191260,33102,80
191260,33378,80
191260,33438,70
191260,33439,40
191260,33446,40
191260,33468,80
191260,33513,90
191260,33575,90
191260,33588,80
191260,33600,60
191260,33614,70
191260,33631,80
191260,33758,60
191260,33774,60
191260,33866,70
191260,33935,80
191260,33993,80
191260,34119,70
191260,34268,60
191260,34303,70
191260,34366,70
191260,34428,60
191260,34429,80
191260,34540,50
191260,34584,80
191260,35059,50
191260,35060,100
191260,35098,60
191260,35442,60
191260,35587,90
191260,36146,90
191260,36236,70
191260,36248,90
191260,36518,80
191260,36748,80
191260,36822,90
191260,36979,90
191260,37029,70
191260,37040,80
191260,37340,70
191260,37342,70
191260,37462,70
191260,37519,80
191260,37630,60
191260,37728,80
191260,38082,80
191260,38157,80
191260,38403,70
191260,38878,70
191260,38902,80
191260,38947,70
191260,39296,80
191260,39315,80
191260,39614,70
191260,39699,90
191260,39711,70
191260,40036,70
191260,40149,80
191260,40274,70
191260,40412,70
191260,40528,80
191260,40846,80
191260,41030,70
191260,41054,80
191260,41165,80
191260,41409,60
191260,41509,60
191260,41514,80
191260,41551,80
191260,41566,80
191260,41593,80
191260,41626,90
191260,41685,80
191260,41861,80
191260,41866,80
191260,42309,80
191260,42555,70
191260,42888,70
191260,42917,90
191260,43001,70
191260,43094,80
191260,43492,80
191260,43511,80
191260,43634,80
191260,43759,70
191260,43892,50
191260,44633,80
191260,44841,80
191260,44906,80
191260,44922,80
191260,45091,60
191260,45241,90
191260,45272,70
191260,45490,80
191260,46008,70
191260,46572,70
191260,47212,60
191260,47260,70
191260,47335,80
191260,47800,70
191260,47904,100
191260,48123,90
191260,48200,90
191260,48242,70
191260,48354,70
191260,48746,70
191260,48758,70
191260,48792,90
191260,49037,80
191260,49087,70
191260,49111,100
191260,49171,60
191260,49365,70
191260,49561,50
191260,49649,70
191260,50063,70
191260,50188,80
191260,50281,70
191260,50385,70
191260,50386,80
191260,50424,80
191260,50470,70
191260,50862,80
191260,50954,70
191260,50969,60
191260,51138,80
191260,51339,70
191260,51491,70
191260,51509,80
191260,52511,50
191260,53282,70
191260,53347,70
191260,53390,70
191260,53463,80
191260,53571,80
191260,54033,70
191260,54280,50
191260,54295,70
191260,54438,70
191260,54456,70
191260,54457,90
191260,54801,90
191260,54859,80
191260,55012,80
191260,55081,70
191260,55109,80
191260,55636,100
191260,56036,80
191260,56144,80
191260,56196,70
191260,56324,70
191260,56385,60
191260,56642,70
191260,56919,60
191260,57659,70
191260,57689,70
191260,58091,70
191260,58162,50
191260,58421,70
191260,58533,80
191260,58617,70
191260,59207,60
191260,59631,80
191260,59899,80
191260,59983,70
191260,60545,80
191260,60783,70
191260,60909,80
191260,61185,80
191260,61337,70
191260,62927,70
191260,62961,70
191260,63389,90
191260,63807,70
191260,63845,70
191260,63973,60
191260,64525,70
191260,64755,80
191260,65137,70
191260,65197,70
191260,65211,80
191260,65243,70
191260,65589,70
191260,65673,80
191260,65691,90
191260,66013,60
191260,66369,80
191260,66531,90
191260,66933,80
191260,67151,80
191260,67487,60
191260,67641,80
191260,68105,80
191260,68111,80
191260,69395,80
191260,69513,70
191260,69591,50
191260,69731,80
191260,69883,90
191260,70481,70
191260,70599,70
191260,71043,80
191260,71205,80
191260,71631,70
191260,71879,70
191260,71973,90
191260,72069,80
191260,72841,70
191260,73449,90
191260,74055,90
191260,74319,80
191260,74489,80
191260,74493,90
191260,74495,90
191260,74541,80
191260,74677,80
191260,75353,70
191260,75927,70
191260,76006,70
191260,76574,70
191260,76762,80
191260,78251,70
191260,78523,70
191260,78797,80
191260,79609,80
191260,79789,70
191260,79817,70
191260,79835,80
191260,80145,70
191260,80849,80
191260,80909,80
191260,81099,70
191260,82257,70
191260,82267,80
191260,85003,70
191260,85190,80
191260,85402,80
191260,85427,70
191260,85486,70
191260,85513,70
191260,85555,60
191260,85609,80
191260,85616,80
191260,85617,80
191260,85633,80
191260,85662,70
191260,85697,80
191260,85783,70
191260,85828,70
191260,85844,80
191260,85929,70
191260,85973,80
191260,86003,80
191260,86008,60
191260,86017,80
191260,86082,80
191260,86096,80
191260,86218,70
191260,86235,80
191260,86269,80
191260,86292,70
191260,86303,70
191260,86360,70
191260,86382,80
191260,86440,70
191260,86460,80
191260,86515,70
191260,86549,80
191260,86559,80
191260,86770,80
191260,86778,70
191260,86853,80
191260,86898,80
191260,86903,80
191260,86937,80
191260,87005,70
191260,87031,80
191260,87052,70
191260,87118,80
191260,87136,80
191260,87208,80
191260,87296,100
191260,87301,80
191260,87398,70
191260,87454,70
191260,87455,70
191260,87459,80
191260,88348,70
191260,88482,80
191260,88818,80
191260,89243,50
191260,89610,50
191260,89871,70
191260,89986,70
191260,92359,80
191260,92675,80
191260,92676,80
191260,93431,70
191260,93686,70
191260,94384,80
191260,95435,70
191260,95889,80
191260,96113,80
191260,96490,50
191260,96564,60
191260,97127,80
191260,97385,70
191260,97578,70
191260,97852,80
191260,97878,70
191260,98263,80
191260,98334,80
191260,98351,80
191260,98602,70
191260,98685,70
191260,98694,80
191260,98908,80
191260,99297,80
191260,99318,70
191260,99393,70
191260,100126,70
191260,100281,70
191260,101028,70
191260,101128,80
191260,101376,80
191260,101552,70
191260,101611,70
191260,101886,90
191260,102042,70
191260,102043,80
191260,103035,90
191260,103088,70
191260,103800,70
191260,103845,80
191260,103849,70
191260,104056,70
191260,104224,80
191260,105261,70
191260,107990,70
5127203,30011,90
5127203,30012,70
5127203,30021,90
5127203,30436,90
5127203,30735,90
5127203,30756,90
5127203,32921,90
5127203,33614,70
5127203,33731,90
5127203,39699,70
5127203,43702,70
5127203,47394,50
5127203,51467,70
5127203,53390,90
5127203,54294,90
5127203,55081,70
5127203,56324,50
5127203,58361,90
5127203,58449,90
5127203,64755,50
5127203,65573,70
5127203,74111,70
5127203,74933,70
5127203,80217,90
5127203,85199,50
5127203,85486,70
5127203,85804,70
5127203,85849,70
5127203,86283,50
5127203,86648,70
5127203,86833,90
5127203,87176,50
5127203,87216,70
5127203,87347,90
5127203,87363,50
5127203,95041,90
5127203,97008,50
5127203,98009,90
5127203,98023,90
5127203,98334,90
5127203,98587,70
5127203,99429,50
5127203,99902,50
5127203,100052,50
5127203,100331,50
5127203,100334,50
5127203,100383,70
5127203,100418,70
5127203,101375,50
5127203,101517,90
5127203,101719,50
5127203,102043,50
5127203,102887,50
5127203,103111,50
5127203,103141,70
5127203,103279,50
5127203,104203,50
5127203,106315,70
5127203,107511,30
5127203,111189,70
5127203,111544,30
5127203,112289,50
5127203,114027,70
5127203,118172,50
5127203,118414,50
5127203,127780,30
5864911,30002,98
5864911,30013,99
5864911,30025,98
5864911,30028,85
5864911,30042,86
5864911,30044,94
5864911,30053,93
5864911,30085,88
5864911,30092,90
5864911,30142,75
5864911,30401,90
5864911,30442,92
5864911,30656,93
5864911,30658,90
5864911,30664,95
5864911,30704,88
5864911,30728,90
5864911,30735,93
5864911,30768,88
5864911,31148,82
5864911,31149,90
5864911,31325,90
5864911,33281,93
5864911,39711,88
5864911,74347,90
5864911,85189,95
5864911,86123,85
5864911,86508,85
5864911,98416,90
6733668,30070,100
6733668,31154,100
6733668,46844,100
6733668,54822,100
6733668,71733,100
6733668,73509,100
6733668,73661,100
6733668,78397,100
6733668,85244,100
6733668,85247,100
6733668,85270,100
6733668,85370,100
6733668,85704,100
6733668,85767,100
6733668,86511,100
6733668,87193,100
6733668,87293,100
6733668,90006,100
6733668,91951,100
6733668,92798,100
6733668,97216,100
6733668,98171,100
6733668,99149,100
6733668,99465,100
6733668,99472,100
6733668,100456,100
6733668,100476,100
6733668,101177,100
6733668,103238,100
6733668,103655,100
6733668,104503,100
6733668,105279,100
6733668,105393,100
6733668,105552,100
6733668,107120,100
6733668,107281,100
6733668,110111,100
6733668,110334,100
6733668,110989,100
6733668,111244,100
6733668,112116,100
6733668,112253,100
6733668,113743,100
6733668,114416,100
6733668,114608,100
6733668,116062,100
6733668,116136,100
6733668,116266,100
6733668,116774,100
6733668,118519,100
6733668,122337,100
6733668,124785,100
6733668,124852,100
6733668,125580,100
6733668,126273,100
6733668,128160,100
6733668,129960,100
6733668,131140,100
6733668,131190,100
6733668,131192,100
6733668,132349,100
6733668,133941,100
6733668,136277,100
6733668,137448,100
6733668,137513,100
6733668,139031,100
6733668,140475,100
6733668,141203,100
6733668,142204,100
6733668,142429,100
6733668,142705,100
6733668,143719,100
6733668,144710,100
6733668,146781,100
6733668,146878,100
6733668,147664,100
6733668,147819,100
6733668,150600,100
6733668,151795,100
6733668,152201,100
6733668,152272,100
6733668,153336,100
6733668,154911,100
6733668,156183,100
6733668,157561,100
6733668,160192,100
6733668,164543,100
6733668,166845,100
6733668,172037,100
6733668,178238,100
6733668,180101,100
6733668,181995,100
6733668,182262,100
6733668,182801,100
6733668,185465,100
6733668,189567,100
6733668,194230,100
6733668,201935,100
6733668,212714,100
143005,30021,80
143005,30053,85
143005,30401,80
143005,30436,75
143005,30463,80
143005,30583,80
143005,30670,75
143005,30671,75
143005,30894,80
143005,31517,70
143005,33031,95
143005,33403,90
143005,33438,80
143005,33884,30
143005,33986,85
143005,35627,80
143005,37519,80
143005,38070,85
143005,38586,90
143005,38967,85
143005,40010,80
143005,40552,90
143005,41734,85
143005,44222,70
143005,44790,80
143005,48597,75
143005,51419,80
143005,51614,75
143005,52519,85
143005,54294,70
143005,54308,90
143005,54705,75
143005,55132,80
143005,55250,90
143005,56260,60
143005,58226,70
143005,63327,85
143005,65573,75
143005,65673,65
143005,68071,95
143005,70167,35
143005,72545,65
143005,76282,95
143005,78649,65
143005,80145,70
143005,85189,80
143005,85215,85
143005,87442,85
143005,93014,45
143005,100963,55
7561877,30011,100
7561877,30021,80
7561877,32921,90
7561877,38157,90
7561877,53390,50
7561877,54294,60
7561877,63327,60
7561877,85135,100
7561877,87216,90
7561877,97852,90
7561877,98842,100
7561877,99022,50
7561877,99609,100
7561877,100994,100
7561877,101177,80
7561877,101517,80
7561877,101583,100
7561877,105778,80
7561877,106531,60
7561877,108556,100
7561877,111189,60
7561877,111233,70
7561877,112981,100
7561877,120502,100
7561877,125624,100
7561877,138603,90
7561877,144946,100
7561877,150378,70
7561877,159142,100
7561877,168002,80
5984996,30001,90
5984996,30003,100
5984996,30051,90
5984996,30149,80
5984996,30465,40
5984996,30564,90
5984996,30642,85
5984996,30656,90
5984996,30657,95
5984996,30743,95
5984996,30936,80
5984996,31400,50
5984996,34632,100
5984996,37375,100
5984996,47353,60
5984996,53419,60
5984996,54705,85
5984996,58303,55
5984996,58361,50
5984996,63031,80
5984996,63327,95
5984996,66267,70
5984996,71711,30
5984996,79017,40
5984996,80857,10
5984996,85226,70
5984996,85412,70
5984996,85522,70
5984996,85611,100
5984996,86136,50
5984996,86637,50
5984996,88577,40
5984996,97553,70
5984996,98328,70
5984996,98397,60
5984996,98587,85
5984996,99082,30
5984996,99840,30
5984996,100568,80
5984996,100765,65
5984996,101517,70
5984996,105469,60
5984996,105778,60
5984996,106867,75
5984996,116534,50
5984996,116827,50
5984996,135129,90
170975,30584,10
170975,30661,10
170975,30889,30
170975,30890,30
170975,31373,10
170975,33731,10
170975,34632,10
170975,43245,10
170975,47353,10
170975,53390,10
170975,54705,10
170975,80145,25
170975,85802,10
170975,86008,10
170975,86218,20
170975,87076,95
170975,98397,10
170975,98674,10
170975,99943,10
170975,110396,100
170975,113107,20
170975,116186,10
170975,116534,10
170975,124542,10
310667,30002,80
310667,30003,70
310667,30012,70
310667,30013,100
310667,30026,100
310667,30079,50
310667,30104,100
310667,30436,80
310667,30582,20
310667,30642,100
310667,30656,100
310667,30793,90
310667,31303,100
310667,31474,80
310667,31706,80
310667,33104,80
310667,33580,60
310667,37700,100
310667,37702,80
310667,37703,80
310667,42808,100
310667,44414,90
310667,47644,90
310667,47718,100
310667,49619,50
310667,51848,100
310667,52202,60
310667,53279,80
310667,53736,100
310667,54705,70
310667,60977,80
310667,70419,100
310667,74347,80
310667,74485,60
310667,75996,50
310667,80887,90
310667,85364,90
310667,86168,100
310667,86526,40
310667,86854,70
310667,86964,90
310667,87168,90
310667,87178,50
310667,87216,50
310667,87423,60
310667,94595,20
310667,98182,70
310667,100765,10
310667,100954,40
310667,101113,80
310667,101721,70
310667,102533,100
310667,103082,10
310667,105339,80
310667,105398,30
310667,107098,70
310667,108930,70
310667,109213,80
310667,111247,40
310667,111254,50
310667,115000,20
310667,116410,90
310667,116671,10
310667,123950,60
310667,124502,20
310667,126135,70
310667,135129,100
310667,140675,70
310667,141609,80
310667,159187,10
310667,160256,80
310667,162159,80
310667,166097,40
310667,171641,70
310667,178222,60
310667,178509,50
310667,180414,60
310667,181028,20
310667,181259,70
310667,181260,70
310667,190682,50
310667,191467,80
310667,194152,70
5329123,30793,80
5329123,31400,20
5329123,38973,80
5329123,47335,50
5329123,85388,70
5329123,85486,90
5329123,85555,60
5329123,85850,80
5329123,87098,40
5329123,87314,50
5329123,97871,90
5329123,97872,60
5329123,97883,60
5329123,97897,70
5329123,97973,50
5329123,98466,70
5329123,98620,100
5329123,99905,70
5329123,100766,60
5329123,100885,60
5329123,101159,80
5329123,101196,80
5329123,101270,20
5329123,101439,100
5329123,101517,100
5329123,101628,40
5329123,104444,80
5329123,105469,90
5329123,105778,70
5329123,106884,50
5329123,107237,100
5329123,107254,100
5329123,108556,90
5329123,109110,50
5329123,109593,40
5329123,109827,80
5329123,110340,100
5329123,110502,80
5329123,111316,70
5329123,111360,60
5329123,111406,100
5329123,111659,30
5329123,113289,80
5329123,114580,40
5329123,114960,100
5329123,115044,70
5329123,115381,30
5329123,117233,100
5329123,117685,60
5329123,118061,60
5329123,118515,90
5329123,118647,70
5329123,119276,90
5329123,119544,80
5329123,120493,60
5329123,120819,90
5329123,121397,50
5329123,123104,40
5329123,123554,60
5329123,124002,70
5329123,124273,80
5329123,124548,40
5329123,125095,100
5329123,125167,90
5329123,126768,100
5329123,127541,70
5329123,127861,60
5329123,129270,20
5329123,129774,70
5329123,130606,100
5329123,130773,60
5329123,132049,60
5329123,132823,10
5329123,134765,70
5329123,136672,80
5329123,137189,70
5329123,140951,50
5329123,145344,30
7314708,30002,90
7314708,30003,70
7314708,30436,80
7314708,34632,80
7314708,53390,100
7314708,54294,60
7314708,54705,100
7314708,61499,70
7314708,63327,100
7314708,72451,80
7314708,85486,60
7314708,85611,80
7314708,85849,80
7314708,86099,70
7314708,86300,60
7314708,86635,80
7314708,86717,60
7314708,87170,70
7314708,87216,70
7314708,87395,100
7314708,92494,50
7314708,97553,90
7314708,97852,70
7314708,98334,60
7314708,98397,90
7314708,99943,10
7314708,100664,70
7314708,101315,60
7314708,101517,80
7314708,101583,70
7314708,102988,70
7314708,105398,70
7314708,105469,80
7314708,105778,80
7314708,106130,80
7314708,107790,80
7314708,108556,80
7314708,116186,80
7314708,116671,80
7314708,117195,70
7314708,132029,70
7314708,132182,60
7314708,139855,60
7314708,140475,60
7314708,141157,70
7331602,30002,100
7331602,30011,50
7331602,30012,60
7331602,30070,90
7331602,30104,100
7331602,30149,100
7331602,30410,60
7331602,30465,60
7331602,30656,90
7331602,30669,90
7331602,30705,70
7331602,30755,80
7331602,30933,90
7331602,30988,80
7331602,31400,70
7331602,31409,80
7331602,31440,80
7331602,31962,50
7331602,33438,60
7331602,33986,70
7331602,34780,70
7331602,35806,80
7331602,35820,80
7331602,35911,50
7331602,37519,90
7331602,38144,80
7331602,38341,60
7331602,38967,80
7331602,40010,80
7331602,41514,100
7331602,43290,90
7331602,43723,80
7331602,43922,70
7331602,44440,90
7331602,44664,80
7331602,44790,80
7331602,44923,70
7331602,46256,80
7331602,47368,80
7331602,48597,70
7331602,49896,70
7331602,51419,60
7331602,55057,70
7331602,55250,80
7331602,55297,100
7331602,58091,80
7331602,62779,60
7331602,65191,70
7331602,65673,80
7331602,66213,90
7331602,66413,90
7331602,68071,90
7331602,69883,50
7331602,71733,90
7331602,71773,90
7331602,72275,80
7331602,72279,80
7331602,74347,80
7331602,77102,90
7331602,78649,80
7331602,80993,80
7331602,81315,80
7331602,81755,70
7331602,85135,90
7331602,85139,80
7331602,85197,70
7331602,85215,70
7331602,85277,80
7331602,85408,70
7331602,85442,90
7331602,85486,80
7331602,85495,50
7331602,85564,90
7331602,85567,70
7331602,85702,90
7331602,85703,70
7331602,85820,90
7331602,85843,80
7331602,85890,60
7331602,85934,90
7331602,85966,80
7331602,85978,80
7331602,86082,90
7331602,86242,50
7331602,86300,80
7331602,86303,60
7331602,86380,70
7331602,86399,90
7331602,86433,60
7331602,86614,80
7331602,86635,100
7331602,86639,80
7331602,86647,70
7331602,86717,80
7331602,86720,90
7331602,86765,80
7331602,86898,80
7331602,86952,80
7331602,86969,80
7331602,87170,60
7331602,87225,90
7331602,87234,80
7331602,87321,90
7331602,87450,70
7331602,95098,60
7331602,95960,70
7331602,97038,60
7331602,97153,80
7331602,97216,80
7331602,97240,50
7331602,97852,60
7331602,97999,70
7331602,98014,70
7331602,98048,90
7331602,98068,70
7331602,98087,80
7331602,98171,70
7331602,98175,90
7331602,98263,80
7331602,98347,80
7331602,98354,80
7331602,98382,70
7331602,98522,80
7331602,98532,60
7331602,98543,60
7331602,98563,80
7331602,98608,80
7331602,98800,60
7331602,98812,70
7331602,98822,80
7331602,98982,60
7331602,99024,80
7331602,99065,70
7331602,99300,70
7331602,99324,50
7331602,99354,70
7331602,99462,80
7331602,99571,80
7331602,99573,50
7331602,99774,50
7331602,99775,80
7331602,99802,80
7331602,99860,60
7331602,99861,70
7331602,99878,70
7331602,99931,70
7331602,99933,60
7331602,100094,70
7331602,100106,70
7331602,100114,70
7331602,100117,80
7331602,100143,80
7331602,100214,30
7331602,100234,70
7331602,100309,50
7331602,100310,30
7331602,100456,70
7331602,100476,60
7331602,100693,80
7331602,100838,70
7331602,100964,50
7331602,100994,90
7331602,101131,80
7331602,101233,90
7331602,101238,60
7331602,101254,70
7331602,101286,80
7331602,101294,90
7331602,101311,100
7331602,101468,60
7331602,101521,80
7331602,101551,80
7331602,101568,80
7331602,101583,90
7331602,101584,50
7331602,101679,60
7331602,101722,50
7331602,101724,60
7331602,101734,80
7331602,101746,70
7331602,101762,80
7331602,101808,70
7331602,101863,80
7331602,101864,80
7331602,101891,60
7331602,102476,80
7331602,102732,60
7331602,103046,60
7331602,103203,70
7331602,103294,60
7331602,103554,50
7331602,103655,70
7331602,104033,70
7331602,104232,70
7331602,104277,80
7331602,104503,80
7331602,104617,90
7331602,104689,60
7331602,104730,70
7331602,105097,70
7331602,105395,60
7331602,105398,100
7331602,105724,80
7331602,105778,90
7331602,106029,70
7331602,106039,60
7331602,106064,70
7331602,106233,60
7331602,106688,60
7331602,106758,80
7331602,106805,50
7331602,107305,50
7331602,107780,60
7331602,108011,50
7331602,108049,70
7331602,108556,80
7331602,108801,50
7331602,108832,70
7331602,109111,80
7331602,109247,70
7331602,109310,60
7331602,110204,60
7331602,110473,70
7331602,110989,60
7331602,111083,60
7331602,111101,70
7331602,111212,80
7331602,111230,70
7331602,111233,70
7331602,111278,60
7331602,112114,70
7331602,112715,70
7331602,112956,50
7331602,113624,80
7331602,114627,70
7331602,114830,60
7331602,115088,70
7331602,115411,80
7331602,115735,50
7331602,117195,90
7331602,118586,80
7331602,118606,60
7331602,119733,70
7331602,120734,60
7331602,120760,80
7331602,121753,40
7331602,122063,80
7331602,122362,70
7331602,125116,70
7331602,125250,80
7331602,127224,50
7331602,130942,70
7331602,132029,80
7331602,134141,40
7331602,135981,70
7331602,137513,30
7331602,139465,70
7331602,140527,70
7331602,142879,60
7331602,147149,90
7331602,151865,50
7331602,156303,70
7331602,156553,60
7331602,163006,27
7331602,170399,70
7331602,178096,81
5609847,30002,100
5609847,30564,100
5609847,30642,85
5609847,30727,94
5609847,33285,92
5609847,37375,94
5609847,38848,95
5609847,41366,82
5609847,44440,81
5609847,44568,96
5609847,48340,88
5609847,49863,94
5609847,63031,89
5609847,74347,97
5609847,79865,93
5609847,85215,100
5609847,85564,84
5609847,85911,85
5609847,85978,72
5609847,86399,82
5609847,86855,60
5609847,87216,97
5609847,87225,75
5609847,91203,88
5609847,98148,82
5609847,98227,100
5609847,98328,92
5609847,99065,80
5609847,100994,93
5609847,101517,89
5609847,102547,81
5609847,102988,80
5609847,104503,90
5609847,105778,90
5609847,106758,83
5609847,106760,84
5609847,106867,87
5609847,107265,84
5609847,109385,85
5609847,111212,95
5609847,113647,78
5609847,114529,83
5609847,114960,78
5609847,116551,80
5609847,116671,75
5609847,118586,88
5609847,119968,82
5609847,123181,83
5609847,123463,89
5609847,123687,84
5609847,125579,82
5609847,131318,82
5609847,135083,80
5609847,135378,85
5609847,139699,85
5609847,140407,95
5609847,141261,77
5609847,145369,85
5609847,150378,70
5609847,150633,90
5609847,151512,84
5609847,151997,80
5609847,153007,95
5609847,159025,94
5609847,159441,95
5609847,162089,83
5609847,162941,90
5609847,163824,80
5609847,170106,87
5609847,170399,93
5609847,170400,85
5609847,177706,94
5609847,178096,93
5609847,180752,84
5609847,182970,85
5609847,184347,95
5854864,30013,100
5854864,34632,100
5854864,53419,100
5854864,63327,100
5854864,84897,95
5854864,85135,100
5854864,85611,100
5854864,86703,100
5854864,86933,100
5854864,87216,100
5854864,87292,100
5854864,97865,100
5854864,98066,100
5854864,100568,100
5854864,100793,100
5854864,100954,100
5854864,100994,100
5854864,102259,100
5854864,102354,100
5854864,103855,95
5854864,104973,100
5854864,105398,100
5854864,105778,100
5854864,108556,100
5854864,109398,100
5854864,109441,95
5854864,110095,100
707172,30001,70
707172,30003,50
707172,30011,70
707172,30012,40
707172,30013,50
707172,30021,40
707172,30022,10
707172,30025,60
707172,30042,50
707172,30047,50
707172,30054,50
707172,30105,50
707172,30149,60
707172,30336,50
707172,30436,70
707172,30598,40
707172,30745,70
707172,30872,70
707172,30970,50
707172,31032,85
707172,31061,40
707172,31111,50
707172,31133,60
707172,31410,50
707172,31517,70
707172,31600,80
707172,31630,70
707172,31631,50
707172,31658,50
707172,31677,80
707172,31706,70
707172,32950,30
707172,33006,50
707172,33008,50
707172,33009,70
707172,33317,40
707172,35401,50
707172,38848,60
707172,39711,10
707172,40010,50
707172,41054,60
707172,41420,50
707172,41593,90
707172,41652,30
707172,41860,50
707172,41866,50
707172,42471,90
707172,44238,50
707172,44922,60
707172,48844,70
707172,50605,60
707172,52194,50
707172,52198,40
707172,52520,60
707172,53390,20
707172,55515,50
707172,61499,10
707172,63031,40
707172,65003,30
707172,68109,70
707172,69589,90
707172,69883,50
707172,71575,35
707172,71735,85
707172,72137,85
707172,73449,50
707172,74255,70
707172,75773,40
707172,81493,20
707172,82267,60
707172,85190,60
707172,85281,80
707172,85388,50
707172,85486,30
707172,85616,40
707172,85685,80
707172,85734,60
707172,85793,60
707172,86082,70
707172,86156,80
707172,86195,50
707172,86206,60
707172,86218,40
707172,86235,60
707172,86303,50
707172,86512,90
707172,86526,10
707172,87170,40
707172,87208,60
707172,87216,50
707172,87353,30
707172,87423,50
707172,87474,85
707172,93074,90
707172,95899,40
707172,97226,70
707172,98188,90
707172,98334,40
707172,98416,50
707172,98587,50
707172,98602,50
707172,98892,60
707172,99019,70
707172,99297,85
707172,99489,50
707172,100200,60
707172,100209,70
707172,100281,85
707172,100419,60
707172,100504,70
707172,100674,50
707172,100702,50
707172,100801,80
707172,100868,50
707172,100994,60
707172,101069,60
707172,101517,30
707172,101572,70
707172,102841,70
707172,103194,100
707172,103845,70
707172,104056,70
707172,104204,90
707172,104484,85
707172,104677,70
707172,104781,70
707172,105016,70
707172,105370,20
707172,105778,50
707172,105808,85
707172,105856,50
707172,106176,85
707172,106431,90
707172,106867,60
707172,107100,60
707172,107751,70
707172,107885,50
707172,108069,70
707172,108070,70
707172,108551,60
707172,108828,30
707172,108919,70
707172,109017,90
707172,109056,70
707172,109133,50
707172,109248,50
707172,109582,70
707172,110396,70
707172,110530,70
707172,110764,60
707172,110909,50
707172,110951,90
707172,111168,70
707172,111541,50
707172,111557,60
707172,111658,70
707172,111970,70
707172,112378,60
707172,112621,70
707172,113510,50
707172,113622,50
707172,113658,90
707172,113659,90
707172,113982,80
707172,114972,70
707172,116467,50
707172,116737,60
707172,117925,60
707172,117926,85
707172,118345,85
707172,118695,85
707172,119248,40
707172,119650,70
707172,120034,60
707172,120267,50
707172,122119,50
707172,122278,70
707172,124211,70
707172,126292,70
707172,127122,60
707172,128850,70
707172,129337,70
707172,129345,60
707172,129820,60
707172,132403,50
707172,132649,40
707172,133415,30
707172,133595,50
707172,133597,30
707172,134367,60
707172,135210,70
707172,136680,40
707172,140464,40
707172,140794,30
707172,141756,40
707172,144946,50
707172,147329,60
707172,147383,40
707172,149568,70
707172,150109,50
707172,151909,80
707172,154926,60
707172,155471,50
707172,155574,50
707172,157512,40
707172,159717,60
707172,161772,60
707172,164633,60
707172,165205,60
707172,168935,50
707172,168990,50
707172,169154,50
707172,169343,50
707172,170701,50
707172,172616,50
707172,174305,50
707172,175129,50
707172,175145,60
707172,175451,50
707172,176100,50
707172,176740,70
707172,179139,60
707172,179296,50
707172,179484,50
707172,181153,60
707172,181700,50
707172,182947,50
707172,184565,70
707172,186113,50
707172,189492,50
707172,194391,40
707172,207142,30
5209908,30045,85
5209908,30430,80
5209908,30910,80
5209908,33048,79
5209908,38483,100
5209908,43463,90
5209908,45578,85
5209908,52143,85
5209908,61185,85
5209908,72451,100
5209908,72545,100
5209908,74929,75
5209908,75275,95
5209908,85216,90
5209908,85849,100
5209908,85869,80
5209908,85983,90
5209908,86703,100
5209908,86733,90
5209908,87128,80
5209908,87315,90
5209908,91840,100
5209908,92954,100
5209908,97751,80
5209908,97852,85
5209908,97869,90
5209908,98871,85
5209908,99312,100
5209908,99700,100
5209908,100230,95
5209908,101159,100
5209908,101583,90
5209908,103037,90
5209908,103227,70
5209908,105011,100
5209908,105279,80
5209908,105398,83
5209908,106867,90
5209908,107282,80
5209908,107779,95
5209908,108120,100
5209908,108835,70
5209908,110042,75
5209908,111799,80
5209908,112197,90
5209908,112265,85
5209908,113071,95
5209908,113076,90
5209908,113340,90
5209908,113501,85
5209908,114015,85
5209908,114383,75
5209908,114592,100
5209908,114713,100
5209908,116595,100
5209908,120440,100
5209908,124621,90
5209908,127447,80
5209908,147149,80
5698075,30705,90
5698075,46765,60
5698075,52638,65
5698075,53390,60
5698075,54457,80
5698075,61499,50
5698075,74489,100
5698075,85486,50
5698075,85802,20
5698075,86182,80
5698075,86508,20
5698075,86568,80
5698075,86635,75
5698075,97830,50
5698075,99943,10
5698075,100230,40
5698075,100476,20
5698075,101517,90
5698075,102490,50
5698075,105469,70
5698075,105778,85
5698075,106758,60
5698075,107237,80
5698075,107321,80
5698075,108556,85
5698075,113981,85
5698075,114416,70
5698075,116266,50
5698075,135981,40
364382,30001,90
364382,30011,90
364382,30012,70
364382,30013,80
364382,30014,90
364382,30016,100
364382,30020,90
364382,30021,80
364382,30022,90
364382,30024,80
364382,30025,100
364382,30042,80
364382,30043,90
364382,30044,90
364382,30045,70
364382,30047,70
364382,30055,70
364382,30070,70
364382,30075,60
364382,30105,70
364382,30134,80
364382,30145,80
364382,30160,100
364382,30308,80
364382,30336,100
364382,30338,80
364382,30344,80
364382,30405,80
364382,30416,80
364382,30418,90
364382,30430,70
364382,30444,70
364382,30513,80
364382,30544,70
364382,30574,70
364382,30642,90
364382,30649,80
364382,30655,70
364382,30656,80
364382,30658,80
364382,30729,70
364382,30731,80
364382,30732,70
364382,30735,90
364382,30866,80
364382,31013,80
364382,31014,60
364382,31015,70
364382,31061,90
364382,31155,70
364382,31183,80
364382,31184,80
364382,31224,100
364382,31282,70
364382,31299,60
364382,31320,70
364382,31456,80
364382,31605,80
364382,31671,70
364382,31766,80
364382,31896,70
364382,32921,80
364382,32924,80
364382,33194,70
364382,33214,60
364382,33299,100
364382,33415,80
364382,33468,80
364382,33515,80
364382,34053,90
364382,34249,60
364382,34514,70
364382,34608,60
364382,34610,70
364382,34632,90
364382,35255,70
364382,35257,70
364382,35277,70
364382,35627,40
364382,35664,80
364382,35948,50
364382,37075,70
364382,37186,50
364382,37656,80
364382,37716,70
364382,38070,70
364382,38300,80
364382,38341,70
364382,38359,60
364382,38483,70
364382,38848,80
364382,38967,70
364382,39259,90
364382,40378,70
364382,40886,70
364382,41493,80
364382,41514,80
364382,41652,70
364382,41763,50
364382,42240,80
364382,43883,70
364382,43999,50
364382,44222,40
364382,44440,70
364382,44491,70
364382,44531,90
364382,45205,80
364382,45241,80
364382,45242,80
364382,45515,80
364382,45795,70
364382,45805,80
364382,45834,80
364382,46019,90
364382,46032,80
364382,46166,70
364382,46192,70
364382,46765,90
364382,47051,90
364382,47091,80
364382,47237,80
364382,47486,40
364382,48597,70
364382,48896,70
364382,48939,70
364382,48992,70
364382,49980,80
364382,50266,70
364382,50502,70
364382,50553,70
364382,50673,70
364382,51525,100
364382,51729,80
364382,52518,70
364382,52519,70
364382,52638,80
364382,52882,70
364382,52986,80
364382,52987,70
364382,53390,80
364382,53633,70
364382,53851,60
364382,54417,50
364382,54561,70
364382,54705,80
364382,55046,80
364382,55057,80
364382,55096,100
364382,55132,70
364382,55148,80
364382,55282,70
364382,56021,70
364382,56149,80
364382,56260,40
364382,56584,70
364382,56704,80
364382,56769,90
364382,57433,70
364382,58077,70
364382,58825,70
364382,59447,70
364382,59799,80
364382,60123,60
364382,60315,80
364382,60639,60
364382,60755,70
364382,62129,70
364382,63031,80
364382,63327,80
364382,63699,80
364382,64749,40
364382,65075,70
364382,65125,70
364382,65243,80
364382,65551,70
364382,65719,70
364382,66267,80
364382,66903,70
364382,67707,90
364382,68071,70
364382,69335,60
364382,69497,70
364382,71099,70
364382,71301,70
364382,71313,60
364382,71535,80
364382,71539,80
364382,71773,70
364382,72001,80
364382,72005,60
364382,72545,70
364382,73391,70
364382,74155,70
364382,74347,80
364382,74485,70
364382,74515,80
364382,74671,80
364382,74849,60
364382,74929,70
364382,75275,40
364382,75297,70
364382,75447,80
364382,75757,80
364382,75773,80
364382,76818,70
364382,78155,80
364382,78805,60
364382,79011,60
364382,79537,70
364382,80457,70
364382,81233,80
364382,81309,70
364382,81313,80
364382,81453,70
364382,81659,80
364382,81747,80
364382,82219,70
364382,82277,70
364382,83761,80
364382,84663,80
364382,85135,90
364382,85143,80
364382,85161,80
364382,85196,90
364382,85205,70
364382,85215,70
364382,85305,40
364382,85325,70
364382,85326,70
364382,85388,70
364382,85390,70
364382,85457,70
364382,85460,80
364382,85462,70
364382,85475,90
364382,85484,70
364382,85486,80
364382,85495,80
364382,85534,60
364382,85564,80
364382,85604,70
364382,85611,70
364382,85612,70
364382,85653,80
364382,85749,80
364382,85802,70
364382,85829,70
364382,85830,70
364382,85843,80
364382,85885,80
364382,85891,60
364382,85911,80
364382,85915,80
364382,85983,50
364382,86045,80
364382,86053,50
364382,86123,70
364382,86243,80
364382,86258,50
364382,86265,70
364382,86283,70
364382,86294,70
364382,86320,60
364382,86394,70
364382,86462,80
364382,86497,30
364382,86532,90
364382,86559,80
364382,86626,70
364382,86639,70
364382,86650,20
364382,86670,50
364382,86698,50
364382,86703,50
364382,86707,80
364382,86717,80
364382,86788,80
364382,86797,70
364382,86855,50
364382,86894,80
364382,86964,70
364382,87020,70
364382,87051,80
364382,87059,60
364382,87069,70
364382,87154,90
364382,87160,70
364382,87170,80
364382,87216,90
364382,87234,60
364382,87235,70
364382,87237,70
364382,87253,70
364382,87260,50
364382,87292,70
364382,87321,80
364382,87323,30
364382,87333,40
364382,87348,70
364382,87375,80
364382,87395,90
364382,87468,70
364382,87471,80
364382,87472,60
364382,88234,60
364382,88867,90
364382,90835,70
364382,91203,70
364382,91222,80
364382,91375,70
364382,91681,70
364382,91817,70
364382,92608,70
364382,92627,60
364382,92693,30
364382,93341,70
364382,93375,50
364382,93433,60
364382,93672,50
364382,94138,70
364382,94218,70
364382,94756,80
364382,94992,80
364382,95041,80
364382,95098,70
364382,95235,70
364382,95863,60
364382,96114,70
364382,96280,50
364382,96698,70
364382,96754,80
364382,96798,80
364382,96834,70
364382,96866,70
364382,97240,60
364382,97257,70
364382,97391,80
364382,97412,80
364382,97611,60
364382,97632,60
364382,97690,70
364382,97701,80
364382,97713,70
364382,97741,60
364382,97753,30
364382,97764,60
364382,97816,80
364382,98048,80
364382,98068,70
364382,98150,70
364382,98204,70
364382,98210,80
364382,98293,80
364382,98328,70
364382,98334,60
364382,98348,80
364382,98381,50
364382,98413,70
364382,98543,60
364382,98544,80
364382,98563,70
364382,98648,60
364382,98796,60
364382,98842,80
364382,98912,80
364382,99022,80
364382,99065,60
364382,99141,80
364382,99219,60
364382,99238,40
364382,99242,70
364382,99296,70
364382,99351,70
364382,99435,70
364382,99462,70
364382,99587,60
364382,99609,80
364382,99625,70
364382,99640,70
364382,99737,70
364382,99752,80
364382,99757,80
364382,99771,70
364382,99886,60
364382,99897,80
364382,99904,80
364382,99928,70
364382,99943,50
364382,100099,70
364382,100105,40
364382,100106,60
364382,100114,70
364382,100117,80
364382,100129,80
364382,100131,60
364382,100196,70
364382,100230,70
364382,100318,80
364382,100445,40
364382,100476,70
364382,100679,60
364382,100693,80
364382,100763,70
364382,100774,70
364382,100793,60
364382,100832,70
364382,100937,60
364382,100962,70
364382,100994,80
364382,101067,70
364382,101185,70
364382,101233,70
364382,101311,80
364382,101408,80
364382,101418,70
364382,101420,80
364382,101477,60
364382,101512,60
364382,101517,80
364382,101561,80
364382,101583,70
364382,101590,70
364382,101613,70
364382,101617,50
364382,101625,70
364382,101642,90
364382,101644,80
364382,101645,60
364382,101718,70
364382,101722,70
364382,101831,80
364382,101850,60
364382,101864,70
364382,101883,60
364382,102029,70
364382,102056,60
364382,102154,70
364382,102215,70
364382,102243,70
364382,102495,60
364382,102740,80
364382,102796,90
364382,102988,70
364382,103036,80
364382,103144,80
364382,103213,70
364382,103558,50
364382,103626,30
364382,103633,80
364382,103644,70
364382,103655,70
364382,103736,60
364382,103854,95
364382,103864,60
364382,103866,80
364382,104023,70
364382,104033,70
364382,104042,80
364382,104221,80
364382,104271,80
364382,104502,60
364382,104503,70
364382,104608,70
364382,104687,80
364382,104689,80
364382,104864,70
364382,104896,70
364382,104973,90
364382,104999,60
364382,105004,70
364382,105011,70
364382,105022,80
364382,105093,70
364382,105279,70
364382,105332,80
364382,105361,60
364382,105398,90
364382,105429,80
364382,105577,80
364382,105624,70
364382,105701,70
364382,105733,50
364382,105768,80
364382,105778,80
364382,105780,50
364382,105822,40
364382,105835,50
364382,105897,70
364382,105945,70
364382,106029,50
364382,106064,70
364382,106129,70
364382,106235,60
364382,106282,80
364382,106436,60
364382,106454,80
364382,106662,80
364382,106730,80
364382,106758,70
364382,106760,70
364382,106775,80
364382,106922,70
364382,106933,70
364382,107267,80
364382,107281,60
364382,107324,60
364382,107445,80
364382,107487,70
364382,107488,70
364382,107544,80
364382,107559,50
364382,107603,70
364382,107631,50
364382,107689,60
364382,107780,60
364382,107825,70
364382,107900,50
364382,107918,50
364382,107966,60
364382,107989,80
364382,107998,80
364382,108066,50
364382,108068,80
364382,108105,80
364382,108251,100
364382,108258,70
364382,108324,80
364382,108349,70
364382,108423,70
364382,108441,60
364382,108556,80
364382,108801,70
364382,108832,70
364382,108841,70
364382,108984,70
364382,109018,40
364382,109140,60
364382,109170,50
364382,109174,70
364382,109286,70
364382,109327,40
364382,109430,80
364382,109438,80
364382,109440,70
364382,109494,70
364382,109501,80
364382,109656,80
364382,109713,70
364382,109728,70
364382,109833,80
364382,109900,70
364382,109957,70
364382,110091,60
364382,110104,80
364382,110140,80
364382,110175,70
364382,110262,50
364382,110312,70
364382,110329,60
364382,110338,80
364382,110393,70
364382,110473,90
364382,110605,70
364382,110873,80
364382,110884,70
364382,110937,60
364382,110964,80
364382,111073,60
364382,111075,80
364382,111083,70
364382,111139,70
364382,111212,70
364382,111228,70
364382,111233,70
364382,111283,70
364382,111338,70
364382,111366,60
364382,111403,70
364382,111444,70
364382,111461,60
364382,111601,70
364382,111685,90
364382,111747,70
364382,111748,70
364382,111846,60
364382,112114,70
364382,112147,70
364382,112195,50
364382,112197,80
364382,112203,60
364382,112544,90
364382,112547,50
364382,112655,70
364382,113144,60
364382,113245,80
364382,113342,60
364382,113344,60
364382,113455,70
364382,113622,70
364382,113676,70
364382,113961,70
364382,114204,70
364382,114592,70
364382,114728,80
364382,114820,70
364382,114854,70
364382,114913,70
364382,114976,70
364382,115042,70
364382,115268,70
364382,115374,70
364382,115387,80
364382,115604,80
364382,115897,70
364382,116333,80
364382,116774,70
364382,117629,60
364382,118463,70
364382,118518,70
364382,118586,80
364382,118655,70
364382,118706,70
364382,118993,70
364382,119301,80
364382,119501,70
364382,119733,80
364382,120039,80
364382,120663,70
364382,121473,90
364382,121558,70
364382,121753,60
364382,121971,70
364382,122320,70
364382,123333,70
364382,123823,50
364382,124130,60
364382,124485,70
364382,124589,70
364382,124853,70
364382,125057,70
364382,125177,70
364382,125229,50
364382,125303,70
364382,125608,80
364382,126768,80
364382,127462,50
364382,128360,60
364382,128846,80
364382,129576,50
364382,129972,60
364382,130465,40
364382,130942,50
364382,131318,80
364382,131769,80
364382,132400,70
364382,133764,70
364382,135378,90
364382,135930,80
364382,136453,70
364382,140407,80
364382,141530,80
364382,144611,80
364382,145020,100
364382,146235,70
364382,147583,70
364382,150890,80
364382,155611,80
364382,156303,90
364382,159549,60
364382,163547,70
364382,164134,90
364382,186521,60
6008671,30011,73
6008671,30021,85
6008671,33992,88
6008671,43544,97
6008671,72451,100
6008671,85135,99
6008671,86635,78
6008671,87471,86
6008671,97337,87
6008671,97553,98
6008671,97852,88
6008671,100230,90
6008671,100664,96
6008671,100801,96
6008671,100937,75
6008671,101177,95
6008671,101268,78
6008671,101315,91
6008671,101583,99
6008671,104236,84
6008671,104864,88
6008671,105011,92
6008671,105332,90
6008671,105641,97
6008671,107112,95
6008671,107282,90
6008671,107987,97
6008671,108768,88
6008671,111390,88
6008671,112981,99
6008671,113076,96
6008671,113501,86
6008671,113801,97
6008671,114527,89
6008671,114528,87
6008671,114645,90
6008671,116333,98
6008671,116411,95
6008671,117620,99
6008671,122192,90
6008671,124621,93
6008671,125250,92
6008671,126244,75
6008671,126292,94
6008671,126722,98
6008671,127683,84
6008671,131822,90
6008671,133436,88
6008671,137297,80
6008671,138373,93
6008671,139465,60
6008671,139841,89
6008671,140475,98
6008671,141756,98
6008671,143031,97
6008671,147997,92
6008671,149291,91
6008671,149323,86
6008671,149867,75
6008671,150890,76
6008671,151058,82
6008671,152404,92
6008671,152855,72
6008671,153101,88
6008671,154366,88
6008671,156303,93
6008671,156924,50
6008671,157751,79
6008671,159655,87
6008671,160034,70
6008671,162901,89
6008671,163253,90
6008671,163684,90
6008671,163685,99
6008671,165012,75
6008671,166742,90
6008671,169904,90
6008671,174790,86
6008671,174875,95
6008671,176443,85
6008671,187328,95
6008671,191390,90
6008671,196474,95
6008671,209027,95
611790,30013,95
611790,46765,87
611790,48939,58
611790,54698,52
611790,54825,74
611790,61499,75
611790,69987,43
611790,74347,88
611790,76716,90
611790,84749,43
611790,85208,74
611790,85389,73
611790,85453,70
611790,85486,87
611790,85533,85
611790,85564,87
611790,85619,47
611790,85703,43
611790,85734,80
611790,86338,50
611790,86399,85
611790,86429,79
611790,86486,40
611790,86510,67
611790,86511,64
611790,86624,44
611790,86635,95
611790,86698,64
611790,86707,72
611790,86765,73
611790,86952,82
611790,87213,73
611790,87220,60
611790,87468,76
611790,91739,46
611790,95098,40
611790,95406,61
611790,95768,73
611790,95895,53
611790,96344,41
611790,96447,75
611790,96775,98
611790,96834,38
611790,97305,66
611790,97493,83
611790,97753,25
611790,97852,98
611790,97973,16
611790,98068,47
611790,98140,72
611790,98179,35
611790,98282,60
611790,98608,44
611790,98645,61
611790,98671,33
611790,98686,76
611790,98800,66
611790,98871,65
611790,98900,54
611790,98996,54
611790,99022,68
611790,99324,85
611790,99462,33
611790,99549,75
611790,99573,47
611790,99602,42
611790,99617,28
611790,99625,67
611790,99769,79
611790,99895,42
611790,99920,38
611790,99931,62
611790,99943,48
611790,100064,43
611790,100114,37
611790,100214,40
611790,100319,67
611790,100476,42
611790,100477,62
611790,100503,54
611790,100664,72
611790,100872,39
611790,100991,85
611790,101067,68
611790,101072,70
611790,101155,71
611790,101175,75
611790,101177,78
611790,101188,51
611790,101233,75
611790,101315,55
611790,101449,65
611790,101469,70
611790,101475,67
611790,101552,25
611790,101561,78
611790,101583,87
611790,101679,47
611790,101715,81
611790,101721,60
611790,101722,60
611790,101724,76
611790,101754,74
611790,101756,67
611790,101793,33
611790,101822,65
611790,101848,46
611790,101870,44
611790,101898,46
611790,102020,78
611790,102139,41
611790,102476,66
611790,102490,62
611790,102585,72
611790,102837,57
611790,102907,74
611790,102961,68
611790,103037,77
611790,103084,92
611790,103156,65
611790,103197,72
611790,103203,32
611790,103213,95
611790,103214,70
611790,103238,72
611790,103621,58
611790,103655,67
611790,103728,70
611790,103731,60
611790,103864,85
611790,103894,48
611790,103903,72
611790,104255,22
611790,104539,60
611790,104676,59
611790,104864,76
611790,104884,57
611790,104896,71
611790,104977,70
611790,105004,86
611790,105011,67
611790,105097,74
611790,105111,80
611790,105120,3
611790,105125,74
611790,105204,77
611790,105347,72
611790,105361,57
611790,105398,99
611790,105429,100
611790,105641,100
611790,105747,62
611790,105778,84
611790,105791,36
611790,105965,73
611790,106029,47
611790,106068,20
611790,106454,87
611790,106473,76
611790,106474,87
611790,106679,58
611790,106760,56
611790,106820,59
611790,106983,63
611790,107087,66
611790,107096,55
611790,107281,91
611790,107305,39
611790,107445,81
611790,107540,60
611790,107559,82
611790,107603,70
611790,107720,41
611790,107729,76
611790,107751,40
611790,107780,77
611790,107789,62
611790,107918,90
611790,107955,53
611790,107976,60
611790,108000,40
611790,108105,73
611790,108172,63
611790,108226,95
611790,108257,56
611790,108324,43
611790,108330,72
611790,108349,57
611790,108352,77
611790,108371,72
611790,108379,77
611790,108441,45
611790,108556,86
611790,108675,52
611790,108699,28
611790,108700,75
611790,108768,80
611790,109111,31
611790,109140,44
611790,109201,78
611790,109259,78
611790,109310,42
611790,109809,65
611790,109898,23
611790,109957,72
611790,110042,70
611790,110059,68
611790,110060,53
611790,110312,64
611790,110343,80
611790,110376,60
611790,110462,82
611790,110472,74
611790,110577,70
611790,110605,98
611790,110657,66
611790,110760,74
611790,110785,78
611790,110915,21
611790,110941,48
611790,110974,49
611790,110996,68
611790,111096,74
611790,111108,70
611790,111139,26
611790,111149,77
611790,111168,67
611790,111233,80
611790,111239,65
611790,111303,72
611790,111361,44
611790,111381,58
611790,111444,25
611790,111527,80
611790,111826,67
611790,112116,37
611790,112167,66
611790,112168,72
611790,112197,97
611790,112222,66
611790,112291,22
611790,112304,92
611790,112326,76
611790,112342,76
611790,112491,40
611790,112547,80
611790,112715,50
611790,112830,95
611790,112981,92
611790,113076,73
611790,113171,60
611790,113488,69
611790,113501,77
611790,113647,71
611790,113666,80
611790,113701,45
611790,113704,78
611790,113801,66
611790,113961,80
611790,113987,63
611790,114015,44
611790,114204,76
611790,114403,72
611790,114437,78
611790,114526,40
611790,114528,74
611790,114605,82
611790,114847,71
611790,114898,77
611790,114917,89
611790,114960,80
611790,114975,81
611790,115000,87
611790,115042,39
611790,115050,58
611790,115149,87
611790,115302,49
611790,115735,75
611790,115897,66
611790,115937,56
611790,116014,81
611790,116024,50
611790,116062,42
611790,116285,60
611790,116333,59
611790,116380,64
611790,116495,48
611790,116815,48
611790,116961,80
611790,117195,76
611790,117342,44
611790,117460,70
611790,117508,75
611790,117536,73
611790,117739,66
611790,117785,72
611790,117822,85
611790,117883,80
611790,118172,70
611790,118177,63
611790,118408,82
611790,118424,82
611790,118519,82
611790,118584,53
611790,118586,87
611790,118593,72
611790,118608,62
611790,118644,67
611790,118647,79
611790,118655,24
611790,118704,85
611790,118706,52
611790,118721,67
611790,118724,40
611790,118768,40
611790,118935,73
611790,118973,32
611790,118987,65
611790,119009,65
611790,119075,78
611790,119121,78
611790,119175,56
611790,119287,63
611790,119311,55
611790,119363,61
611790,119397,64
611790,119472,76
611790,119644,24
611790,119703,70
611790,119767,62
611790,119821,58
611790,120080,60
611790,120088,77
611790,120094,45
611790,120368,40
611790,120440,70
611790,120545,82
611790,120811,33
611790,121204,32
611790,121241,74
611790,121688,65
611790,121753,65
611790,122110,81
611790,122123,82
611790,122221,70
611790,122593,45
611790,122710,60
611790,122729,62
611790,123067,78
611790,123130,85
611790,123164,77
611790,123236,75
611790,123261,82
611790,123264,47
611790,123286,75
611790,123366,70
611790,123372,84
611790,123544,48
611790,123573,63
611790,123582,78
611790,123739,41
611790,123747,43
611790,124079,55
611790,124577,55
611790,124621,84
611790,124846,76
611790,124941,53
611790,124966,64
611790,125229,47
611790,125280,39
611790,125434,74
611790,125478,70
611790,125489,89
611790,125512,56
611790,125592,59
611790,125618,78
611790,125619,63
611790,125636,63
611790,126148,43
611790,126770,80
611790,126904,82
611790,127029,63
611790,127695,75
611790,127752,57
611790,127893,70
611790,127910,75
611790,128067,92
611790,128273,78
611790,128406,72
611790,128434,72
611790,128586,42
611790,128789,72
611790,128809,64
611790,128821,57
611790,128976,78
611790,129010,60
611790,129194,62
611790,129311,75
611790,129574,100
611790,129725,87
611790,129882,58
611790,129921,65
611790,130511,70
611790,130548,92
611790,130870,79
611790,130897,57
611790,130938,45
611790,131013,76
611790,131312,40
611790,132029,64
611790,132182,100
611790,132457,26
611790,132589,67
611790,132611,65
611790,133381,62
611790,134141,44
611790,134327,71
611790,134369,84
611790,134388,79
611790,134529,61
611790,135196,4
611790,135206,61
611790,135325,75
611790,135532,33
611790,135561,100
611790,137518,78
611790,138368,42
611790,139014,95
611790,139465,75
611790,143056,80
611790,145684,78
611790,146181,58
611790,146731,21
611790,148082,81
630598,30001,100
630598,30002,90
630598,30003,79
630598,30007,100
630598,30011,78
630598,30012,60
630598,30013,90
630598,30024,50
630598,30051,100
630598,30104,86
630598,30145,85
630598,30418,96
630598,30436,65
630598,30564,85
630598,30598,10
630598,30642,72
630598,30656,95
630598,30657,100
630598,30698,100
630598,30729,85
630598,30743,78
630598,30908,75
630598,30936,95
630598,31131,92
630598,31133,90
630598,31211,100
630598,31303,90
630598,31373,77
630598,31595,68
630598,31649,70
630598,31695,100
630598,31702,11
630598,31706,100
630598,32924,85
630598,32938,50
630598,33031,85
630598,33104,79
630598,33256,55
630598,33285,70
630598,33575,90
630598,33586,70
630598,33614,78
630598,33731,80
630598,33986,70
630598,34632,100
630598,35157,80
630598,35293,59
630598,37375,100
630598,38204,80
630598,38848,60
630598,38967,80
630598,40297,50
630598,41425,80
630598,41514,91
630598,42585,90
630598,44790,75
630598,46688,55
630598,46765,100
630598,47222,56
630598,47353,75
630598,47465,87
630598,47644,79
630598,48570,90
630598,50593,70
630598,53390,60
630598,53419,90
630598,54561,65
630598,54705,80
630598,54836,63
630598,55297,60
630598,58361,70
630598,59173,2
630598,60079,95
630598,61853,82
630598,63327,80
630598,66267,75
630598,66903,73
630598,68071,75
630598,69139,60
630598,69883,80
630598,74155,1
630598,74347,80
630598,74485,60
630598,74489,100
630598,75757,30
630598,78151,40
630598,79865,90
630598,81747,80
630598,85165,80
630598,85197,69
630598,85486,90
630598,85504,60
630598,85567,70
630598,85616,49
630598,85671,5
630598,86123,45
630598,86136,80
630598,86171,70
630598,86217,44
630598,86296,65
630598,86549,74
630598,86639,85
630598,86890,90
630598,87015,85
630598,87155,1
630598,87170,80
630598,87208,70
630598,87217,100
630598,87423,70
630598,87459,65
630598,90310,55
630598,91225,50
630598,97553,90
630598,97720,49
630598,98397,95
630598,98649,4
630598,98674,70
630598,98835,85
630598,99236,15
630598,100568,100
630598,100805,60
630598,100859,5
630598,100991,75
630598,100994,75
630598,101517,80
630598,103866,70
630598,104540,80
630598,104780,84
630598,105469,70
630598,105564,45
630598,105774,71
630598,105778,90
630598,106130,65
630598,106431,45
630598,107098,80
630598,107237,80
630598,111327,1
630598,111444,60
630598,112579,78
630598,114819,70
630598,114820,80
630598,114821,46
630598,116186,50
630598,116827,20
630598,117620,70
630598,118371,83
630598,119968,66
630598,120683,65
630598,126135,75
630598,127340,64
630598,132029,88
630598,132182,70
630598,136960,5
630598,170399,80
5773560,30002,100
5773560,30012,100
5773560,30013,100
5773560,30051,100
5773560,30564,100
5773560,30642,100
5773560,30656,100
5773560,30657,100
5773560,30745,100
5773560,30936,100
5773560,31131,80
5773560,31706,100
5773560,33009,80
5773560,34632,100
5773560,37375,100
5773560,53390,100
5773560,63327,100
5773560,85611,100
5773560,87216,80
5773560,101517,100
5773560,102988,100
5773560,105398,100
5773560,105778,90
5773560,106130,100
5773560,119257,100
5773560,126297,90
5773560,126445,60
5773560,135129,100
230508,30923,66
230508,31363,68
230508,33378,72
230508,33866,74
230508,34368,70
230508,39296,72
230508,41434,70
230508,87208,82
230508,87216,70
230508,87347,70
230508,97830,80
230508,98334,66
230508,98417,70
230508,100932,73
230508,102043,79
230508,102988,69
230508,108946,78
230508,111189,73
230508,111205,73
230508,151059,75
734474,31702,70
734474,41438,60
734474,43881,85
734474,46688,70
734474,47353,35
734474,60079,100
734474,87459,85
734474,97553,90
734474,97742,70
734474,97897,90
734474,98674,30
734474,100173,70
734474,100998,85
734474,101489,35
734474,101561,90
734474,102259,85
734474,103232,70
734474,106961,80
734474,107128,85
734474,107521,90
734474,107918,85
734474,109398,90
734474,109435,60
734474,110329,60
734474,129796,70
731261,30002,1
731261,30013,90
731261,30418,1
731261,30436,1
731261,30642,1
731261,30656,1
731261,30872,100
731261,30908,1
731261,30936,1
731261,31397,1
731261,31517,100
731261,31630,100
731261,31962,1
731261,33006,100
731261,33008,100
731261,33009,100
731261,37375,1
731261,53390,1
731261,56857,1
731261,63327,1
731261,66531,1
731261,85401,1
731261,85412,1
731261,85734,1
731261,85804,1
731261,85850,1
731261,86559,1
731261,98328,1
731261,98397,1
731261,99977,1
731261,100187,1
731261,100444,1
731261,100994,1
731261,101176,1
731261,101214,1
731261,101233,1
731261,101515,1
731261,103082,1
731261,105641,1
731261,105778,60
731261,106130,1
731261,106867,1
731261,107237,1
731261,108556,1
731261,116671,1
731261,118269,1
731261,118730,1
731261,120760,1
731261,137615,1
5703954,30002,90
5703954,30149,75
5703954,30583,80
5703954,33749,70
5703954,37375,90
5703954,60079,80
5703954,74489,95
5703954,79865,75
5703954,100568,80
5703954,101583,80
5703954,105398,70
5703954,105778,85
5703954,107098,70
5703954,107720,70
5703954,116671,50
5703954,119521,75
5703954,120760,70
5703954,120980,65
5703954,121565,80
5703954,122060,80
5703954,126135,70
5703954,126297,60
5703954,128192,75
677803,33986,100
677803,57231,65
677803,58825,100
677803,63327,100
677803,65243,100
677803,76326,100
677803,85555,100
677803,85611,100
677803,86123,100
677803,86364,16
677803,86639,80
677803,87099,100
677803,98370,100
677803,100805,100
677803,100885,100
677803,105589,11
677803,105778,85
677803,105850,100
677803,109384,100
677803,109579,16
677803,111072,100
677803,117090,1
677803,122350,12
5845038,30013,70
5845038,30020,80
5845038,30025,100
5845038,30030,90
5845038,30102,80
5845038,30104,90
5845038,30106,90
5845038,30119,90
5845038,30398,90
5845038,30633,100
5845038,30676,90
5845038,31228,90
5845038,33468,70
5845038,34119,100
5845038,45104,90
5845038,47192,100
5845038,58533,80
5845038,61499,70
5845038,85135,90
5845038,85235,80
5845038,86036,100
5845038,86549,80
5845038,86937,100
5845038,87208,90
5845038,87459,80
5845038,93006,90
5845038,98334,80
5845038,98587,70
5845038,99140,80
5845038,104140,70
5845038,104840,90
5845038,105175,80
5845038,105778,80
5845038,106725,60
5845038,108556,90
5845038,109047,80
5845038,110439,90
5845038,110764,100
5845038,113168,70
5845038,114972,80
5845038,117073,80
5845038,117985,70
5845038,118408,100
5845038,120535,90
5845038,126970,90
5845038,132165,90
5845038,156656,70
387820,38586,70
387820,85143,70
387820,86342,90
387820,97630,30
387820,97724,70
387820,105398,70
387820,110095,70
387820,113676,50
387820,119316,50
387820,121476,90
387820,123868,70
387820,126769,50
387820,127352,70
387820,136220,70
387820,137731,10
387820,137989,70
387820,154187,30
387820,159336,70
387820,159806,60
387820,172276,50
668541,30001,90
668541,39699,90
668541,48200,80
668541,51525,100
668541,53390,90
668541,65243,100
668541,65573,100
668541,85135,90
668541,85616,90
668541,85617,90
668541,85922,100
668541,87216,99
668541,87347,100
668541,98359,80
668541,100052,100
668541,100473,80
668541,100755,80
668541,100805,80
668541,101328,100
668541,104203,100
668541,105778,60
668541,107237,100
668541,107392,70
668541,107477,90
668541,107658,70
668541,108813,70
668541,109380,80
668541,111116,80
668541,111133,50
668541,112484,100
668541,114328,100
668541,114329,100
668541,114551,70
668541,115610,60
668541,116562,90
668541,116942,70
668541,120918,70
668541,122506,50
668541,123104,70
668541,124443,70
668541,126107,80
668541,129384,70
668541,129424,60
668541,129774,70
668541,130116,80
668541,130158,80
668541,130308,70
668541,132120,60
668541,133352,50
668541,136092,90
668541,138196,90
668541,138362,70
668541,139463,70
668541,140767,90
668541,144208,70
668541,144245,80
668541,144381,70
668541,146656,90
668541,152572,80
668541,153726,100
668541,154043,50
668541,155420,80
668541,158395,70
668541,158773,70
668541,160777,70
668541,165673,90
668541,168144,70
668541,168824,80
668541,174294,60
668541,177139,70
668541,179400,70
668541,181291,60
668541,182332,70
668541,189163,70
668541,190422,60
668541,192333,60
668541,212020,40
982800,52191,60
982800,85198,70
982800,85497,60
982800,86075,60
982800,86964,100
982800,98492,60
982800,100793,60
982800,100954,100
982800,102354,50
982800,102904,60
982800,103995,50
982800,104596,50
982800,105398,50
982800,107235,40
982800,110983,50
982800,111087,70
982800,113328,50
982800,116633,60
982800,117680,50
982800,118599,60
982800,119257,50
982800,121276,50
982800,121565,50
982800,123187,50
982800,126944,50
982800,128882,50
982800,130229,90
982800,133964,60
982800,134026,50
982800,134029,80
982800,136024,50
982800,136090,90
982800,140908,50
982800,142887,60
982800,145525,50
982800,146139,50
982800,147581,50
982800,149483,50
982800,151370,50
982800,153659,50
5278978,30013,88
5278978,30025,73
5278978,30336,89
5278978,30642,94
5278978,30656,98
5278978,31706,95
5278978,33009,88
5278978,46765,89
5278978,53390,84
5278978,54705,71
5278978,55515,86
5278978,65243,90
5278978,72451,71
5278978,74347,94
5278978,74489,87
5278978,85143,89
5278978,85215,81
5278978,85567,71
5278978,85802,72
5278978,86123,78
5278978,86297,73
5278978,86300,80
5278978,86399,75
5278978,86635,93
5278978,86717,85
5278978,87154,67
5278978,87216,55
5278978,87315,40
5278978,87395,85
5278978,87411,84
5278978,95392,71
5278978,97852,83
5278978,98522,79
5278978,99851,73
5278978,100209,69
5278978,100230,69
5278978,100319,79
5278978,100664,76
5278978,100962,69
5278978,101315,78
5278978,101583,77
5278978,101724,66
5278978,102423,67
5278978,102490,66
5278978,103850,67
5278978,104660,81
5278978,104676,46
5278978,104864,78
5278978,104999,64
5278978,105022,63
5278978,105398,82
5278978,105778,84
5278978,106130,81
5278978,107098,84
5278978,107282,60
5278978,107559,74
5278978,107729,65
5278978,108556,87
5278978,108768,55
5278978,110760,56
5278978,113488,75
5278978,113501,73
5278978,114015,70
5278978,114383,64
5278978,114530,61
5278978,114563,53
5278978,114960,75
5278978,116401,70
5278978,117195,86
5278978,117822,76
5278978,118683,56
5278978,119176,72
5278978,120760,81
5278978,122710,75
5278978,125280,69
5278978,125943,56
5278978,127079,69
5278978,127778,64
5278978,128430,83
5278978,132029,79
5278978,132182,74
5278978,134369,74
5278978,141530,80
5278978,143031,84
5278978,146139,67
531262,30011,100
531262,30012,80
531262,30013,60
531262,30024,50
531262,30025,70
531262,30076,70
531262,30104,50
531262,30190,50
531262,30397,50
531262,30398,50
531262,30584,50
531262,30591,60
531262,30669,50
531262,31032,30
531262,31859,50
531262,33031,50
531262,37630,60
531262,41516,50
531262,53208,60
531262,54098,50
531262,54308,50
531262,54903,100
531262,55132,60
531262,58091,50
531262,65573,70
531262,66723,70
531262,69325,70
531262,73297,60
531262,73661,70
531262,74347,50
531262,75757,80
531262,79865,50
531262,80145,50
531262,85199,70
531262,85215,50
531262,85247,50
531262,85486,60
531262,85939,70
531262,86229,50
531262,86526,60
531262,86648,50
531262,86717,80
531262,86848,50
531262,86964,70
531262,87216,100
531262,87423,60
531262,98397,60
531262,100568,80
531262,100954,50
531262,101233,100
531262,102246,70
531262,103995,60
531262,104596,80
531262,107235,50
531262,108556,100
718881,30004,90
718881,30010,96
718881,30017,70
718881,30092,80
718881,30107,83
718881,30124,70
718881,30128,80
718881,30149,84
718881,30160,80
718881,30338,80
718881,30348,80
718881,30418,80
718881,30424,72
718881,30436,70
718881,30509,70
718881,30664,95
718881,30698,90
718881,30715,60
718881,30768,90
718881,30773,82
718881,30872,80
718881,30909,69
718881,30912,60
718881,30923,76
718881,31133,100
718881,31472,60
718881,31517,70
718881,31630,80
718881,31649,80
718881,31706,100
718881,31802,70
718881,32598,80
718881,33006,100
718881,33008,90
718881,33009,78
718881,33039,60
718881,33299,90
718881,33526,50
718881,33749,60
718881,33941,80
718881,34584,70
718881,34632,100
718881,35255,80
718881,35651,70
718881,35806,76
718881,35820,60
718881,36097,68
718881,36164,90
718881,36997,70
718881,38204,72
718881,38586,90
718881,39548,80
718881,39699,70
718881,39738,80
718881,40398,70
718881,41037,70
718881,41896,70
718881,42569,60
718881,43001,88
718881,43271,70
718881,44236,70
718881,44440,75
718881,45521,70
718881,45805,75
718881,47465,77
718881,48074,70
718881,48597,69
718881,51054,70
718881,52651,90
718881,52986,70
718881,53225,68
718881,53571,70
718881,53736,74
718881,53796,60
718881,53947,70
718881,54457,80
718881,54705,86
718881,55191,80
718881,55515,86
718881,55944,80
718881,56021,60
718881,57327,70
718881,59211,80
718881,60315,70
718881,60779,60
718881,62157,50
718881,62425,60
718881,63043,60
718881,64977,60
718881,65003,70
718881,65573,80
718881,66213,80
718881,67705,70
718881,72451,84
718881,72543,76
718881,74347,86
718881,74489,100
718881,74501,60
718881,80217,70
718881,81747,60
718881,81987,70
718881,82251,70
718881,84723,70
718881,84799,70
718881,84897,80
718881,85136,50
718881,85165,70
718881,85213,70
718881,85316,100
718881,85403,60
718881,85412,100
718881,85430,70
718881,85435,83
718881,85464,80
718881,85734,90
718881,85887,70
718881,86182,80
718881,86214,70
718881,86218,87
718881,86297,72
718881,86300,60
718881,86548,70
718881,86770,81
718881,86797,52
718881,86898,100
718881,86964,80
718881,87154,90
718881,87170,86
718881,87196,70
718881,87200,70
718881,87201,70
718881,87353,30
718881,88234,68
718881,96754,80
718881,97258,80
718881,97337,90
718881,97852,72
718881,99140,70
718881,100207,60
718881,100584,75
718881,100664,60
718881,101233,80
718881,101552,50
718881,101724,50
718881,103026,70
718881,103630,71
718881,105097,74
718881,105263,82
718881,105398,70
718881,105778,88
718881,105790,74
718881,106434,50
718881,106688,65
718881,106726,100
718881,107098,86
718881,107462,81
718881,108105,70
718881,110159,83
718881,113981,82
718881,116682,71
718881,119016,80
718881,120493,75
718881,120760,74
718881,125624,82
718881,132029,84
718881,138070,75
718881,142568,84
718881,175386,70
7286294,30011,70
7286294,30012,60
7286294,30013,90
7286294,30021,80
7286294,30024,60
7286294,30026,90
7286294,30042,70
7286294,30872,80
7286294,31630,70
7286294,31706,100
7286294,33006,80
7286294,33008,70
7286294,33009,80
7286294,37887,70
7286294,39711,90
7286294,41652,70
7286294,43492,60
7286294,61499,70
7286294,63327,90
7286294,65243,90
7286294,74347,80
7286294,75757,70
7286294,78151,70
7286294,85215,80
7286294,85611,90
7286294,86123,60
7286294,86508,60
7286294,87216,70
7286294,87423,90
7286294,98148,50
7286294,98416,70
7286294,98544,90
7286294,99324,90
7286294,105778,90
7286294,106130,80
7286294,108556,80
7286294,112981,80
7286294,114791,70
7286294,114960,70
7286294,125828,70
7286294,126693,80
7286294,128896,70
7286294,132029,90
7286294,135981,90
7286294,144866,90
7286294,149544,90
7286294,150440,90
7286294,156656,60
5862340,30012,88
5862340,30013,100
5862340,30375,100
5862340,30669,90
5862340,31155,70
5862340,33048,66
5862340,50593,80
5862340,56612,75
5862340,60125,60
5862340,61499,75
5862340,64651,60
5862340,65003,80
5862340,69281,90
5862340,71629,60
5862340,74347,90
5862340,76716,90
5862340,77487,60
5862340,79205,60
5862340,80767,90
5862340,85141,93
5862340,85370,98
5862340,85407,80
5862340,85486,65
5862340,85566,80
5862340,85802,90
5862340,85849,99
5862340,86080,70
5862340,86099,94
5862340,86123,85
5862340,86717,90
5862340,86848,92
5862340,87054,60
5862340,87178,80
5862340,87293,80
5862340,87441,93
5862340,96280,75
5862340,96447,60
5862340,97720,80
5862340,98068,70
5862340,98347,89
5862340,98648,98
5862340,98996,20
5862340,99351,70
5862340,99435,60
5862340,99609,96
5862340,99625,88
5862340,99769,78
5862340,99775,99
5862340,100843,60
5862340,100959,70
5862340,101552,60
5862340,101557,100
5862340,101583,78
5862340,101591,70
5862340,101625,80
5862340,101746,80
5862340,101822,65
5862340,101850,70
5862340,102988,50
5862340,103213,75
5862340,103294,88
5862340,103798,95
5862340,104221,72
5862340,104503,90
5862340,104896,70
5862340,105011,85
5862340,105298,50
5862340,105398,95
5862340,105429,86
5862340,105701,70
5862340,105724,85
5862340,105778,88
5862340,106130,100
5862340,106233,70
5862340,106260,50
5862340,106454,85
5862340,106757,60
5862340,106807,60
5862340,106929,85
5862340,107120,99
5862340,107279,90
5862340,107281,80
5862340,107305,61
5862340,107448,70
5862340,107686,70
5862340,107780,70
5862340,107978,92
5862340,108115,80
5862340,108164,80
5862340,108441,60
5862340,108675,70
5862340,108924,83
5862340,109501,77
5862340,109673,60
5862340,109735,80
5862340,110418,77
5862340,110605,85
5862340,110750,70
5862340,110759,85
5862340,110785,80
5862340,111390,80
5862340,111573,85
5862340,111601,80
5862340,111701,60
5862340,111900,60
5862340,112114,65
5862340,112222,70
5862340,113535,60
5862340,113591,89
5862340,113636,75
5862340,113647,87
5862340,113676,75
5862340,113801,70
5862340,113998,70
5862340,114416,93
5862340,114821,80
5862340,114830,70
5862340,115037,73
5862340,115357,65
5862340,115724,70
5862340,115969,58
5862340,116180,80
5862340,116495,70
5862340,116625,68
5862340,116671,70
5862340,116675,78
5862340,116722,70
5862340,116775,60
5862340,116809,81
5862340,116827,85
5862340,117195,100
5862340,117207,60
5862340,117342,70
5862340,117368,60
5862340,117465,60
5862340,117675,80
5862340,117883,70
5862340,117964,70
5862340,118463,40
5862340,118534,90
5862340,118585,65
5862340,118647,70
5862340,118706,65
5862340,118776,70
5862340,118848,68
5862340,118993,70
5862340,119174,90
5862340,119257,93
5862340,119276,88
5862340,119311,70
5862340,119327,63
5862340,119373,60
5862340,119472,70
5862340,119580,70
5862340,119644,65
5862340,119648,80
5862340,119816,80
5862340,119913,60
5862340,119968,82
5862340,120080,86
5862340,120493,70
5862340,120727,100
5862340,120760,83
5862340,120979,65
5862340,121390,70
5862340,121525,70
5862340,121703,70
5862340,121991,83
5862340,122138,86
5862340,122257,80
5862340,122337,90
5862340,122604,65
5862340,122706,70
5862340,122710,63
5862340,123130,75
5862340,123164,60
5862340,123286,70
5862340,123372,80
5862340,123582,85
5862340,123687,70
5862340,123747,80
5862340,124247,87
5862340,124941,60
5862340,125008,65
5862340,125025,90
5862340,125229,75
5862340,125303,60
5862340,125624,80
5862340,126078,60
5862340,126273,77
5862340,126297,95
5862340,126361,90
5862340,126603,78
5862340,126608,68
5862340,126904,70
5862340,126944,75
5862340,126967,60
5862340,127102,85
5862340,127169,70
5862340,127224,70
5862340,127229,75
5862340,127289,60
5862340,127354,86
5862340,127734,80
5862340,127778,75
5862340,128160,93
5862340,128254,60
5862340,128521,85
5862340,128557,75
5862340,128851,80
5862340,128882,85
5862340,128995,65
5862340,129010,70
5862340,129445,60
5862340,129483,70
5862340,129918,85
5862340,129944,60
5862340,130258,80
5862340,130511,80
5862340,130548,65
5862340,130566,88
5862340,130870,90
5862340,130951,70
5862340,131013,90
5862340,131140,80
5862340,131228,70
5862340,131257,70
5862340,131318,85
5862340,131377,80
5862340,131822,65
5862340,132182,86
5862340,132510,70
5862340,132664,60
5862340,132793,83
5862340,132877,68
5862340,133057,69
5862340,133381,70
5862340,133386,70
5862340,133393,60
5862340,133664,75
5862340,133837,60
5862340,134369,85
5862340,134512,80
5862340,134954,78
5862340,135005,75
5862340,135317,75
5862340,135369,80
5862340,135804,70
5862340,136220,85
5862340,136453,55
5862340,136761,65
5862340,136994,70
5862340,137429,80
5862340,137434,87
5862340,138039,90
5862340,138091,65
5862340,138139,60
5862340,138341,70
5862340,138840,80
5862340,139323,85
5862340,139667,80
5862340,139732,68
5862340,139966,95
5862340,140409,60
5862340,140467,95
5862340,140528,78
5862340,140697,70
5862340,140837,85
5862340,142135,66
5862340,142144,88
5862340,142171,70
5862340,142538,65
5862340,142603,60
5862340,142919,70
5862340,143050,65
5862340,143265,80
5862340,143369,60
5862340,143496,80
5862340,143546,70
5862340,143719,88
5862340,144854,88
5862340,144957,90
5862340,145054,60
5862340,145365,70
5862340,145721,90
5862340,145859,66
5862340,146039,65
5862340,146139,80
5862340,146203,80
5862340,146256,60
5862340,146267,75
5862340,146605,70
5862340,146705,100
5862340,147329,75
5862340,147591,60
5862340,147786,72
5862340,147997,70
5862340,148054,70
5862340,148082,93
5862340,148491,75
5862340,149323,65
5862340,149341,60
5862340,150131,60
5862340,150262,60
5862340,150316,80
5862340,150321,60
5862340,150440,80
5862340,150890,90
5862340,151095,80
5862340,151512,91
5862340,151601,70
5862340,152284,60
5862340,152298,70
5862340,152654,80
5862340,152855,85
5862340,152959,60
5862340,153904,80
5862340,153948,85
5862340,154190,70
5862340,154222,86
5862340,154490,63
5862340,154617,60
5862340,155228,80
5862340,155441,85
5862340,156762,70
5862340,156807,80
5862340,156895,70
5862340,157751,73
5862340,157890,71
5862340,158847,60
5862340,159212,88
5862340,159463,65
5862340,159628,63
5862340,160923,62
5862340,161047,70
5862340,162093,75
5862340,162335,75
5862340,162801,68
5862340,163317,60
5862340,163340,80
5862340,163482,70
5862340,163547,65
5862340,164512,80
5862340,167747,65
5862340,168187,60
5862340,168526,65
5862340,168615,100
5862340,168680,85
5862340,170755,75
5862340,170803,60
5862340,170850,60
5862340,173235,75
5862340,177877,80
5862340,178165,85
5862340,179146,70
5862340,179585,60
5862340,180921,65
5862340,182367,65
5862340,182394,70
5862340,185665,80
5862340,203670,70
5862340,205476,60
5862340,205571,60
7365023,30025,100
7365023,30051,100
7365023,30149,80
7365023,30430,60
7365023,30584,70
7365023,31031,60
7365023,32921,60
7365023,33378,60
7365023,33468,50
7365023,33731,90
7365023,34632,100
7365023,38483,60
7365023,39711,90
7365023,41734,90
7365023,47353,80
7365023,52551,50
7365023,53390,80
7365023,54294,60
7365023,61499,50
7365023,65573,60
7365023,67707,90
7365023,75275,30
7365023,80217,70
7365023,85135,80
7365023,85216,20
7365023,85412,90
7365023,85734,80
7365023,85849,70
7365023,86635,90
7365023,98674,70
7365023,101311,100
7365023,110473,80
7365023,111233,90
7365023,112981,70
7365023,142568,70
7365023,160880,80
6827160,30671,100
6827160,38144,100
6827160,50593,80
6827160,85151,80
6827160,85915,100
6827160,87225,80
6827160,100470,80
6827160,105393,70
6827160,106757,70
6827160,107445,100
6827160,116671,100
6827160,119363,80
6827160,131318,80
6827160,145859,70
6827160,148119,80
6827160,159212,90
6827160,163418,100
6827160,166279,100
6827160,175752,100
6827160,180025,90
6827160,181407,70
6827160,196258,70
6827160,196395,100
5136222,30001,80
5136222,30011,80
5136222,30013,90
5136222,30021,40
5136222,30025,90
5136222,30026,90
5136222,30436,100
5136222,30442,70
5136222,30583,70
5136222,30698,85
5136222,30909,75
5136222,30912,70
5136222,30936,60
5136222,31517,85
5136222,31706,80
5136222,34632,100
5136222,40970,40
5136222,42569,100
5136222,55515,80
5136222,63327,60
5136222,74347,100
5136222,85486,70
5136222,85611,60
5136222,86171,50
5136222,86635,90
5136222,86770,70
5136222,87178,20
5136222,87216,70
5136222,87423,70
5136222,97553,100
5136222,97852,90
5136222,98652,50
5136222,98674,70
5136222,100230,50
5136222,100568,90
5136222,101517,70
5136222,105778,90
5136222,108556,90
5136222,114960,70
5136222,120760,60
5136222,125828,80
5136222,145266,60
5136222,145612,60
7399050,30001,80
7399050,30002,100
7399050,30011,80
7399050,30012,90
7399050,30013,90
7399050,30021,70
7399050,30025,90
7399050,30039,50
7399050,30042,90
7399050,30117,60
7399050,30387,60
7399050,30401,80
7399050,30583,80
7399050,30651,80
7399050,30724,70
7399050,30728,90
7399050,30872,80
7399050,30909,70
7399050,31023,70
7399050,31517,70
7399050,31630,70
7399050,31706,100
7399050,33006,80
7399050,33008,80
7399050,33009,70
7399050,36566,90
7399050,55515,80
7399050,67525,70
7399050,74347,70
7399050,74501,70
7399050,90310,80
7399050,105778,60
7399050,109714,70
7399050,111355,70
7399050,127819,70
7399050,132029,70
7399050,136936,100
7399050,138072,80
7399050,163323,80
57319,30011,90
57319,30012,90
57319,30017,80
57319,30348,80
57319,30430,70
57319,30447,70
57319,30582,70
57319,30669,90
57319,30738,80
57319,31282,80
57319,33468,100
57319,35806,100
57319,37519,90
57319,38967,90
57319,42629,70
57319,45221,90
57319,45578,90
57319,46860,70
57319,47353,80
57319,48019,70
57319,48906,90
57319,48939,80
57319,50811,70
57319,51419,70
57319,52143,80
57319,52638,90
57319,53390,90
57319,55057,70
57319,55096,70
57319,55297,100
57319,56584,90
57319,58226,80
57319,59931,70
57319,61185,80
57319,61499,75
57319,67707,90
57319,69325,90
57319,71893,70
57319,73449,70
57319,74347,90
57319,75275,100
57319,76282,90
57319,80217,90
57319,85135,90
57319,85199,70
57319,85213,80
57319,85417,70
57319,85486,90
57319,85533,90
57319,85567,90
57319,85802,80
57319,86036,80
57319,86072,70
57319,86082,80
57319,86132,80
57319,86300,70
57319,86399,90
57319,86481,95
57319,86639,90
57319,86898,80
57319,87395,100
57319,87423,90
57319,98140,80
57319,98176,70
57319,99549,60
57319,99872,80
57319,100664,78
57319,101233,80
57319,101683,70
57319,172369,78
381766,30021,65
381766,30026,95
381766,30053,90
381766,30085,95
381766,30113,80
381766,30143,65
381766,30145,90
381766,30436,85
381766,30646,80
381766,30698,65
381766,30708,40
381766,30958,75
381766,31126,85
381766,31229,70
381766,31373,50
381766,31400,85
381766,31459,80
381766,31460,85
381766,31474,100
381766,31602,70
381766,31650,80
381766,31702,75
381766,33042,100
381766,33586,85
381766,33588,65
381766,33598,70
381766,33731,100
381766,33780,85
381766,34331,65
381766,35356,70
381766,35674,75
381766,35806,85
381766,38204,80
381766,38967,80
381766,41366,80
381766,42569,85
381766,42585,80
381766,44127,75
381766,44634,75
381766,44635,75
381766,45247,80
381766,45355,75
381766,45484,80
381766,46121,65
381766,47353,70
381766,47465,100
381766,48258,70
381766,49058,75
381766,54705,85
381766,54808,65
381766,55250,90
381766,61853,100
381766,62927,60
381766,62975,75
381766,63327,90
381766,64029,80
381766,65673,80
381766,66369,85
381766,66903,100
381766,69959,85
381766,70981,60
381766,71011,75
381766,71571,65
381766,71711,55
381766,71735,70
381766,74489,100
381766,75721,65
381766,76814,75
381766,80217,75
381766,80857,70
381766,85209,80
381766,85284,70
381766,85316,100
381766,85486,50
381766,85540,85
381766,86136,65
381766,86314,75
381766,86781,85
381766,86966,75
381766,86993,80
381766,87079,75
381766,87170,90
381766,91927,75
381766,98109,85
381766,98329,65
381766,98334,80
381766,98341,85
381766,98587,70
381766,98674,70
381766,99020,85
381766,100994,95
381766,101122,40
381766,101517,55
381766,101942,90
381766,101982,75
381766,103180,85
381766,104011,90
381766,104520,75
381766,105094,75
381766,105122,75
381766,105352,85
381766,105469,75
381766,105768,80
381766,105778,100
381766,105997,65
381766,106890,65
381766,107237,90
381766,107935,80
381766,107967,75
381766,108977,80
381766,109406,85
381766,110473,95
381766,111233,100
381766,112579,85
381766,113037,75
381766,113955,75
381766,114791,90
381766,114792,80
381766,115347,75
381766,116186,45
381766,116827,85
381766,119287,70
381766,122823,70
381766,125828,90
381766,130436,80
381766,132182,85
381766,133945,65
381766,135981,65
381766,136680,75
381766,139358,80
381766,141261,80
381766,142568,45
381766,147997,85
381766,148138,60
381766,150441,65
381766,154551,65
381766,156656,55
381766,156668,55
381766,156669,60
381766,163340,70
381766,163496,55
381766,166140,65
381766,168037,75
381766,169100,70
381766,171004,65
381766,171081,45
381766,174545,40
381766,176832,45
381766,176833,55
381766,176834,60
381766,181892,50
381766,186356,65
381766,186606,60
381766,191534,70
381766,192764,50
381766,194075,85
381766,194893,65
381766,195644,70
381766,201753,45
381766,202081,50
381766,202148,70
381766,207142,40
381766,207440,50
494641,30002,100
494641,30031,80
494641,30051,90
494641,30149,90
494641,30465,70
494641,30583,80
494641,30610,70
494641,30642,100
494641,30656,100
494641,30915,70
494641,31149,70
494641,31515,50
494641,31706,100
494641,33009,90
494641,33285,80
494641,33866,80
494641,34368,70
494641,34571,80
494641,34632,100
494641,35255,80
494641,35293,90
494641,36164,70
494641,37375,80
494641,38586,70
494641,38848,70
494641,39711,100
494641,41896,50
494641,43492,50
494641,46765,90
494641,47368,70
494641,47915,80
494641,51525,80
494641,52651,80
494641,55515,80
494641,56769,80
494641,57231,90
494641,72451,70
494641,73661,80
494641,74489,100
494641,79865,80
494641,80145,90
494641,85135,90
494641,85138,80
494641,85235,90
494641,85435,80
494641,85747,80
494641,85849,90
494641,85887,80
494641,85898,70
494641,86218,90
494641,86243,60
494641,86265,70
494641,86279,50
494641,86551,90
494641,86635,90
494641,86717,70
494641,86720,70
494641,86848,60
494641,86964,90
494641,87350,100
494641,87395,80
494641,87468,90
494641,97553,80
494641,97701,70
494641,97830,90
494641,97852,90
494641,98112,60
494641,98328,90
494641,98334,80
494641,99324,60
494641,99404,80
494641,100664,80
494641,100954,80
494641,100991,80
494641,100994,80
494641,101233,80
494641,101315,70
494641,101434,40
494641,101583,70
494641,101724,70
494641,103111,80
494641,103214,50
494641,105393,60
494641,105398,90
494641,105641,70
494641,105778,80
494641,106064,60
494641,107098,90
494641,107267,70
494641,107282,70
494641,108556,80
494641,109122,70
494641,109402,60
494641,111403,50
494641,112981,80
494641,115937,40
494641,119493,70
494641,123021,70
569935,37519,80
569935,58226,90
569935,68105,90
569935,85663,80
569935,85818,70
569935,86678,70
569935,87220,70
569935,97852,100
569935,97999,80
569935,98068,70
569935,98074,100
569935,99086,90
569935,99114,70
569935,100192,80
569935,100234,60
569935,101670,90
569935,101870,80
569935,103854,100
569935,104973,80
569935,105398,90
569935,106219,70
569935,106840,70
569935,107128,80
569935,108258,90
569935,108451,100
569935,108866,80
569935,109048,70
569935,109063,60
569935,109269,90
569935,109271,100
569935,109438,90
569935,109448,90
569935,109728,100
569935,110530,100
569935,110898,90
569935,111095,90
569935,111103,100
569935,112318,80
569935,112678,100
569935,112832,70
569935,113524,80
569935,113910,80
569935,114986,70
569935,119143,80
569935,119414,80
569935,121390,70
569935,123904,60
569935,126296,70
569935,126718,70
6664465,119521,100
6664465,136220,97
6664465,143025,95
6664465,143056,90
6664465,143117,100
6664465,149332,100
6664465,153432,97
6664465,153883,84
6664465,154208,100
6664465,160980,85
6664465,163536,94
6664465,163824,100
6664465,167649,97
6664465,167834,97
6664465,170400,100
6664465,170724,100
6664465,170894,100
6664465,173020,89
6664465,175262,89
6664465,176812,100
7163443,30001,90
7163443,30021,80
7163443,30143,40
7163443,30463,80
7163443,30646,60
7163443,30649,70
7163443,30745,90
7163443,30936,60
7163443,31131,60
7163443,32179,70
7163443,33042,80
7163443,33104,80
7163443,33586,30
7163443,33731,60
7163443,33780,30
7163443,33986,50
7163443,34453,100
7163443,34632,20
7163443,35699,30
7163443,35806,80
7163443,38967,80
7163443,43881,50
7163443,44127,60
7163443,44357,60
7163443,44729,40
7163443,47031,30
7163443,47353,20
7163443,47465,80
7163443,48425,60
7163443,55132,30
7163443,58533,90
7163443,60079,60
7163443,63327,60
7163443,65199,60
7163443,66267,50
7163443,66903,70
7163443,79011,50
7163443,80145,60
7163443,85215,60
7163443,85316,70
7163443,85412,70
7163443,85611,20
7163443,85770,50
7163443,85837,40
7163443,85968,30
7163443,86036,100
7163443,86136,70
7163443,86218,70
7163443,86314,30
7163443,86781,60
7163443,87170,80
7163443,87208,70
7163443,93841,70
7163443,97882,70
7163443,98109,70
7163443,99082,20
7163443,100466,70
7163443,100531,70
7163443,100568,70
7163443,101076,70
7163443,102812,90
7163443,103807,80
7163443,104140,60
7163443,104763,70
7163443,104780,70
7163443,105492,40
7163443,105778,60
7163443,106726,100
7163443,108262,60
7163443,110159,100
7163443,111044,40
7163443,111233,70
7163443,112579,80
7163443,114027,50
7163443,115790,70
7163443,116897,30
7163443,119566,70
7163443,123154,50
7163443,123812,70
7163443,125477,30
7163443,125828,70
7163443,141157,60
7163443,145531,80
7163443,147149,60
7163443,147742,50
7163443,150186,30
7163443,151675,70
7163443,158904,60
7163443,161523,30
7163443,163331,50
7163443,163481,50
7163443,172369,30
7163443,172713,60
7163443,174798,70
5722923,30010,100
5722923,30671,80
5722923,33749,90
5722923,37519,100
5722923,39547,100
5722923,46081,100
5722923,46144,100
5722923,51498,100
5722923,51499,100
5722923,52519,100
5722923,52651,80
5722923,53390,100
5722923,53900,100
5722923,60315,100
5722923,61499,90
5722923,64053,100
5722923,65719,100
5722923,74347,95
5722923,75275,70
5722923,85215,82
5722923,85370,70
5722923,86481,100
5722923,86635,100
5722923,86737,90
5722923,87216,90
5722923,87468,100
5722923,97727,70
5722923,97852,85
5722923,98235,80
5722923,98328,85
5722923,99462,70
5722923,99943,100
5722923,100230,90
5722923,100937,70
5722923,101311,100
5722923,102861,85
5722923,102988,60
5722923,102989,100
5722923,104503,80
5722923,105370,79
5722923,105398,100
5722923,105778,89
5722923,106064,80
5722923,106454,100
5722923,106758,100
5722923,106929,100
5722923,107120,70
5722923,107720,100
5722923,107966,78
5722923,108556,86
5722923,114383,70
5722923,115000,80
5722923,116186,100
5722923,119472,80
5722923,128067,100
5722923,138222,70
5722923,138705,100
5722923,140407,100
7093021,30021,85
7093021,30030,85
7093021,30413,85
7093021,30436,60
7093021,30475,35
7093021,30878,85
7093021,30909,60
7093021,30912,85
7093021,31133,85
7093021,31216,85
7093021,31397,85
7093021,31735,85
7093021,31803,60
7093021,31830,60
7093021,31859,85
7093021,33082,85
7093021,33232,60
7093021,33992,60
7093021,35293,60
7093021,38947,85
7093021,41107,85
7093021,41243,85
7093021,43841,85
7093021,47192,85
7093021,47353,35
7093021,48753,60
7093021,49269,60
7093021,50375,85
7093021,53419,60
7093021,54457,85
7093021,54705,35
7093021,56144,85
7093021,58825,60
7093021,59211,85
7093021,62975,60
7093021,65719,60
7093021,66267,60
7093021,66933,85
7093021,69325,85
7093021,69513,60
7093021,69731,85
7093021,70761,60
7093021,73975,85
7093021,74307,60
7093021,76258,85
7093021,78649,85
7093021,79017,60
7093021,80217,60
7093021,80857,60
7093021,82435,85
7093021,84779,85
7093021,85135,60
7093021,85306,60
7093021,85316,85
7093021,85412,60
7093021,85624,85
7093021,85820,85
7093021,86300,85
7093021,86526,60
7093021,86639,85
7093021,86655,60
7093021,86729,85
7093021,86770,60
7093021,88577,85
7093021,98260,85
7093021,98263,60
7093021,98341,60
7093021,98397,60
7093021,98417,60
7093021,98587,60
7093021,98994,60
7093021,99609,60
7093021,100568,60
7093021,100758,85
7093021,100935,60
7093021,101176,85
7093021,101214,85
7093021,101233,85
7093021,101693,85
7093021,101719,60
7093021,102904,85
7093021,102988,60
7093021,104303,60
7093021,104660,85
7093021,104782,85
7093021,104831,85
7093021,105263,85
7093021,105277,85
7093021,105332,60
7093021,105778,85
7093021,107056,60
7093021,107790,85
7093021,108575,60
7093021,108792,35
7093021,109285,85
7093021,109307,60
7093021,111085,60
7093021,111304,85
7093021,111899,85
7093021,113036,85
7093021,113245,60
7093021,113531,60
7093021,115174,60
7093021,117073,60
7093021,117495,85
7093021,120031,85
7093021,120502,60
7093021,120746,60
7093021,121809,85
7093021,122634,60
7093021,122949,85
7093021,123458,60
7093021,125828,60
7093021,126441,85
7093021,128981,60
7093021,132926,60
7093021,134364,60
7093021,136680,85
7093021,136899,85
7093021,138603,85
7093021,140475,60
7093021,141124,60
7093021,141986,85
7093021,142320,60
7093021,144946,60
7093021,145268,85
7093021,145470,85
7093021,146314,85
7093021,146918,60
7093021,148079,85
7093021,152198,60
7093021,159119,85
7093021,160706,60
7093021,168520,60
7093021,172733,60
7093021,173166,60
7093021,173631,85
5860999,39699,100
5860999,48200,100
5860999,72451,100
5860999,85734,80
5860999,85850,80
5860999,86549,60
5860999,97871,70
5860999,98587,50
5860999,98689,100
5860999,99516,90
5860999,100805,100
5860999,101583,60
5860999,105398,100
5860999,106531,70
5860999,107234,60
5860999,107416,100
5860999,108556,80
5860999,109501,70
5860999,111189,75
5860999,111593,70
5860999,111711,70
5860999,112518,75
5860999,113326,80
5860999,114531,70
5860999,116942,80
5860999,117324,80
5860999,119257,80
5860999,119640,60
5860999,123581,60
5860999,123739,80
5860999,124639,70
5860999,125167,80
5860999,129341,60
5860999,135822,80
5860999,136325,70
5860999,138363,80
5860999,138603,70
5860999,139661,80
5860999,140475,80
5860999,141013,70
5860999,143079,90
5860999,155465,70
5860999,158789,70
5860999,168509,70
5860999,168843,85
5860999,169386,90
5860999,187189,90
7950588,80145,90
7950588,85666,90
7950588,86640,100
7950588,96586,90
7950588,98806,100
7950588,99023,100
7950588,99776,90
7950588,101468,90
7950588,101722,80
7950588,101947,80
7950588,103655,70
7950588,103884,90
7950588,104677,100
7950588,107365,80
7950588,107987,90
7950588,110048,80
7950588,111168,80
7950588,112956,80
7950588,112981,100
7950588,116380,80
7950588,117654,90
7950588,119493,80
7950588,125975,90
7950588,126292,90
7950588,126722,100
7950588,142313,80
7950588,147149,90
7950588,155090,70
7950588,155471,90
7950588,161772,90
7950588,164581,90
7950588,181992,80
7950588,183382,70
7950588,188361,100
7950588,191198,80
7950588,203725,70
473375,30002,98
473375,30012,93
473375,30642,91
473375,33731,95
473375,53390,92
473375,55132,95
473375,63327,81
473375,65243,99
473375,72451,92
473375,74485,80
473375,75721,83
473375,76818,74
473375,79265,43
473375,85138,91
473375,85370,60
473375,85395,92
473375,85412,91
473375,85486,73
473375,85611,83
473375,86294,73
473375,86399,99
473375,86635,94
473375,86785,83
473375,87178,60
473375,87216,80
473375,96754,52
473375,97553,100
473375,97999,70
473375,98416,81
473375,98446,81
473375,99409,70
473375,99625,56
473375,99640,90
473375,100557,84
473375,100874,41
473375,101122,89
473375,101583,84
473375,102988,87
473375,103197,90
473375,105398,95
473375,105416,86
473375,106454,82
473375,107230,83
473375,107282,71
473375,107998,74
473375,108817,80
473375,109409,75
473375,109663,43
473375,110140,41
473375,110418,41
473375,110473,91
473375,110760,57
473375,111233,96
473375,111900,54
473375,114164,80
473375,114998,91
473375,115790,99
473375,117195,90
473375,118586,100
473375,118706,52
473375,118991,80
473375,119174,84
473375,121688,53
473375,123687,54
473375,125624,72
473375,126135,87
473375,127307,90
473375,127778,61
473375,134988,30
473375,137023,53
473375,139966,39
473375,142568,92
473375,150032,68
473375,150684,84
473375,156303,51
194428,30583,80
194428,30936,70
194428,31131,90
194428,31133,90
194428,33159,60
194428,33299,80
194428,33731,70
194428,34553,70
194428,34632,100
194428,35820,90
194428,37375,80
194428,38070,90
194428,38848,80
194428,38967,90
194428,40552,90
194428,40882,60
194428,41118,60
194428,41942,60
194428,44440,70
194428,47465,85
194428,53390,80
194428,54705,80
194428,63327,80
194428,65003,70
194428,66413,80
194428,66903,60
194428,68071,90
194428,72579,90
194428,85216,70
194428,85226,60
194428,85412,60
194428,85413,90
194428,85567,60
194428,85849,80
194428,86136,70
194428,86720,90
194428,87170,80
194428,88233,90
194428,94490,100
194428,96518,100
194428,97553,90
194428,98048,60
194428,98328,50
194428,98354,50
194428,100994,70
194428,105430,70
194428,105747,85
194428,105778,70
194428,107265,80
194428,107485,70
194428,107790,70
194428,110760,70
194428,114204,70
194428,129629,80
6057921,30003,80
6057921,30838,85
6057921,33285,60
6057921,34632,80
6057921,44721,85
6057921,74501,60
6057921,85413,60
6057921,85849,85
6057921,86635,80
6057921,86720,90
6057921,86964,90
6057921,87395,100
6057921,97553,90
6057921,98235,70
6057921,98625,85
6057921,105747,60
6057921,109122,70
6057921,114383,35
6057921,114416,30
6057921,118586,80
6057921,122060,60
6057921,128160,80
6057921,129694,85
7261516,30004,100
7261516,30297,90
7261516,30387,100
7261516,30582,100
7261516,30584,100
7261516,31102,90
7261516,31121,100
7261516,31162,100
7261516,31282,80
7261516,31543,100
7261516,31784,90
7261516,33108,90
7261516,33236,80
7261516,34344,90
7261516,34584,90
7261516,35000,90
7261516,35248,90
7261516,35911,90
7261516,37627,100
7261516,39895,90
7261516,40673,90
7261516,40846,90
7261516,41061,90
7261516,41118,90
7261516,41187,90
7261516,41860,90
7261516,42293,90
7261516,42559,90
7261516,42629,90
7261516,42876,100
7261516,43268,90
7261516,43277,100
7261516,43731,90
7261516,44238,90
7261516,45521,100
7261516,48685,90
7261516,48774,90
7261516,53588,90
7261516,54527,100
7261516,66213,90
7261516,68105,90
7261516,73449,90
7261516,82267,90
7261516,84713,90
7261516,85235,90
7261516,86218,100
7261516,86898,90
7261516,86908,90
7261516,98522,90
7261516,100674,90
7261516,101583,90
7261516,104241,90
7261516,104403,90
7261516,105977,80
7261516,108070,90
7261516,108556,90
7261516,110530,80
7261516,114475,90
7261516,117195,90
7261516,118859,90
7261516,136508,90
7612255,30002,87
7612255,30011,88
7612255,30013,89
7612255,30021,90
7612255,34632,100
7612255,53390,85
7612255,63327,79
7612255,67755,74
7612255,74347,78
7612255,85189,71
7612255,85486,72
7612255,85611,80
7612255,86526,79
7612255,87178,77
7612255,87216,67
7612255,97842,82
7612255,101517,72
7612255,105398,72
7612255,114960,66
7612255,168468,70
121961,30001,70
121961,30021,80
121961,30436,70
121961,30698,70
121961,30936,60
121961,33614,50
121961,33731,80
121961,34632,100
121961,38967,50
121961,41734,70
121961,53390,80
121961,54705,60
121961,58226,40
121961,66413,70
121961,67707,70
121961,74347,80
121961,74489,90
121961,76282,60
121961,82277,40
121961,85135,70
121961,85189,60
121961,85316,80
121961,85412,70
121961,85442,40
121961,85697,60
121961,86082,80
121961,86182,60
121961,86218,90
121961,86300,40
121961,86399,60
121961,86481,40
121961,86551,80
121961,86635,90
121961,87170,70
121961,87395,80
121961,87423,50
121961,87459,70
121961,97337,60
121961,97553,60
121961,98235,40
121961,98263,100
121961,98674,60
121961,100230,50
121961,100584,40
121961,101177,50
121961,101233,60
121961,104763,50
121961,105398,50
121961,105577,70
121961,105778,60
121961,106758,70
121961,107987,70
121961,108423,40
121961,110473,90
121961,117195,60
121961,118586,80
121961,122364,20
121961,132029,80
121961,152855,30
287123,30002,75
287123,30016,80
287123,30025,60
287123,30104,90
287123,30583,80
287123,30705,85
287123,30894,65
287123,41514,80
287123,46688,30
287123,51019,70
287123,52519,80
287123,54822,60
287123,63327,60
287123,66213,70
287123,66413,80
287123,69883,60
287123,74485,70
287123,76258,80
287123,85235,90
287123,85489,70
287123,85697,90
287123,85702,80
287123,85793,75
287123,86218,90
287123,86338,70
287123,86635,90
287123,87216,75
287123,87234,75
287123,87514,70
287123,97080,80
287123,97852,75
287123,98112,75
287123,98235,80
287123,98351,80
287123,99022,75
287123,99103,55
287123,99649,75
287123,99738,80
287123,99776,65
287123,99924,55
287123,100193,70
287123,100207,75
287123,100230,75
287123,100664,80
287123,100754,65
287123,100937,70
287123,101233,75
287123,101315,75
287123,101583,80
287123,102169,80
287123,102490,70
287123,103738,60
287123,104503,75
287123,105097,67
287123,106434,65
287123,107462,85
287123,107987,85
287123,109017,75
287123,110785,75
287123,111403,80
287123,112168,52
287123,113076,74
287123,113501,75
287123,114383,70
287123,117195,90
287123,118586,95
287123,119493,80
287123,122364,70
287123,132029,70
287123,137518,70
287123,137714,70
5241039,30026,90
5241039,30104,90
5241039,31133,90
5241039,31501,85
5241039,31706,100
5241039,69325,90
5241039,85135,100
5241039,85412,100
5241039,86551,90
5241039,86964,100
5241039,98489,90
5241039,100568,100
5241039,100954,90
5241039,100994,90
5241039,105778,100
5241039,106726,80
5241039,117195,90
5241039,129574,100
5241039,132029,90
5241039,141157,90
6024361,30012,90
6024361,30013,80
6024361,30610,80
6024361,30769,80
6024361,30771,80
6024361,31199,80
6024361,31250,80
6024361,31848,60
6024361,31964,80
6024361,31975,70
6024361,33101,70
6024361,33866,90
6024361,35026,70
6024361,40801,70
6024361,41646,80
6024361,42554,80
6024361,43381,80
6024361,44720,90
6024361,46061,80
6024361,49253,70
6024361,49266,80
6024361,54903,90
6024361,55081,80
6024361,58343,80
6024361,58449,100
6024361,59997,80
6024361,62035,70
6024361,63251,80
6024361,63327,80
6024361,65435,80
6024361,66603,90
6024361,73465,70
6024361,75335,70
6024361,75757,80
6024361,76326,70
6024361,76544,80
6024361,77939,80
6024361,78089,70
6024361,82021,70
6024361,85531,80
6024361,85555,70
6024361,85609,80
6024361,85616,80
6024361,85837,80
6024361,86364,80
6024361,87023,90
6024361,87091,80
6024361,87092,80
6024361,87274,80
6024361,87316,80
6024361,87347,90
6024361,87463,90
6024361,94645,70
6024361,98168,80
6024361,98429,90
6024361,98795,70
6024361,98819,80
6024361,99458,90
6024361,99516,80
6024361,99680,70
6024361,107207,100
6579943,85143,90
6579943,100805,70
6579943,102804,70
6579943,105398,90
6579943,105778,90
6579943,109921,80
6579943,110961,90
6579943,114027,90
6579943,119257,90
6579943,121364,80
6579943,122060,90
6579943,124579,80
6579943,124639,80
6579943,125531,50
6579943,125637,90
6579943,127674,90
6579943,128448,70
6579943,129384,90
6579943,130422,40
6579943,130665,80
6579943,131640,90
6579943,134191,80
6579943,135116,80
6579943,135631,80
6579943,144209,70
6579943,144823,80
6579943,144927,70
6579943,145113,40
6579943,146432,60
6579943,149544,80
6696854,30004,75
6696854,30028,80
6696854,30033,50
6696854,30044,70
6696854,30080,85
6696854,30104,90
6696854,30106,85
6696854,30107,85
6696854,30427,75
6696854,30646,85
6696854,30889,90
6696854,33082,90
6696854,44634,75
6696854,54705,95
6696854,58533,80
6696854,66267,100
6696854,80133,10
6696854,80217,90
6696854,85135,70
6696854,85189,90
6696854,85316,90
6696854,85412,90
6696854,85616,70
6696854,86136,75
6696854,86549,75
6696854,86551,60
6696854,86767,90
6696854,87423,85
6696854,97700,75
6696854,97852,65
6696854,98397,70
6696854,101954,65
6696854,104112,50
6696854,104487,75
6696854,106726,75
6696854,107237,70
6696854,109285,75
6696854,111743,95
6696854,116534,75
6696854,118165,80
6696854,132029,80
6696854,132443,85
6696854,138603,85
6395216,30012,80
6395216,30013,70
6395216,30026,90
6395216,30042,95
6395216,30043,80
6395216,30642,100
6395216,30869,100
6395216,30908,90
6395216,31706,90
6395216,74489,90
6395216,85135,80
6395216,86036,75
6395216,86123,80
6395216,86310,80
6395216,86770,90
6395216,101517,85
6395216,105778,85
6395216,114791,85
6395216,116827,70
6395216,125828,85
6395216,126693,80
6395216,144946,80
6395216,176740,75
436445,31102,60
436445,31133,90
436445,33031,80
436445,42124,70
436445,44729,75
436445,45104,100
436445,47207,75
436445,54295,90
436445,54456,70
436445,70175,70
436445,71957,75
436445,74319,100
436445,74489,90
436445,85277,90
436445,85412,70
436445,85666,70
436445,86388,80
436445,86410,100
436445,86552,70
436445,94975,60
436445,95338,75
436445,99670,100
436445,101932,80
436445,104677,85
436445,104973,80
436445,106726,80
436445,113340,85
436445,117230,65
436445,128963,75
436445,141238,100
436445,148305,90
436445,155980,80
492613,30013,100
492613,30028,100
492613,30092,100
492613,30106,100
492613,30429,60
492613,30554,90
492613,32566,80
492613,33243,100
492613,35627,90
492613,40580,50
492613,41652,50
492613,43492,95
492613,45805,100
492613,47174,60
492613,47207,40
492613,47987,90
492613,53284,60
492613,54098,70
492613,54294,100
492613,54692,40
492613,65243,80
492613,67565,100
492613,67707,100
492613,69883,50
492613,80145,30
492613,85143,90
492613,85198,70
492613,85486,90
492613,85688,20
492613,86635,100
492613,86837,70
492613,87216,80
492613,87347,100
492613,97216,100
492613,97553,90
492613,97814,40
492613,98263,45
492613,98652,50
492613,99313,50
492613,101076,80
492613,101311,80
492613,101517,100
492613,102217,40
492613,102988,80
492613,104202,70
492613,105307,60
492613,108063,30
492613,109307,100
492613,110981,80
492613,111526,100
492613,117195,70
492613,120963,60
492613,123428,50
492613,124895,100
492613,125177,80
492613,128743,80
5218773,31832,90
5218773,61513,8
5218773,86955,95
5218773,98484,75
5218773,99145,70
5218773,99756,75
5218773,100188,85
5218773,100932,88
5218773,101197,85
5218773,101233,85
5218773,101517,80
5218773,103036,85
5218773,103232,85
5218773,103907,75
5218773,104246,70
5218773,105132,80
5218773,105175,95
5218773,106758,88
5218773,107128,70
5218773,108556,95
5218773,109103,88
5218773,109202,70
5218773,109522,80
5218773,110504,70
5218773,111035,70
5218773,111189,80
5218773,111412,84
5218773,111513,80
5218773,112367,70
5218773,112678,80
5218773,112702,88
5218773,113055,88
5218773,113524,80
5218773,113634,75
5218773,114521,85
5218773,115387,95
5218773,115867,75
5218773,116382,80
5218773,116488,80
5218773,116590,90
5218773,116600,80
5218773,116628,70
5218773,117103,85
5218773,117581,90
5218773,117662,87
5218773,117663,95
5218773,117788,75
5218773,118534,80
5218773,119276,75
5218773,119881,90
5218773,120653,80
5218773,121238,90
5218773,121409,65
5218773,121565,95
5218773,121569,88
5218773,121806,90
5218773,122281,65
5218773,122402,80
5218773,122721,80
5218773,122739,85
5218773,122841,80
5218773,122969,75
5218773,123208,76
5218773,124374,85
5218773,124577,70
5218773,124824,75
5218773,125247,90
5218773,125637,73
5218773,126349,78
5218773,126849,95
5218773,127008,85
5218773,127081,75
5218773,127087,90
5218773,127717,70
5218773,127783,88
5218773,128212,65
5218773,128393,90
5218773,128403,80
5218773,128448,88
5218773,128688,80
5218773,129210,88
5218773,129968,84
5218773,130300,90
5218773,130423,85
5218773,130870,84
5218773,130897,88
5218773,131263,85
5218773,131616,85
5218773,131688,85
5218773,131959,90
5218773,132449,80
5218773,132926,80
5218773,132954,85
5218773,133008,85
5218773,133708,70
5218773,134309,85
5218773,134446,85
5218773,134671,85
5218773,134677,90
5218773,134709,70
5218773,134723,75
5218773,135314,85
5218773,135318,98
5218773,135325,76
5218773,135554,70
5218773,135991,75
5218773,136012,87
5218773,136046,80
5218773,136053,58
5218773,136229,80
5218773,136331,85
5218773,136350,90
5218773,136493,75
5218773,136734,85
5218773,136837,85
5218773,136882,85
5218773,137304,95
5218773,137601,60
5218773,138518,88
5218773,139293,70
5218773,139550,90
5218773,139581,85
5218773,139660,80
5218773,139741,90
5218773,140042,90
5218773,140159,88
5218773,140607,78
5218773,140655,70
5218773,140949,65
5218773,141007,80
5218773,141121,85
5218773,141146,80
5218773,141272,90
5218773,141479,78
5218773,141618,80
5218773,141670,90
5218773,142161,90
5218773,142192,70
5218773,142201,85
5218773,142345,78
5218773,142894,90
5218773,143025,80
5218773,143056,78
5218773,143063,88
5218773,143101,80
5218773,143349,80
5218773,143687,80
5218773,143804,75
5218773,143868,85
5218773,144140,80
5218773,144573,70
5218773,144626,88
5218773,144736,85
5218773,144957,90
5218773,145551,85
5218773,145719,88
5218773,146017,78
5218773,146032,70
5218773,146090,95
5218773,146470,85
5218773,146498,85
5218773,146517,85
5218773,147177,70
5218773,147211,80
5218773,147281,85
5218773,147587,80
5218773,147636,77
5218773,148537,85
5218773,148891,95
5218773,149330,88
5218773,149758,90
5218773,150108,90
5218773,150170,90
5218773,150207,70
5218773,150663,85
5218773,150750,88
5218773,150825,88
5218773,150836,90
5218773,150865,75
5218773,151032,80
5218773,151461,80
5218773,152130,85
5218773,152380,80
5218773,152613,85
5218773,152615,80
5218773,153072,85
5218773,153294,89
5218773,153335,75
5218773,153670,90
5218773,153942,85
5218773,153944,85
5218773,153948,98
5218773,153983,85
5218773,154685,80
5218773,154775,85
5218773,155393,75
5218773,155417,90
5218773,155958,80
5218773,156504,80
5218773,156560,85
5218773,156749,70
5218773,157735,90
5218773,158448,95
5218773,158706,90
5218773,159142,80
5218773,159385,95
5218773,159395,70
5218773,159436,98
5218773,160151,90
5218773,160178,80
5218773,161907,80
5218773,162812,80
5218773,167165,95
5218773,167485,75
5218773,167941,90
5218773,169482,88
5218773,170400,97
5218773,170837,80
5218773,170838,85
5218773,170859,88
5218773,170884,80
5218773,170895,90
5218773,171146,60
5218773,171937,100
5218773,173035,88
5218773,173937,100
5218773,174236,90
5218773,174516,70
5218773,175888,85
5218773,176804,85
5218773,177373,100
5218773,181491,70
5218773,182594,90
5218773,183676,80
5218773,186610,100
5218773,186900,80
5218773,188408,70
5218773,191074,70
7261786,30002,100
7261786,30012,80
7261786,30013,100
7261786,30026,90
7261786,30045,80
7261786,30149,80
7261786,30436,90
7261786,30736,90
7261786,30908,90
7261786,30909,70
7261786,30936,80
7261786,38586,80
7261786,40249,40
7261786,44790,80
7261786,52651,80
7261786,53419,70
7261786,54692,70
7261786,60315,70
7261786,72451,80
7261786,72545,70
7261786,74347,90
7261786,74485,70
7261786,78025,80
7261786,85141,70
7261786,85143,80
7261786,86123,70
7261786,86279,80
7261786,86964,80
7261786,87170,80
7261786,87178,60
7261786,87395,90
7261786,97073,60
7261786,97553,90
7261786,97852,70
7261786,98140,60
7261786,98263,80
7261786,98328,70
7261786,100568,80
7261786,101131,90
7261786,101583,80
7261786,101719,70
7261786,105398,80
7261786,105577,70
7261786,106454,70
7261786,107098,70
7261786,112981,70
7261786,117195,70
7261786,125828,90
7261786,126297,80
7261786,128160,70
7261786,129117,70
7261786,132029,80
7261786,132182,80
7261786,140475,90
7261786,141198,70
7261786,150378,80
7261786,168468,70
7261786,172369,50
67530,30099,30
67530,30343,40
67530,30838,80
67530,31823,50
67530,34358,40
67530,37416,30
67530,37636,50
67530,38586,60
67530,39248,50
67530,40010,90
67530,40249,50
67530,40552,50
67530,41660,40
67530,49358,40
67530,52522,50
67530,52651,60
67530,59983,80
67530,74485,60
67530,85256,70
67530,85446,60
67530,85653,70
67530,86682,60
67530,86707,70
67530,87321,40
67530,97770,50
67530,97884,70
67530,104494,60
67530,109843,60
67530,114595,50
67530,116361,50
5739990,30002,100
5739990,30012,90
5739990,30013,100
5739990,30436,76
5739990,30564,65
5739990,30642,95
5739990,30656,100
5739990,31706,100
5739990,33009,90
5739990,33031,90
5739990,33749,75
5739990,34632,90
5739990,36164,80
5739990,37375,95
5739990,38586,80
5739990,39547,80
5739990,39711,85
5739990,46765,100
5739990,52651,80
5739990,53390,85
5739990,54294,65
5739990,61499,75
5739990,63327,90
5739990,65243,95
5739990,66267,95
5739990,72451,65
5739990,74347,80
5739990,75275,65
5739990,78347,75
5739990,79865,85
5739990,85143,95
5739990,85611,100
5739990,85802,60
5739990,86218,85
5739990,86635,80
5739990,86640,75
5739990,86717,78
5739990,86964,90
5739990,87216,60
5739990,87395,90
5739990,97553,90
5739990,99943,5
5739990,100230,65
5739990,100568,100
5739990,101517,80
5739990,101583,76
5739990,103854,70
5739990,105398,70
5739990,105778,85
5739990,106064,75
5739990,106130,78
5739990,108556,80
5739990,110472,78
5739990,111799,70
5739990,112197,70
5739990,115000,75
5739990,117195,90
5739990,117324,74
5739990,118408,73
5739990,119174,85
5739990,119521,87
5739990,120980,83
5739990,126944,77
5739990,129210,74
5739990,135083,70
5911316,30004,100
5911316,30031,80
5911316,30081,100
5911316,30104,95
5911316,30124,85
5911316,30366,65
5911316,31224,100
5911316,31802,85
5911316,33321,85
5911316,33322,60
5911316,33367,95
5911316,34768,80
5911316,36164,90
5911316,41734,80
5911316,43245,95
5911316,44483,95
5911316,45037,70
5911316,51525,100
5911316,60779,80
5911316,69419,65
5911316,74489,95
5911316,75143,90
5911316,85209,40
5911316,85294,75
5911316,85412,80
5911316,85617,80
5911316,86218,80
5911316,86360,70
5911316,86559,70
5911316,86623,85
5911316,86770,80
5911316,87208,80
5911316,92967,50
5911316,95041,80
5911316,96662,70
5911316,98263,75
5911316,98334,80
5911316,100187,80
5911316,101192,70
5911316,101255,75
5911316,102043,90
5911316,103065,55
5911316,103144,45
5911316,103807,80
5911316,104446,90
5911316,104640,90
5911316,105747,75
5911316,108919,60
5911316,109285,90
5911316,110539,70
5911316,110909,80
5911316,111189,75
5911316,111233,50
5911316,111303,20
5911316,111601,30
5911316,112579,80
5911316,113701,40
5911316,114003,75
5911316,114027,80
5911316,114907,80
5911316,117620,70
5911316,118586,85
5911316,120502,50
5911316,120948,80
5911316,132288,80
5911316,144866,80
5911316,145920,95
5911316,156070,20
5911316,156717,75
5911316,159142,40
852916,30436,100
852916,30909,80
852916,30912,90
852916,33986,65
852916,33992,50
852916,34628,100
852916,47192,85
852916,50375,100
852916,53390,100
852916,58361,50
852916,63327,100
852916,82435,95
852916,85611,100
852916,85911,50
852916,88577,30
852916,97646,70
852916,97764,90
852916,97897,100
852916,98397,85
852916,100758,95
852916,100885,50
852916,101517,50
852916,103082,30
852916,103610,50
852916,104831,70
852916,105469,70
852916,105778,70
852916,109160,50
852916,109579,10
852916,111621,65
852916,112510,40
852916,114780,50
852916,116671,30
852916,118730,70
852916,120031,90
852916,122949,70
852916,123687,40
852916,125167,30
852916,125656,30
852916,125828,70
852916,126693,50
852916,127340,80
852916,128663,70
852916,129605,30
852916,129772,50
852916,129820,60
852916,129826,55
852916,131640,70
852916,132187,50
852916,134255,50
852916,137615,35
852916,145265,80
852916,145268,100
852916,150109,55
852916,152198,80
167369,30002,100
167369,30013,100
167369,30042,95
167369,30051,100
167369,30584,70
167369,30669,60
167369,30894,80
167369,31345,70
167369,33378,100
167369,33403,90
167369,39711,100
167369,43492,100
167369,44922,75
167369,53390,70
167369,75757,85
167369,85564,95
167369,86952,80
167369,87216,90
167369,88609,70
167369,96834,75
167369,99022,90
167369,99324,100
167369,99775,80
167369,100230,70
167369,100560,80
167369,100664,95
167369,101434,70
167369,101557,70
167369,103294,90
167369,105393,85
167369,105778,95
167369,106064,80
167369,108115,75
167369,116546,75
167369,118519,75
167369,118586,95
167369,119821,75
167369,121753,80
167369,132029,90
167369,134369,40
167369,135169,70
167369,139966,75
167369,142144,75
167369,148082,90
167369,150040,70
167369,158376,75
167369,159655,65
167369,160769,70
167369,173492,65
167369,192834,70
279563,30923,10
279563,32921,90
279563,33633,90
279563,34571,10
279563,37378,90
279563,37631,90
279563,38157,90
279563,43702,90
279563,44236,10
279563,51525,90
279563,54294,90
279563,54903,10
279563,56736,50
279563,57231,90
279563,65719,90
279563,72451,10
279563,84897,90
279563,85357,90
279563,85621,90
279563,85632,90
279563,85747,90
279563,86703,90
279563,86804,90
279563,87216,90
279563,93433,90
279563,97895,70
279563,98070,50
279563,100793,50
279563,101644,70
279563,102259,90
279563,103995,90
279563,104283,50
279563,104533,90
279563,107521,70
279563,107918,90
279563,109219,90
279563,109257,90
279563,109259,90
279563,111189,90
279563,113753,50
279563,114592,30
279563,116600,90
279563,117540,90
279563,118437,90
279563,120502,90
279563,120768,50
279563,128591,90
279563,147587,70
279563,149756,90
279563,150750,90
279563,155301,50
279563,160651,90
5242463,54294,69
5242463,67705,70
5242463,85621,60
5242463,85747,79
5242463,85748,70
5242463,87292,73
5242463,97400,75
5242463,97717,80
5242463,97865,80
5242463,98066,70
5242463,98492,70
5242463,98677,70
5242463,99897,75
5242463,100774,72
5242463,100943,70
5242463,102259,90
5242463,102904,80
5242463,103855,90
5242463,103995,67
5242463,104283,95
5242463,104533,85
5242463,107235,80
5242463,107521,90
5242463,109257,70
5242463,109398,98
5242463,110504,70
5242463,110983,75
5242463,111087,80
5242463,111934,60
5242463,113055,89
5242463,113910,68
5242463,114542,90
5242463,114599,80
5242463,115000,90
5242463,115848,70
5242463,115929,65
5242463,116382,85
5242463,116600,70
5242463,116633,73
5242463,117540,78
5242463,117762,50
5242463,118408,90
5242463,119881,73
5242463,120800,70
5242463,121276,72
5242463,121565,95
5242463,121947,65
5242463,122060,80
5242463,123489,60
5242463,123739,75
5242463,123995,75
5242463,124436,70
5242463,124458,65
5242463,124474,64
5242463,124481,70
5242463,124522,70
5242463,124783,92
5242463,125583,60
5242463,125658,75
5242463,126235,70
5242463,126295,60
5242463,126396,75
5242463,126419,60
5242463,126849,70
5242463,126944,60
5242463,127868,80
5242463,127927,75
5242463,128366,78
5242463,128403,70
5242463,128435,69
5242463,128589,75
5242463,128963,65
5242463,128965,88
5242463,128998,65
5242463,129210,92
5242463,129758,80
5242463,129775,30
5242463,129797,69
5242463,130081,50
5242463,130149,88
5242463,130227,80
5242463,130300,85
5242463,130423,60
5242463,130429,90
5242463,130739,70
5242463,130740,79
5242463,131263,90
5242463,131376,80
5242463,131616,60
5242463,131797,90
5242463,131798,69
5242463,131841,70
5242463,132093,75
5242463,132602,70
5242463,132651,68
5242463,132827,77
5242463,133021,82
5242463,133964,60
5242463,133988,70
5242463,134034,70
5242463,134191,90
5242463,134322,83
5242463,134677,65
5242463,135544,70
5242463,135638,71
5242463,135838,71
5242463,136024,70
5242463,136031,70
5242463,136040,70
5242463,136090,71
5242463,136305,75
5242463,136351,65
5242463,136640,80
5242463,136800,69
5242463,137286,78
5242463,137497,60
5242463,137601,60
5242463,138263,75
5242463,138456,60
5242463,138627,65
5242463,139322,70
5242463,139556,70
5242463,139573,70
5242463,139642,68
5242463,139660,80
5242463,139661,70
5242463,139767,85
5242463,139781,70
5242463,141146,75
5242463,141619,75
5242463,141843,60
5242463,142887,75
5242463,142894,90
5242463,143489,80
5242463,144448,70
5242463,144626,70
5242463,145525,75
5242463,145551,70
5242463,146139,90
5242463,146391,65
5242463,146419,50
5242463,147025,60
5242463,147211,60
5242463,147567,90
5242463,149483,75
5242463,149756,90
5242463,150664,70
5242463,151459,85
5242463,153659,55
5242463,153788,60
5242463,153860,75
5242463,153876,80
5242463,153948,95
5242463,153975,80
5242463,154159,70
5242463,154687,85
5242463,156413,85
5242463,156564,80
5242463,156601,65
5242463,157871,80
5242463,160229,80
5242463,160573,90
5242463,162368,40
5242463,162856,40
5242463,165275,60
5242463,166530,60
5242463,167170,85
5242463,167485,70
5242463,168520,60
5242463,168901,85
5242463,168957,90
5242463,169882,90
5242463,170566,40
5242463,170740,60
5242463,170838,85
5242463,173166,70
5242463,173485,70
5242463,175975,50
5242463,178175,90
5242463,178196,90
5242463,178339,90
5242463,178419,60
5242463,179011,90
5242463,179028,80
5242463,181220,85
5242463,185913,70
5242463,194913,75
5936650,30002,80
5936650,30013,90
5936650,34632,80
5936650,37375,81
5936650,46765,100
5936650,86099,100
5936650,86310,70
5936650,86707,60
5936650,96834,30
5936650,97852,60
5936650,98416,75
5936650,100664,40
5936650,101583,60
5936650,102988,50
5936650,104494,60
5936650,105393,70
5936650,105398,60
5936650,105778,80
5936650,106130,60
5936650,106758,20
5936650,108556,60
5936650,113501,20
5936650,116186,80
5936650,116506,50
5936650,117195,70
5936650,117460,20
5936650,118177,30
5936650,118424,70
5936650,119257,80
5936650,119521,60
5936650,120980,80
5936650,123739,50
5936650,125636,50
5936650,125828,60
5936650,126297,70
5936650,128273,60
5936650,132029,70
5936650,137280,20
5936650,140896,20
5936650,141479,50
5936650,144957,60
5936650,151512,50
6091560,30002,90
6091560,30013,93
6091560,30025,95
6091560,30042,90
6091560,30436,91
6091560,30909,80
6091560,33749,80
6091560,34632,99
6091560,39547,80
6091560,40010,80
6091560,46081,80
6091560,46144,80
6091560,51498,80
6091560,51499,80
6091560,52993,70
6091560,53390,90
6091560,53900,80
6091560,54692,80
6091560,64053,80
6091560,69883,70
6091560,73661,69
6091560,74347,91
6091560,74485,60
6091560,76716,60
6091560,78881,60
6091560,85141,80
6091560,85189,99
6091560,85226,90
6091560,85486,70
6091560,85564,80
6091560,85843,70
6091560,85911,70
6091560,86123,70
6091560,86300,80
6091560,86303,88
6091560,86310,70
6091560,86508,70
6091560,86551,88
6091560,86635,80
6091560,86964,90
6091560,87170,70
6091560,87216,80
6091560,87225,60
6091560,87234,60
6091560,87418,60
6091560,87423,70
6091560,97153,70
6091560,97216,80
6091560,97830,95
6091560,97836,80
6091560,97852,85
6091560,98282,70
6091560,98328,70
6091560,98416,75
6091560,98900,70
6091560,99324,80
6091560,99536,88
6091560,99549,80
6091560,100560,88
6091560,100664,87
6091560,100758,88
6091560,101434,77
6091560,101517,80
6091560,101583,89
6091560,101724,77
6091560,101841,70
6091560,101864,87
6091560,102988,1
6091560,103156,89
6091560,104494,90
6091560,105097,70
6091560,105279,60
6091560,105393,80
6091560,105398,88
6091560,105717,80
6091560,105778,98
6091560,106064,85
6091560,106758,80
6091560,107611,70
6091560,107720,80
6091560,108050,87
6091560,108152,86
6091560,108556,89
6091560,109247,70
6091560,111233,90
6091560,113666,89
6091560,114791,70
6091560,114960,89
6091560,116506,70
6091560,116671,67
6091560,117195,94
6091560,117785,77
6091560,118408,88
6091560,119257,97
6091560,120385,60
6091560,120980,80
6091560,122949,90
6091560,125636,80
6091560,126078,50
6091560,128067,90
6091560,129632,60
6091560,130149,70
6091560,130511,80
6091560,130613,50
6091560,130870,70
6091560,130995,80
6091560,132029,70
6091560,135317,80
6091560,135318,77
6091560,135532,67
6091560,137280,60
6091560,137304,70
6091560,137969,70
6091560,138222,70
6091560,139841,70
6091560,140407,70
6091560,140837,90
6091560,140896,70
6091560,142568,89
6091560,143117,60
6091560,144957,70
6091560,145269,60
6091560,145498,70
6091560,145575,70
6091560,146139,80
6091560,149291,77
6091560,149332,60
6091560,151512,78
6091560,152128,90
6091560,152608,70
6091560,153936,70
5339521,30001,90
5339521,30025,100
5339521,30104,100
5339521,30436,100
5339521,30642,90
5339521,30729,100
5339521,30873,70
5339521,31121,60
5339521,31282,80
5339521,32921,89
5339521,33515,70
5339521,34249,90
5339521,41514,100
5339521,44721,90
5339521,46765,90
5339521,53390,90
5339521,55057,100
5339521,55338,70
5339521,56769,95
5339521,59211,90
5339521,60123,75
5339521,61185,100
5339521,61499,90
5339521,65243,100
5339521,66413,90
5339521,69513,100
5339521,72451,90
5339521,74155,80
5339521,79865,90
5339521,85407,100
5339521,85567,100
5339521,85704,70
5339521,86082,100
5339521,86300,90
5339521,86568,100
5339521,86635,90
5339521,87170,100
5339521,87213,75
5339521,87216,80
5339521,87234,80
5339521,87395,100
5339521,94490,100
5339521,97553,100
5339521,97852,80
5339521,98048,85
5339521,98235,85
5339521,99354,80
5339521,99625,75
5339521,100994,85
5339521,101131,100
5339521,101177,80
5339521,101188,70
5339521,101517,90
5339521,101557,100
5339521,101583,90
5339521,101617,50
5339521,101626,90
5339521,101754,80
5339521,101883,80
5339521,102989,90
5339521,103213,90
5339521,103621,90
5339521,104133,90
5339521,104864,90
5339521,105011,70
5339521,105332,90
5339521,105469,100
5339521,105641,90
5339521,105778,85
5339521,106064,90
5339521,106454,90
5339521,107485,80
5339521,107493,100
5339521,107729,80
5339521,108556,100
5339521,108591,90
5339521,108768,80
5339521,109122,100
5339521,109285,100
5339521,109310,90
5339521,109735,80
5339521,110473,100
5339521,110760,89
5339521,110872,75
5339521,112981,80
5339521,113501,90
5339521,113636,75
5339521,113801,80
5339521,114416,80
5339521,114530,90
5339521,114830,70
5339521,114913,85
5339521,114917,80
5339521,115149,85
5339521,116170,100
5339521,116266,90
5339521,116401,90
5339521,117324,100
5339521,117342,80
5339521,121241,90
5339521,121703,65
5339521,123164,90
5339521,123372,80
5339521,123625,100
5339521,124935,80
5339521,125624,90
5339521,125828,100
5339521,128192,100
5339521,128846,65
5339521,129225,90
5339521,132029,100
5339521,132182,70
5339521,132237,90
5339521,133837,85
5339521,136346,75
5339521,136449,80
5339521,137714,85
5339521,138039,100
5339521,140407,90
5339521,142165,90
5339521,144866,90
5339521,146500,70
5339521,147149,85
5339521,147647,90
5339521,150441,70
5339521,153007,100
5339521,156303,100
5339521,170399,100
576444,33048,60
576444,35994,80
576444,37519,80
576444,42586,80
576444,42671,80
576444,44110,80
576444,45165,70
576444,50593,60
576444,51097,80
576444,53390,80
576444,56144,70
576444,60123,60
576444,61499,80
576444,65003,60
576444,67885,60
576444,71535,70
576444,74155,50
576444,78649,70
576444,79967,70
576444,82863,50
576444,85534,60
576444,86206,70
576444,86279,70
576444,86674,80
576444,87213,80
576444,87220,70
576444,95977,50
576444,97836,80
576444,98235,80
576444,99183,70
576444,100209,70
576444,100230,70
576444,101469,60
576444,101755,80
576444,104133,70
576444,104864,80
576444,104977,70
576444,105641,90
576444,105990,70
576444,106688,60
576444,107690,70
576444,107729,60
576444,108649,60
576444,110853,80
576444,113801,70
576444,116401,80
576444,117342,80
576444,119733,60
576444,124219,60
576444,127778,60
576444,133436,60
576444,134195,70
576444,138373,80
576444,151532,60
576444,169922,90
576444,198359,90
5117849,33104,80
5117849,43381,60
5117849,43881,80
5117849,49266,100
5117849,74347,100
5117849,85435,80
5117849,85555,100
5117849,85875,80
5117849,86123,80
5117849,86218,80
5117849,97973,100
5117849,99536,100
5117849,100592,100
5117849,105628,100
5117849,109259,80
5117849,117540,100
5117849,118408,100
5117849,119126,80
5117849,122581,100
5117849,125167,80
5117849,129210,100
5117849,131640,80
5117849,132093,100
5117849,133797,80
5117849,136025,80
5117849,138454,100
5117849,138655,80
5117849,139339,80
5117849,145525,100
5117849,145664,80
5117849,153983,60
5368049,30912,97
5368049,34632,100
5368049,41187,93
5368049,70175,90
5368049,80145,95
5368049,85734,100
5368049,86218,98
5368049,86342,100
5368049,97418,95
5368049,97689,90
5368049,98028,80
5368049,98376,100
5368049,98601,100
5368049,98706,89
5368049,98842,100
5368049,99058,95
5368049,99236,90
5368049,99703,90
5368049,100197,80
5368049,100862,84
5368049,100885,100
5368049,100954,97
5368049,101441,95
5368049,101507,100
5368049,102813,78
5368049,102901,89
5368049,103082,100
5368049,103801,80
5368049,103845,87
5368049,103884,98
5368049,104151,90
5368049,104672,60
5368049,104729,98
5368049,104866,99
5368049,105422,94
5368049,106176,67
5368049,107098,95
5368049,108854,100
5368049,110099,82
5368049,110396,100
5368049,110564,87
5368049,110720,89
5368049,110756,100
5368049,111105,86
5368049,111542,67
5368049,112184,87
5368049,112621,96
5368049,112650,60
5368049,113462,100
5368049,116185,79
5368049,116737,66
5368049,117683,100
5368049,118226,65
5368049,118281,69
5368049,118599,98
5368049,118773,100
5368049,119041,75
5368049,119246,97
5368049,120034,80
5368049,121382,80
5368049,124121,80
5368049,125466,87
5368049,125690,90
5368049,126987,95
5368049,129344,65
5368049,129643,88
5368049,129820,100
5368049,130199,100
5368049,132123,87
5368049,132891,80
5368049,133320,100
95486,30002,100
95486,30004,70
95486,30010,90
95486,30013,100
95486,30021,100
95486,30044,100
95486,30070,70
95486,30074,90
95486,30081,90
95486,30104,100
95486,30105,80
95486,30149,70
95486,30336,100
95486,30475,30
95486,30564,100
95486,30572,40
95486,30583,70
95486,30584,60
95486,30598,60
95486,30642,90
95486,30661,80
95486,30669,70
95486,30671,70
95486,30735,70
95486,30871,100
95486,30894,90
95486,30908,80
95486,30909,70
95486,31102,70
95486,31153,70
95486,31224,100
95486,31238,70
95486,31695,80
95486,33031,70
95486,33299,80
95486,33403,90
95486,33986,90
95486,34611,80
95486,34632,100
95486,35293,50
95486,35994,70
95486,37519,80
95486,37776,80
95486,38341,70
95486,38446,90
95486,38706,70
95486,39711,90
95486,40055,80
95486,40552,80
95486,42994,80
95486,43277,60
95486,43492,80
95486,43949,100
95486,44018,60
95486,44440,80
95486,44790,90
95486,45805,80
95486,46765,100
95486,47465,90
95486,47486,50
95486,47552,100
95486,47915,50
95486,48597,90
95486,49844,80
95486,50593,70
95486,51111,70
95486,51410,80
95486,51614,80
95486,51809,40
95486,52519,70
95486,53390,70
95486,54457,90
95486,54561,80
95486,54602,80
95486,54692,80
95486,54836,60
95486,55132,70
95486,55191,80
95486,55297,70
95486,56292,60
95486,58697,60
95486,60123,70
95486,60859,70
95486,61499,50
95486,63327,80
95486,64321,40
95486,64377,90
95486,64485,70
95486,65721,70
95486,66213,80
95486,66903,80
95486,67109,80
95486,67563,70
95486,67707,100
95486,69325,70
95486,69883,50
95486,70175,60
95486,71893,70
95486,72279,80
95486,72339,60
95486,73449,80
95486,74307,100
95486,74319,60
95486,74347,90
95486,74485,60
95486,74489,100
95486,75757,90
95486,76542,80
95486,77332,60
95486,78483,80
95486,78649,70
95486,78881,70
95486,79043,50
95486,79865,80
95486,84387,80
95486,84775,50
95486,85135,100
95486,85197,80
95486,85226,60
95486,85412,80
95486,85486,80
95486,85611,60
95486,85612,60
95486,85848,70
95486,86151,50
95486,86234,90
95486,86265,80
95486,86717,100
95486,86952,80
95486,87213,70
95486,87216,70
95486,87315,70
95486,87395,100
95486,87423,80
95486,87466,90
95486,91682,80
95486,95978,80
95486,96816,70
95486,98027,70
95486,98048,80
95486,98263,80
95486,98587,90
95486,98822,80
95486,100230,90
95486,105469,70
95486,105778,80
95486,106000,70
95486,111158,90
95486,118586,80
153858,32214,60
153858,39296,90
153858,39699,90
153858,41670,80
153858,41716,70
153858,47396,90
153858,48792,90
153858,51277,100
153858,54294,80
153858,55124,90
153858,55189,50
153858,57231,100
153858,60079,90
153858,62035,70
153858,63251,70
153858,63327,100
153858,65081,60
153858,65207,60
153858,65573,100
153858,65719,80
153858,67067,60
153858,67641,70
153858,69787,70
153858,74677,100
153858,74929,70
153858,75335,40
153858,76710,50
153858,77953,70
153858,79463,60
153858,82021,60
153858,85522,90
153858,85555,70
153858,85611,100
153858,85624,85
153858,85632,70
153858,85724,60
153858,86219,80
153858,87216,85
153858,87287,70
153858,87316,70
153858,87432,70
153858,87463,70
153858,90587,90
153858,94341,60
153858,94645,60
153858,97975,80
153858,98046,60
153858,98234,70
153858,99458,90
153858,104493,50
487237,59983,75
487237,80027,100
487237,85911,100
487237,86087,93
487237,86455,88
487237,86848,100
487237,86964,95
487237,87216,90
487237,98569,74
487237,100230,95
487237,100568,83
487237,100954,78
487237,102988,95
487237,103995,91
487237,105393,90
487237,105398,99
487237,106130,97
487237,106929,98
487237,108050,95
487237,109957,99
487237,113488,97
487237,117540,90
487237,118267,87
487237,118424,97
487237,118769,98
487237,119174,97
487237,119257,100
487237,120385,97
487237,121991,100
487237,123646,99
487237,126297,99
487237,128067,100
487237,138222,99
6866800,105393,98
6866800,105398,85
6866800,107720,80
6866800,108835,70
6866800,112197,85
6866800,119257,90
6866800,125443,78
6866800,125653,75
6866800,136672,75
6866800,137168,80
6866800,140407,95
6866800,143025,75
6866800,143352,70
6866800,145694,50
6866800,145966,70
6866800,146714,70
6866800,151130,65
6866800,156629,67
6866800,158221,70
6866800,166289,75
6866800,166635,65
6866800,170400,80
6866800,177523,65
6866800,178121,68
6866800,186498,60
8168561,30013,86
8168561,53390,89
8168561,59211,88
8168561,69883,20
8168561,85189,100
8168561,85226,72
8168561,86717,100
8168561,87170,78
8168561,87389,88
8168561,98227,85
8168561,98263,81
8168561,100568,95
8168561,100704,77
8168561,105175,95
8168561,105778,97
8168561,108556,95
8168561,109285,75
8168561,114531,67
8168561,116170,100
8168561,118408,71
8168561,118730,78
8168561,125234,74
8168561,129758,80
8168561,141245,81
8168561,146643,92
8168561,149544,60
8168561,150378,94
8168561,150440,63
8168561,154349,70
8168561,155471,78
8168561,164263,68
8168561,168984,56
653532,30025,85
653532,30584,90
653532,30933,83
653532,33986,90
653532,35293,87
653532,35767,50
653532,41036,80
653532,43883,75
653532,45805,87
653532,46688,70
653532,47529,65
653532,47915,85
653532,49555,65
653532,51111,90
653532,51419,88
653532,52638,75
653532,52675,65
653532,54098,85
653532,54295,93
653532,54456,85
653532,54457,90
653532,54561,85
653532,54705,87
653532,55132,97
653532,55775,65
653532,56182,85
653532,58303,92
653532,58961,75
653532,63031,87
653532,66199,75
653532,66267,75
653532,70051,85
653532,70175,90
653532,71575,78
653532,71711,55
653532,71773,60
653532,74319,95
653532,74489,96
653532,77363,90
653532,78629,80
653532,78881,90
653532,79017,77
653532,80857,70
653532,85187,78
653532,85235,90
653532,85250,85
653532,85282,85
653532,85335,65
653532,85388,80
653532,85400,100
653532,85464,90
653532,85598,90
653532,85663,90
653532,85666,89
653532,85669,80
653532,85671,80
653532,85793,92
653532,85848,70
653532,85968,75
653532,85987,70
653532,86136,85
653532,86388,95
653532,86410,93
653532,86552,85
653532,86632,65
653532,86655,90
653532,87170,91
653532,87260,78
653532,87423,93
653532,89730,70
653532,90911,70
653532,91247,93
653532,95170,75
653532,95338,80
653532,95840,80
653532,96626,90
653532,97460,55
653532,98397,85
653532,99271,70
653532,99536,87
653532,99670,100
653532,99869,92
653532,99870,92
653532,100304,80
653532,100674,85
653532,101932,75
653532,104831,65
653532,104888,75
653532,105384,70
653532,106174,75
653532,107013,93
653532,109307,80
653532,110880,60
653532,111233,95
653532,113005,78
653532,115174,90
653532,116186,78
653532,116671,90
653532,116827,75
653532,120760,80
653532,130045,92
653532,142840,73
653532,156669,65
653532,194075,77
875859,38157,80
875859,51525,90
875859,53390,100
875859,54294,100
875859,54692,90
875859,75143,80
875859,85395,80
875859,85486,80
875859,85624,90
875859,85911,100
875859,86149,70
875859,86635,70
875859,87154,90
875859,87178,60
875859,92493,100
875859,93433,70
875859,94915,60
875859,98350,80
875859,98446,70
875859,98544,80
875859,99435,80
875859,99737,60
875859,99890,70
875859,101561,80
875859,102259,90
875859,102988,100
875859,103036,90
875859,103907,50
875859,103995,70
875859,104533,80
875859,105416,30
875859,106667,70
875859,107521,70
875859,109441,90
875859,109501,90
875859,110095,80
875859,110865,80
875859,111140,90
875859,111283,80
875859,111900,50
875859,113524,60
875859,114391,80
875859,114592,80
875859,114714,80
875859,116633,90
875859,117265,70
875859,119257,100
875859,120435,70
875859,120440,90
875859,121468,60
875859,121806,80
875859,121952,70
875859,122060,90
875859,122739,80
875859,125346,90
875859,125443,70
875859,125583,70
875859,127169,80
875859,128965,80
875859,128998,80
875859,130081,40
875859,130484,60
875859,131379,70
875859,134677,90
875859,134881,90
875859,136024,80
875859,139573,70
875859,139642,30
875859,139661,90
875859,140475,90
875859,141013,90
875859,141105,80
875859,141199,90
875859,142894,80
875859,143003,70
875859,143905,30
875859,144006,90
875859,144383,80
875859,145073,90
875859,145208,40
875859,145306,70
875859,145525,80
875859,147585,50
875859,149291,70
875859,149483,30
875859,150664,60
875859,152427,50
875859,153659,60
875859,153948,80
875859,155136,80
875859,156601,90
875859,157735,90
875859,159142,80
875859,160166,50
875859,160573,70
875859,162856,70
875859,165201,70
875859,166885,80
875859,168520,90
875859,168656,90
128613,30021,90
128613,30025,90
128613,30587,90
128613,30908,90
128613,31709,50
128613,33526,60
128613,33986,50
128613,34632,100
128613,35293,30
128613,37776,90
128613,40552,100
128613,43001,90
128613,48883,30
128613,51111,50
128613,63391,50
128613,76222,50
128613,78151,90
128613,78881,50
128613,79265,60
128613,81855,70
128613,81857,70
128613,85187,30
128613,85247,90
128613,85322,50
128613,85486,90
128613,85637,10
128613,86310,70
128613,86607,50
128613,90240,60
128613,96260,60
128613,97824,80
128613,98354,85
128613,98817,70
128613,101268,50
128613,101586,30
128613,101867,70
128613,102317,70
128613,102989,90
128613,105054,50
128613,105778,70
128613,109310,70
128613,110163,50
128613,111434,50
128613,112267,70
128613,116310,50
128613,116631,50
128613,117195,70
128613,120760,70
128613,127564,90
128613,132029,90
128613,141238,30
128613,147647,90
128613,150440,70
128613,166116,30
128613,167794,70
128613,168037,50
128613,168162,50
128613,174365,90
128613,174546,30
128613,174857,70
128613,175424,90
128613,175904,50
128613,176954,70
128613,178096,70
128613,180739,90
128613,180752,90
128613,180881,90
128613,181289,30
128613,181892,30
128613,182515,70
128613,182696,90
128613,182911,70
128613,183442,70
128613,184660,50
128613,185129,70
128613,186160,50
128613,186222,70
128613,186517,50
128613,187302,50
128613,187845,70
128613,189691,70
128613,191808,50
128613,192764,70
128613,193321,70
128613,194730,30
128613,199999,90
128613,201772,50
128613,202148,50
128613,204223,50
128613,206011,30
128613,207142,50
5790429,30074,90
5790429,30598,70
5790429,33438,90
5790429,33731,100
5790429,33986,90
5790429,34632,100
5790429,38573,90
5790429,39711,90
5790429,40010,70
5790429,50678,70
5790429,51618,70
5790429,75757,60
5790429,81855,70
5790429,81857,60
5790429,86171,70
5790429,86300,80
5790429,98346,50
5790429,105945,60
5790429,106922,60
5790429,111404,70
5519986,30001,95
5519986,30012,95
5519986,30013,100
5519986,30026,100
5519986,30085,95
5519986,30104,100
5519986,30436,90
5519986,30642,95
5519986,30656,90
5519986,30745,100
5519986,30908,95
5519986,30936,80
5519986,31133,90
5519986,31706,90
5519986,33014,80
5519986,34553,65
5519986,34632,100
5519986,41425,80
5519986,43992,95
5519986,53390,95
5519986,55515,85
5519986,63327,90
5519986,74347,90
5519986,74523,85
5519986,79865,95
5519986,85165,85
5519986,85189,90
5519986,85412,90
5519986,85486,80
5519986,85611,95
5519986,86123,70
5519986,86310,90
5519986,87170,100
5519986,87216,80
5519986,87217,90
5519986,87423,80
5519986,87459,85
5519986,94490,95
5519986,97852,90
5519986,98397,90
5519986,98416,85
5519986,98587,80
5519986,98835,85
5519986,99177,90
5519986,100994,90
5519986,101517,80
5519986,102988,75
5519986,105469,80
5519986,105778,80
5519986,107098,90
5519986,108066,85
5519986,110396,75
5519986,111233,75
5519986,117195,95
5519986,126693,85
5519986,129574,100
5519986,132029,85
5519986,142568,85
5519986,144946,80
5595439,30012,70
5595439,30051,100
5595439,30642,90
5595439,41425,80
5595439,46256,60
5595439,60779,80
5595439,66099,80
5595439,85887,70
5595439,86123,80
5595439,87442,70
5595439,91818,70
5595439,98836,70
5595439,103214,70
5595439,103252,50
5595439,105778,80
5595439,106232,70
5595439,116928,50
5595439,119174,100
5595439,120808,60
5595439,126135,90
5595439,142568,80
473455,30011,100
473455,30012,100
473455,30013,100
473455,30042,100
473455,30872,80
473455,31517,40
473455,31630,70
473455,31706,100
473455,33006,80
473455,33008,60
473455,33009,100
473455,55515,100
473455,60859,100
473455,66213,80
473455,74485,90
473455,84627,90
473455,86310,100
473455,86399,90
473455,86508,100
473455,98175,60
473455,99943,40
473455,100664,40
473455,100948,100
473455,101175,70
473455,101517,100
473455,103255,100
473455,120760,90
473455,129117,80
473455,132029,100
473455,138070,80
473455,138072,90
473455,142314,60
473455,142408,40
473455,142917,80
473455,168468,90
473455,169355,70
473455,198372,70
5628483,30012,100
5628483,30013,80
5628483,30026,100
5628483,30104,100
5628483,30267,100
5628483,30436,60
5628483,30656,100
5628483,31303,100
5628483,31706,100
5628483,33009,90
5628483,34632,80
5628483,47465,80
5628483,55515,100
5628483,58361,70
5628483,63327,85
5628483,74347,100
5628483,75996,60
5628483,85135,100
5628483,86265,90
5628483,87216,60
5628483,97553,50
5628483,100994,100
5628483,101517,80
5628483,101583,60
5628483,102988,20
5628483,105398,3
5628483,105469,70
5628483,105778,70
5628483,106130,90
5628483,107098,100
5628483,110140,100
5628483,112977,100
5628483,113981,75
5628483,116170,100
5628483,117195,50
5628483,124409,90
5628483,125025,100
5628483,125280,5
5628483,126135,70
5628483,137158,70
5628483,140065,40
5628483,144946,90
5628483,152198,50
5628483,169593,100
5628483,174291,80
5628483,179444,30
7318256,30002,100
7318256,30021,80
7318256,30026,80
7318256,30642,90
7318256,31133,70
7318256,74347,90
7318256,85135,90
7318256,85911,60
7318256,86082,100
7318256,86559,80
7318256,87170,90
7318256,87423,90
7318256,94095,70
7318256,98263,90
7318256,99346,80
7318256,101517,40
7318256,105263,60
7318256,105778,100
7318256,114791,90
7318256,118586,100
7318256,120760,60
7318256,122604,50
7318256,125828,60
7318256,127564,50
7318256,133945,60
7318256,139855,100
7318256,141157,90
7318256,142568,100
7318256,143516,60
7318256,144866,80
7318256,144946,80
7318256,149544,70
7318256,150440,90
7318256,153007,100
7318256,157808,70
7318256,163497,60
7318256,169355,100
7318256,174857,80
7318256,176740,90
7318256,178509,60
7318256,179484,80
7318256,180752,90
7318256,180881,80
7318256,185376,80
7318256,186517,60
7318256,187171,90
7318256,198817,70
7318256,199999,80
7318256,201249,30
7318256,201753,70
7318256,202081,60
7318256,206625,80
7318256,206835,70
7318256,207142,50
7318256,207440,80
7318256,209708,50
7318256,210422,70
7318256,210838,50
7318256,211972,60
7318256,213019,80
7318256,213229,70
7318256,213403,50
7318256,214687,50
7318256,215528,50
7318256,216119,60
7318256,216538,60
763026,30104,63
763026,45916,1
763026,53390,100
763026,63327,90
763026,67755,84
763026,72451,85
763026,74489,69
763026,79865,91
763026,85135,95
763026,85143,80
763026,85199,94
763026,85215,89
763026,85486,70
763026,86099,75
763026,86681,89
763026,86770,90
763026,86785,87
763026,86964,98
763026,87216,77
763026,87423,70
763026,96842,81
763026,97553,97
763026,97830,85
763026,97852,100
763026,98232,70
763026,100568,88
763026,100954,70
763026,101233,67
763026,101517,97
763026,101864,76
763026,105263,78
763026,105398,100
763026,105469,91
763026,105778,96
763026,106130,87
763026,107237,70
763026,110462,39
763026,113666,1
763026,114960,86
763026,116643,72
763026,117195,95
763026,117536,24
763026,118586,90
763026,118644,74
763026,119174,93
763026,119257,100
763026,123573,100
763026,125636,73
763026,129574,100
763026,130229,82
763026,132624,72
763026,138570,70
7103320,85850,100
7103320,97973,90
7103320,100805,100
7103320,100885,100
7103320,107254,100
7103320,109160,100
7103320,112485,90
7103320,113350,80
7103320,117324,100
7103320,120149,100
7103320,121801,90
7103320,122402,100
7103320,124156,100
7103320,126443,90
7103320,128791,100
7103320,128826,80
7103320,129247,90
7103320,129384,100
7103320,129407,100
7103320,129774,90
7103320,130116,100
7103320,130665,100
7103320,131640,100
7103320,131898,100
7103320,132263,70
7103320,132403,70
7103320,132954,100
7103320,133801,90
7103320,133972,100
7103320,134389,80
7103320,135018,90
7103320,138362,80
7103320,141958,100
7103320,143079,100
7103320,143350,100
7103320,143637,70
7103320,144209,100
7103320,146393,80
7103320,146698,80
7103320,150858,100
7103320,152905,100
7103320,154074,100
7103320,155420,100
7103320,155465,80
7103320,157250,100
7103320,163534,100
7103320,164221,100
7103320,165673,100
7103320,166296,80
7103320,166619,100
7103320,168509,100
7103320,168843,100
7103320,169074,100
7103320,169386,100
7103320,170485,70
7103320,171804,100
7103320,172779,100
7103320,173936,100
7103320,174915,90
7103320,176815,100
7103320,177302,100
7103320,177488,100
7103320,177766,60
7103320,178842,100
7103320,179319,100
7103320,180346,100
7103320,182516,80
7103320,184548,100
7103320,185905,80
7103320,186423,100
7103320,186581,80
7103320,188223,100
7103320,188420,100
7103320,188480,90
7103320,188558,90
7103320,189164,100
7103320,189719,100
7103320,189884,80
7103320,189998,70
7103320,190148,100
7103320,190196,100
7103320,191071,90
7103320,191732,90
7103320,192006,100
7103320,192220,100
7103320,193819,80
7103320,194345,100
7103320,194644,80
7103320,195127,100
7103320,196161,80
7103320,196717,100
7103320,201935,100
7235937,30002,100
7235937,30003,100
7235937,30013,100
7235937,30022,95
7235937,30026,100
7235937,30028,100
7235937,30642,100
7235937,30656,100
7235937,30743,85
7235937,31706,100
7235937,33031,100
7235937,33731,95
7235937,33749,90
7235937,34632,100
7235937,37375,100
7235937,39547,90
7235937,44790,95
7235937,46765,100
7235937,47353,70
7235937,63327,100
7235937,65243,100
7235937,74347,95
7235937,74489,100
7235937,75143,95
7235937,85135,100
7235937,85226,85
7235937,85486,95
7235937,85611,100
7235937,86123,90
7235937,86635,90
7235937,87178,60
7235937,87216,80
7235937,97553,95
7235937,97830,80
7235937,98416,85
7235937,100568,100
7235937,100994,95
7235937,101517,90
7235937,105398,80
7235937,105778,90
7235937,106130,85
7235937,107098,90
7235937,117195,70
7235937,118371,95
7235937,132182,95
7235937,135129,100
7235937,140475,90
7235937,142568,85
7235937,168468,70
7024935,30002,90
7024935,30003,90
7024935,30026,90
7024935,30436,80
7024935,30642,100
7024935,30936,90
7024935,31133,80
7024935,33731,90
7024935,34632,100
7024935,37375,100
7024935,47465,100
7024935,53390,80
7024935,63327,80
7024935,65573,100
7024935,68071,100
7024935,86082,100
7024935,86551,80
7024935,97830,90
7024935,98263,90
7024935,105778,100
7024935,118586,90
5288852,30001,100
5288852,30002,100
5288852,30003,100
5288852,30007,100
5288852,30011,40
5288852,30012,80
5288852,30013,100
5288852,30021,70
5288852,30025,100
5288852,30026,100
5288852,30028,100
5288852,30030,90
5288852,30044,100
5288852,30051,100
5288852,30102,100
5288852,30106,100
5288852,30304,90
5288852,30375,100
5288852,30401,80
5288852,30418,90
5288852,30436,70
5288852,30481,90
5288852,30584,10
5288852,30598,80
5288852,30642,100
5288852,30656,100
5288852,30676,80
5288852,30698,30
5288852,30705,80
5288852,30715,90
5288852,30726,70
5288852,30743,70
5288852,30745,80
5288852,30756,90
5288852,30872,80
5288852,30894,60
5288852,30908,80
5288852,31032,80
5288852,31061,90
5288852,31155,90
5288852,31224,100
5288852,31397,90
5288852,31517,30
5288852,31630,90
5288852,31706,100
5288852,32598,70
5288852,33006,80
5288852,33008,50
5288852,33009,90
5288852,33014,70
5288852,33082,100
5288852,33299,100
5288852,33367,80
5288852,33403,80
5288852,34632,100
5288852,37887,80
5288852,38157,100
5288852,39546,90
5288852,39711,100
5288852,40552,100
5288852,41054,90
5288852,41652,90
5288852,43492,100
5288852,44369,50
5288852,44790,90
5288852,47207,80
5288852,47517,80
5288852,49672,50
5288852,51419,100
5288852,51525,100
5288852,52993,60
5288852,53390,50
5288852,53718,60
5288852,54294,80
5288852,54692,100
5288852,55132,20
5288852,55515,80
5288852,56491,70
5288852,57823,20
5288852,58107,70
5288852,60315,80
5288852,60871,70
5288852,63327,60
5288852,65003,80
5288852,65243,100
5288852,65733,100
5288852,66615,90
5288852,67013,70
5288852,67707,100
5288852,69883,80
5288852,70053,30
5288852,72451,100
5288852,73969,80
5288852,74037,100
5288852,74347,70
5288852,74485,60
5288852,74489,80
5288852,74501,80
5288852,74733,40
5288852,74949,100
5288852,75613,10
5288852,76222,20
5288852,76716,60
5288852,80145,20
5288852,82277,70
5288852,85135,100
5288852,85143,100
5288852,85160,50
5288852,85189,100
5288852,85307,80
5288852,85316,100
5288852,85442,60
5288852,85471,30
5288852,85486,30
5288852,85611,70
5288852,85734,80
5288852,85793,80
5288852,85802,10
5288852,85911,20
5288852,86123,80
5288852,86206,100
5288852,86218,90
5288852,86303,60
5288852,86310,80
5288852,86481,70
5288852,86526,10
5288852,86551,100
5288852,86560,100
5288852,86568,90
5288852,86635,100
5288852,86691,80
5288852,86717,100
5288852,87007,20
5288852,87008,30
5288852,87170,70
5288852,87178,40
5288852,87216,60
5288852,87296,100
5288852,87347,80
5288852,87423,80
5288852,87440,60
5288852,88145,30
5288852,92130,40
5288852,93940,70
5288852,94745,60
5288852,95221,100
5288852,97080,80
5288852,97362,100
5288852,97830,90
5288852,97852,50
5288852,98235,80
5288852,98351,100
5288852,98416,90
5288852,98686,60
5288852,98842,100
5288852,99189,80
5288852,99609,50
5288852,99943,10
5288852,100230,40
5288852,100238,80
5288852,100664,60
5288852,100885,20
5288852,100937,60
5288852,101177,100
5288852,101517,30
5288852,101745,70
5288852,102170,80
5288852,102476,100
5288852,102988,10
5288852,103255,80
5288852,104476,40
5288852,105139,80
5288852,105398,70
5288852,105469,80
5288852,105641,80
5288852,105778,100
5288852,106130,20
5288852,106933,70
5288852,107237,100
5288852,107363,30
5288852,107620,60
5288852,108556,100
5288852,110393,100
5288852,110926,80
5288852,111233,100
5288852,112579,80
5288852,112782,20
5288852,114613,90
5288852,114960,80
5288852,117195,30
5288852,117802,80
5288852,118586,100
5288852,120957,60
5288852,132029,90
5288852,138072,100
5288852,138817,60
5288852,141262,50
5288852,149544,100
5288852,164247,100
5288852,178222,80
15099,30009,80
15099,30010,90
15099,30011,60
15099,30012,70
15099,30016,80
15099,30017,70
15099,30021,80
15099,30022,90
15099,30026,80
15099,30027,75
15099,30028,70
15099,30029,80
15099,30030,90
15099,30031,90
15099,30035,50
15099,30038,60
15099,30053,90
15099,30057,70
15099,30071,70
15099,30077,70
15099,30078,70
15099,30085,80
15099,30102,70
15099,30104,80
15099,30106,90
15099,30107,80
15099,30109,70
15099,30110,50
15099,30113,90
15099,30118,60
15099,30119,80
15099,30128,80
15099,30130,70
15099,30133,100
15099,30157,70
15099,30209,100
15099,30218,50
15099,30225,70
15099,30226,60
15099,30227,60
15099,30240,70
15099,30241,80
15099,30250,80
15099,30257,70
15099,30267,80
15099,30291,70
15099,30332,90
15099,30333,60
15099,30338,80
15099,30391,80
15099,30396,70
15099,30397,70
15099,30422,70
15099,30448,80
15099,30452,70
15099,30472,80
15099,30475,80
15099,30485,60
15099,30500,80
15099,30526,80
15099,30538,80
15099,30548,70
15099,30552,70
15099,30559,80
15099,30585,90
15099,30610,90
15099,30628,90
15099,30633,60
15099,30635,80
15099,30647,70
15099,30697,80
15099,30729,80
15099,30765,60
15099,30788,50
15099,30797,70
15099,30820,70
15099,30857,70
15099,30885,80
15099,30887,70
15099,30892,80
15099,30907,90
15099,30975,80
15099,30993,80
15099,31017,60
15099,31061,85
15099,31170,70
15099,31213,50
15099,31350,70
15099,31376,80
15099,31439,70
15099,31571,70
15099,31617,70
15099,31804,75
15099,31999,70
15099,32002,60
15099,32003,70
15099,32004,60
15099,32116,70
15099,32222,70
15099,32231,70
15099,32575,60
15099,32619,70
15099,32620,70
15099,32704,90
15099,32705,60
15099,32735,70
15099,32759,70
15099,32761,70
15099,32762,60
15099,32763,70
15099,32764,40
15099,32807,70
15099,32808,70
15099,33520,70
15099,33735,70
15099,33738,70
15099,33866,70
15099,34066,60
15099,34318,70
15099,34423,90
15099,35230,70
15099,35255,70
15099,35280,60
15099,35285,80
15099,35293,60
15099,35360,50
15099,35507,70
15099,35566,70
15099,35748,70
15099,35970,70
15099,36404,70
15099,36923,70
15099,37253,70
15099,37668,80
15099,37888,80
15099,38878,70
15099,39093,60
15099,39296,90
15099,39699,80
15099,39864,70
15099,40309,70
15099,40603,70
15099,40837,70
15099,40878,70
15099,41140,70
15099,41734,90
15099,41878,70
15099,41978,70
15099,42554,80
15099,43245,80
15099,43337,70
15099,43382,60
15099,43826,60
15099,44120,90
15099,45021,80
15099,46061,70
15099,46685,60
15099,49734,70
15099,62037,70
6774349,30001,80
6774349,30002,80
6774349,30003,70
6774349,30011,70
6774349,30012,60
6774349,30013,70
6774349,30021,60
6774349,30043,70
6774349,30051,80
6774349,30149,100
6774349,30393,70
6774349,30436,80
6774349,30465,80
6774349,30481,80
6774349,30583,70
6774349,30585,90
6774349,30598,50
6774349,30669,60
6774349,30676,60
6774349,30743,60
6774349,30745,90
6774349,30909,60
6774349,30912,80
6774349,30936,80
6774349,31032,80
6774349,31061,80
6774349,31133,80
6774349,31211,80
6774349,31363,80
6774349,31400,70
6774349,31459,80
6774349,31557,50
6774349,31675,70
6774349,31706,80
6774349,32435,70
6774349,33004,60
6774349,33102,60
6774349,33256,70
6774349,33285,80
6774349,33731,70
6774349,33749,80
6774349,33992,80
6774349,34453,80
6774349,34632,80
6774349,35273,80
6774349,38070,80
6774349,38872,70
6774349,38967,90
6774349,39547,80
6774349,40846,100
6774349,41366,70
6774349,41734,80
6774349,41862,60
6774349,44127,70
6774349,44440,70
6774349,45805,80
6774349,46081,90
6774349,46144,100
6774349,46688,60
6774349,47111,70
6774349,47149,70
6774349,47465,80
6774349,47800,50
6774349,48774,70
6774349,51138,60
6774349,51498,90
6774349,51499,90
6774349,53900,100
6774349,54705,80
6774349,56479,80
6774349,58361,70
6774349,58533,80
6774349,59983,50
6774349,63327,80
6774349,64053,100
6774349,66267,80
6774349,66531,60
6774349,66903,70
6774349,68071,70
6774349,71769,70
6774349,71973,80
6774349,74255,50
6774349,74347,60
6774349,74489,100
6774349,75275,60
6774349,76258,80
6774349,79865,90
6774349,80027,70
6774349,81493,90
6774349,82325,60
6774349,85135,80
6774349,85143,70
6774349,85155,40
6774349,85165,70
6774349,85208,40
6774349,85235,70
6774349,85268,60
6774349,85399,80
6774349,85402,60
6774349,85412,90
6774349,85413,80
6774349,85486,60
6774349,85611,70
6774349,85662,70
6774349,85734,80
6774349,85748,80
6774349,85849,90
6774349,85895,60
6774349,86082,100
6774349,86136,80
6774349,86218,100
6774349,86244,70
6774349,86265,90
6774349,86268,60
6774349,86410,70
6774349,86640,60
6774349,86770,70
6774349,86848,50
6774349,86964,70
6774349,87170,70
6774349,87208,90
6774349,87216,80
6774349,87217,100
6774349,87234,70
6774349,87235,70
6774349,87449,70
6774349,87459,80
6774349,87471,80
6774349,87474,80
6774349,88234,60
6774349,89299,60
6774349,90310,60
6774349,91247,70
6774349,96542,50
6774349,97418,80
6774349,97553,80
6774349,97615,60
6774349,97724,90
6774349,97852,60
6774349,98148,60
6774349,98188,60
6774349,98264,70
6774349,98305,90
6774349,98328,60
6774349,98397,80
6774349,98587,70
6774349,98668,70
6774349,98806,70
6774349,99005,70
6774349,99065,80
6774349,99140,70
6774349,99318,60
6774349,99356,80
6774349,99360,70
6774349,99385,60
6774349,99404,70
6774349,100080,80
6774349,100171,60
6774349,100172,60
6774349,100488,90
6774349,100504,70
6774349,100557,70
6774349,100568,70
6774349,100863,70
6774349,100954,60
6774349,100991,80
6774349,100994,80
6774349,101441,80
6774349,101517,70
6774349,101982,70
6774349,102047,70
6774349,102354,70
6774349,103081,70
6774349,103082,40
6774349,103608,80
6774349,103629,80
6774349,103845,70
6774349,104045,80
6774349,104058,70
6774349,104151,70
6774349,104540,100
6774349,104641,70
6774349,104677,100
6774349,105097,80
6774349,105166,60
6774349,105398,70
6774349,105422,70
6774349,105469,60
6774349,105675,80
6774349,105778,70
6774349,105808,50
6774349,106000,80
6774349,106176,70
6774349,106232,80
6774349,106331,90
6774349,106431,60
6774349,106726,100
6774349,106867,60
6774349,106966,70
6774349,107098,60
6774349,107267,50
6774349,107365,60
6774349,107462,70
6774349,107478,80
6774349,107898,80
6774349,107967,90
6774349,107987,80
6774349,108044,100
6774349,108695,80
6774349,108919,70
6774349,109056,70
6774349,109651,60
6774349,109661,80
6774349,109682,90
6774349,109710,90
6774349,110205,60
6774349,110396,80
6774349,110530,70
6774349,110720,90
6774349,110813,60
6774349,111168,70
6774349,111258,80
6774349,111464,70
6774349,111474,100
6774349,111658,70
6774349,111744,90
6774349,111970,70
6774349,112235,70
6774349,112458,80
6774349,112579,100
6774349,112621,80
6774349,112962,70
6774349,113586,80
6774349,113658,70
6774349,113981,80
6774349,114003,90
6774349,114027,90
6774349,114187,70
6774349,114798,70
6774349,114970,70
6774349,114991,70
6774349,115326,70
6774349,115747,70
6774349,116186,50
6774349,116671,40
6774349,116737,70
6774349,116808,70
6774349,117620,90
6774349,117925,80
6774349,118269,90
6774349,118586,80
6774349,118623,70
6774349,118695,80
6774349,119247,90
6774349,119257,80
6774349,120034,70
6774349,120535,90
6774349,120537,90
6774349,120649,60
6774349,120760,60
6774349,121949,80
6774349,122344,80
6774349,122993,70
6774349,123131,90
6774349,123558,80
6774349,123777,70
6774349,123868,80
6774349,124382,90
6774349,124885,60
6774349,125528,80
6774349,125594,80
6774349,125606,100
6774349,125751,80
6774349,125828,60
6774349,126135,90
6774349,126247,70
6774349,126292,60
6774349,126399,80
6774349,126693,80
6774349,126722,60
6774349,126769,80
6774349,126838,80
6774349,127122,80
6774349,127440,90
6774349,127894,90
6774349,128067,80
6774349,128651,50
6774349,128983,80
6774349,129135,70
6774349,129176,70
6774349,129443,70
6774349,129835,90
6774349,129970,90
6774349,130799,50
6774349,130872,80
6774349,134255,80
6774349,134367,80
6774349,134445,80
6774349,134480,80
6774349,134878,70
6774349,135798,80
6774349,135981,60
6774349,136109,100
6774349,136253,80
6774349,136609,60
6774349,136636,90
6774349,136739,50
6774349,136774,80
6774349,137158,80
6774349,137303,70
6774349,137989,70
6774349,138066,50
6774349,138347,70
6774349,138536,80
6774349,138603,80
6774349,138701,100
6774349,138884,60
6774349,139546,80
6774349,139975,80
6774349,140215,70
6774349,140461,80
6774349,140912,80
6774349,141756,80
6774349,142568,80
6774349,143216,100
6774349,145235,80
6774349,145268,80
6774349,145531,70
6774349,148311,60
6774349,148499,90
6774349,149544,80
6774349,150493,50
6774349,150835,70
6774349,151905,70
6774349,151909,90
6774349,152203,80
6774349,154008,80
6774349,154373,70
6774349,154526,90
6774349,155073,80
6774349,155225,60
6774349,155470,70
6774349,155471,100
6774349,155580,60
6774349,156935,80
6774349,157292,60
6774349,157559,80
6774349,158108,80
6774349,159925,90
6774349,160183,80
6774349,161477,80
6774349,161772,70
6774349,162236,70
6774349,163031,50
6774349,163224,90
6774349,163400,90
6774349,163923,80
6774349,164160,80
6774349,164581,80
6774349,165934,80
6774349,166870,60
6774349,166947,80
6774349,167284,60
6774349,167862,80
6774349,168037,70
6774349,169100,50
6774349,169154,70
6774349,169254,70
6774349,169343,60
6774349,169355,80
6774349,170101,40
6774349,170399,90
6774349,170735,70
6774349,171087,50
6774349,171544,80
6774349,171729,90
6774349,173281,80
6774349,173343,90
6774349,173359,70
6774349,174289,60
6774349,174361,60
6774349,174578,60
6774349,174875,80
6774349,175415,70
6774349,175451,70
6774349,176100,60
6774349,176259,70
6774349,176854,70
6774349,178039,50
6774349,178107,80
6774349,178167,70
6774349,180081,80
6774349,180657,70
6774349,180668,70
6774349,180940,60
6774349,181042,60
6774349,181062,60
6774349,181693,70
6774349,181754,60
6774349,183015,70
6774349,183115,50
6774349,183592,60
6774349,183815,70
6774349,184565,80
6774349,184863,90
6774349,186335,80
6774349,187604,70
6774349,187787,80
6774349,188979,70
6774349,191534,80
6774349,193389,70
6774349,196068,80
6774349,196095,80
6774349,198854,80
6774349,203494,90
